lat,lon,alt,eph,epv,vel,cog,satellites_visible,roll,pitch,yaw,rollspeed,pitchspeed,yawspeed,airspeed,groundspeed,heading,throttle,climb,label
0.0,0.0,0.0,0.0,0.0,0.0,0.0,0.0,-0.001146015478298068,-0.00036290191928856075,1.6211564540863037,-0.00031874317210167646,-0.00038014003075659275,-0.0007470075506716967,0.0,0.0,0.0,0.0,0.0,0
-353505339.0,1491759346.0,574650.0,121.0,200.0,0.0,602.0,10.0,-0.0011493265628814697,-0.0003636592300608754,1.621156930923462,-0.0002761178184300661,-0.0003050162922590971,-0.0007200245745480061,0.023514194414019585,0.023513827472925186,92.0,0.0,-0.00013106258120387793,0
-353505339.0,1491759346.0,574650.0,121.0,200.0,0.0,602.0,10.0,-0.0011436683125793934,-0.00035964534617960453,1.6211620569229126,-0.00017966446466743946,-0.0003225082764402032,-0.0007081459043547511,0.02350866049528122,0.023508204147219658,92.0,0.0,-0.00014693995763082057,0
-353505339.0,1491759346.0,574650.0,121.0,200.0,0.0,602.0,10.0,-0.001143231289461255,-0.00036123741301707923,1.6211611032485962,-0.00027142080944031477,-0.0003797551617026329,-0.000774235581047833,0.02350866049528122,0.023508204147219658,92.0,0.0,-0.00014693995763082057,0
-353505339.0,1491759346.0,574650.0,121.0,200.0,0.0,602.0,10.0,-0.0011429083533585072,-0.00036037704558111727,1.6211655139923096,-0.00033189135137945414,-0.00037595618050545454,-0.0007613736670464277,0.02357480116188526,0.0235743410885334,92.0,0.0,-0.0001470626302761957,0
-353505339.0,1491759346.0,574650.0,121.0,200.0,0.0,602.0,10.0,-0.001143137109465897,-0.0003659820940811187,1.6211683750152588,-0.00023186998441815376,-0.0002806612756103277,-0.0007754855323582888,0.02353803813457489,0.023537589237093925,92.0,0.0,-0.00014549389015883207,0
-353505339.0,1491759346.0,574650.0,121.0,200.0,0.0,602.0,10.0,-0.001143609406426549,-0.0003638637426774949,1.6211730241775513,-0.00022464594803750515,-0.0002859726082533598,-0.000786494230851531,0.023584991693496704,0.02358468808233738,92.0,0.0,-0.0001198717363877222,0
-353505339.0,1491759346.0,574650.0,121.0,200.0,0.0,602.0,10.0,-0.001142390538007021,-0.0003627141995821148,1.6211732625961304,-0.00027892005164176226,-0.00030333048198372126,-0.0007730628130957484,0.0235283225774765,0.023528151214122772,92.0,0.0,-8.97786594578065e-05,0
-353505339.0,1491759346.0,574650.0,121.0,200.0,0.0,602.0,10.0,-0.0011438449146226048,-0.0003637814079411328,1.6211731433868408,-0.00027833867352455854,-0.00036671303678303957,-0.00074772909283638,0.02349224127829075,0.02349218726158142,92.0,0.0,-5.064200013293885e-05,0
-353505339.0,1491759346.0,574650.0,121.0,200.0,0.0,602.0,10.0,-0.001143028144724667,-0.000360731384716928,1.6211766004562378,-0.0003070960519835353,-0.0003459039144217968,-0.0007707074983045459,0.023500924929976463,0.023500876501202583,92.0,0.0,-4.711278961622156e-05,0
-353505339.0,1491759346.0,574650.0,121.0,200.0,0.0,602.0,10.0,-0.0011461859103292227,-0.00036020000698044896,1.6211780309677124,-0.00032162200659513474,-0.00031485792715102434,-0.0007781285094097257,0.023455116897821426,0.023455101996660233,92.0,0.0,-2.7387004593038e-05,0
-353505339.0,1491759346.0,574650.0,121.0,200.0,0.0,602.0,10.0,-0.0011417762143537402,-0.0003580719931051135,1.621179461479187,-0.0002715371083468199,-0.0002705516526475549,-0.0007858793251216412,0.023482540622353554,0.02348249964416027,92.0,0.0,-4.292447920306586e-05,0
-353505339.0,1491759346.0,574650.0,121.0,200.0,0.0,602.0,10.0,-0.0011463479604572058,-0.00035621077404357493,1.62118661403656,-0.00031752511858940125,-0.0003086850047111511,-0.000776702887378633,0.0236012265086174,0.023601017892360687,92.0,0.0,-9.86757077043876e-05,0
-353505339.0,1491759346.0,574650.0,121.0,200.0,0.0,602.0,10.0,-0.0011476394720375538,-0.0003591421991586685,1.6211864948272705,-0.00019954005256295204,-0.0003157620085403323,-0.0008277572924271226,0.023587238043546677,0.023586994037032127,92.0,0.0,-0.00010673388896975666,0
-353505339.0,1491759346.0,574650.0,121.0,200.0,0.0,602.0,10.0,-0.0011457860236987472,-0.0003585169033613056,1.6211918592453003,-0.0002716656308621168,-0.00033703376539051533,-0.0006782251875847578,0.023534120991826057,0.023533666506409645,92.0,0.0,-0.00014619491412304342,0
-353505339.0,1491759346.0,574650.0,121.0,200.0,0.0,602.0,10.0,-0.0011472246842458844,-0.00036414808710105717,1.6211936473846436,-0.0002788364654406905,-0.0003666513366624713,-0.0008174529066309333,0.0235906932502985,0.023590493947267532,92.0,0.0,-9.677939669927582e-05,0
-353505339.0,1491759346.0,574650.0,121.0,200.0,0.0,602.0,10.0,-0.0011410192819312215,-0.0003636376350186765,1.621195912361145,-0.00021712796296924353,-0.0003951349062845111,-0.0007511399453505874,0.023495309054851532,0.023495009168982506,92.0,0.0,-0.00011857253412017599,0
-353505339.0,1491759346.0,574650.0,121.0,200.0,0.0,602.0,10.0,-0.0011453619226813316,-0.00036273765726946294,1.6211992502212524,-0.00029210979118943214,-0.0003304005367681384,-0.0007254977244883776,0.023566612973809242,0.023566337302327156,92.0,0.0,-0.00011413214087951928,0
-353505339.0,1491759346.0,574650.0,121.0,200.0,0.0,602.0,10.0,-0.0011494018835946918,-0.000366629334166646,1.6212024688720703,-0.0002872550394386053,-0.0003919530427083373,-0.000720599084161222,0.023594381287693977,0.023593958467245102,92.0,0.0,-0.0001412560959579423,0
-353505339.0,1491759346.0,574650.0,121.0,200.0,0.0,602.0,10.0,-0.0011454318882897496,-0.00036124978214502335,1.621199607849121,-0.0002148583298549056,-0.00030504364985972643,-0.0007457704050466418,0.023516589775681496,0.023516036570072174,92.0,0.0,-0.00016173261974472553,0
-353505339.0,1491759346.0,574650.0,121.0,200.0,0.0,602.0,10.0,-0.0011493896599859,-0.0003649226564448327,1.6212031841278076,-0.00022521591745316982,-0.00033121195156127214,-0.0007646094309166074,0.023511873558163643,0.023511622101068497,92.0,0.0,-0.00010864200157811865,0
-353505339.0,1491759346.0,574650.0,121.0,200.0,0.0,602.0,10.0,-0.0011504944413900375,-0.0003681110392790288,1.6212091445922852,-0.0003165632952004671,-0.0003251542802900076,-0.0007108212448656559,0.0234235730022192,0.02342318370938301,92.0,0.0,-0.0001349489757558331,0
-353505339.0,1491759346.0,574650.0,121.0,200.0,0.0,602.0,10.0,-0.0011487453011795878,-0.00036469328915700316,1.621213436126709,-0.00032096891663968563,-0.00036216352600604296,-0.0007839635945856571,0.023457199335098267,0.02345711924135685,92.0,0.0,-6.127563392510638e-05,0
-353505339.0,1491759346.0,574650.0,121.0,200.0,0.0,602.0,10.0,-0.0011481873225420713,-0.0003645660472102463,1.6212185621261597,-0.0002342805964872241,-0.00020123471040278673,-0.000749162514694035,0.023457199335098267,0.02345711924135685,92.0,0.0,-6.127563392510638e-05,0
-353505339.0,1491759346.0,574650.0,121.0,200.0,0.0,602.0,10.0,-0.001146663329564035,-0.0003620939969550818,1.6212211847305298,-0.0002872477052733302,-0.0003371931379660964,-0.0007804114138707519,0.02337712235748768,0.023377113044261932,92.0,0.0,-2.057866549876053e-05,0
-353505339.0,1491759346.0,574650.0,121.0,200.0,0.0,602.0,10.0,-0.0011520199477672577,-0.0003673685132525861,1.6212254762649536,-0.00026569736655801535,-0.0003285178681835532,-0.0007284776074811816,0.023409979417920113,0.023409975692629814,92.0,0.0,1.0535090041230433e-05,0
-353505339.0,1491759346.0,574650.0,121.0,200.0,0.0,602.0,10.0,-0.0011462916154414415,-0.00036422524135559797,1.621227741241455,-0.00024053826928138733,-0.0003462651511654258,-0.0008158881682902575,0.02333509735763073,0.02333509363234043,92.0,0.0,-1.3750573089055251e-05,0
-353505339.0,1491759346.0,574650.0,121.0,200.0,0.0,602.0,10.0,-0.001145328744314611,-0.0003679065266624093,1.621225357055664,-0.00026848504785448313,-0.000371407950296998,-0.0007321437587961555,0.023418650031089783,0.023418644443154335,92.0,0.0,-1.3271634088596329e-05,0
-353505339.0,1491759346.0,574650.0,121.0,200.0,0.0,602.0,10.0,-0.0011487635783851147,-0.0003716211358550936,1.6212279796600342,-0.0002857681829482317,-0.00036313501186668873,-0.0008140940917655826,0.023309387266635895,0.023309379816055298,92.0,0.0,-1.744160908856429e-05,0
-353505339.0,1491759346.0,574650.0,121.0,200.0,0.0,602.0,10.0,-0.0011466604191809893,-0.00036683917278423905,1.6212230920791626,-0.00027034839149564505,-0.0003001132281497121,-0.0007695787353441119,0.02325630933046341,0.02325630746781826,92.0,0.0,1.4372078112501185e-05,0
-353505339.0,1491759346.0,574650.0,121.0,200.0,0.0,602.0,10.0,-0.0011505160946398973,-0.0003722633991856128,1.6212153434753418,-0.00028112262953072786,-0.0003847515909001231,-0.0007855818839743733,0.023310476914048195,0.023310452699661255,92.0,0.0,-3.283802288933657e-05,0
-353505339.0,1491759346.0,574650.0,121.0,200.0,0.0,602.0,10.0,-0.0011490267934277654,-0.00037236002390272915,1.6212127208709717,-0.0002920893020927906,-0.00040244695264846087,-0.0007697144756093621,0.02321162447333336,0.023211579769849777,92.0,0.0,-4.572840771288611e-05,0
-353505339.0,1491759346.0,574650.0,121.0,200.0,0.0,602.0,10.0,-0.0011547827161848545,-0.0003753737546503544,1.6212158203125,-0.00026918668299913406,-0.0003468206850811839,-0.0007158354856073856,0.0232560932636261,0.02325599640607834,92.0,0.0,-6.720402598148212e-05,0
-353505339.0,1491759346.0,574650.0,121.0,200.0,0.0,602.0,10.0,-0.0011545736342668533,-0.00037315598456189036,1.6212198734283447,-0.00031022552866488695,-0.0002707582898437977,-0.0007110784063115716,0.023146051913499832,0.023145977407693863,92.0,0.0,-5.8857054682448506e-05,0
-353505339.0,1491759346.0,574650.0,121.0,200.0,0.0,602.0,10.0,-0.001161710126325488,-0.0003752732591237873,1.6212272644042969,-0.0002486122539266944,-0.0003662238596007228,-0.000770856044255197,0.023104684427380562,0.023104621097445488,92.0,0.0,-5.4573622037423775e-05,0
-353505339.0,1491759346.0,574650.0,121.0,200.0,0.0,602.0,10.0,-0.0011658266885206103,-0.0003792544302996248,1.6212316751480103,-0.00025273754727095366,-0.0003392720827832818,-0.0007646551821380854,0.023006625473499298,0.023006509989500046,92.0,0.0,-7.286018080776557e-05,0
-353505339.0,1491759346.0,574650.0,121.0,200.0,0.0,602.0,10.0,-0.0011657398426905274,-0.0003784518630709499,1.6212373971939087,-0.00021789874881505966,-0.0003206166438758373,-0.0006383184809237719,0.022861678153276443,0.022861557081341743,92.0,0.0,-7.549401198048145e-05,0
-353505339.0,1491759346.0,574650.0,121.0,200.0,0.0,602.0,10.0,-0.0011735785519704223,-0.0003827676991932094,1.62123703956604,-0.00036492530489340425,-0.0002855481579899788,-0.000795762287452817,0.022861678153276443,0.022861557081341743,92.0,0.0,-7.549401198048145e-05,0
-353505339.0,1491759346.0,574650.0,121.0,200.0,0.0,602.0,10.0,-0.0011725170770660043,-0.00038075761403888464,1.6212408542633057,-0.0002942705759778619,-0.00035488849971443415,-0.0007953749736770988,0.02269235998392105,0.022692272439599037,92.0,0.0,-6.28401612630114e-05,0
-353505339.0,1491759346.0,574650.0,121.0,200.0,0.0,602.0,10.0,-0.0011805532267317176,-0.0003869812935590744,1.6212432384490967,-0.0003220302751287818,-0.00031324964947998524,-0.000749703380279243,0.02242325432598591,0.022423135116696358,92.0,0.0,-7.343060133280233e-05,0
-353505339.0,1491759346.0,574650.0,121.0,200.0,0.0,602.0,10.0,-0.0011841356754302979,-0.0003839620330836624,1.6212472915649414,-0.0002950495108962059,-0.00030737253837287426,-0.0007408001692965627,0.02239043638110161,0.02239028550684452,92.0,0.0,-8.188192441593856e-05,0
-353505339.0,1491759346.0,574650.0,121.0,200.0,0.0,602.0,10.0,-0.0011841356754302979,-0.0003839620330836624,1.6212472915649414,-0.0002950495108962059,-0.00030737253837287426,-0.0007408001692965627,0.02239043638110161,0.02239028550684452,92.0,0.0,-8.188192441593856e-05,0
-353505339.0,1491759346.0,574650.0,121.0,200.0,0.0,602.0,10.0,-0.0012009766651317477,-0.0003933502302970737,1.6212509870529175,-0.000257758772931993,-0.0003512167604640126,-0.0007089714054018259,0.02228540927171707,0.02228512056171894,92.0,0.0,-0.00011320124758640304,0
-353505339.0,1491759346.0,574650.0,121.0,200.0,0.0,602.0,10.0,-0.0012009766651317477,-0.0003933502302970737,1.6212509870529175,-0.000257758772931993,-0.0003512167604640126,-0.0007089714054018259,0.02228540927171707,0.02228512056171894,92.0,0.0,-0.00011320124758640304,0
-353505339.0,1491759346.0,574650.0,121.0,200.0,0.0,602.0,10.0,-0.0012075839331373572,-0.0003960316244047135,1.6212594509124756,-0.00027579686138778925,-0.00029784836806356907,-0.0007716644322499633,0.02187533862888813,0.021875157952308655,92.0,0.0,-8.842632087180391e-05,0
-353505339.0,1491759346.0,574650.0,121.0,200.0,0.0,602.0,10.0,-0.0012075839331373572,-0.0003960316244047135,1.6212594509124756,-0.00027579686138778925,-0.00029784836806356907,-0.0007716644322499633,0.02187533862888813,0.021875157952308655,92.0,0.0,-8.842632087180391e-05,0
-353505339.0,1491759346.0,574650.0,121.0,200.0,0.0,602.0,10.0,-0.0012204463128000498,-0.00040787822217680514,1.6212654113769531,-0.0003099425230175257,-0.00033446087036281824,-0.0008182059973478317,0.02165117859840393,0.02165117859840393,92.0,0.0,4.889590854872949e-06,0
-353505339.0,1491759346.0,574650.0,121.0,200.0,0.0,602.0,10.0,-0.0012204463128000498,-0.00040787822217680514,1.6212654113769531,-0.0003099425230175257,-0.00033446087036281824,-0.0008182059973478317,0.02165117859840393,0.02165117859840393,92.0,0.0,4.889590854872949e-06,0
-353505339.0,1491759346.0,574650.0,121.0,200.0,0.0,602.0,10.0,-0.0012204463128000498,-0.00040787822217680514,1.6212654113769531,-0.0003099425230175257,-0.00033446087036281824,-0.0008182059973478317,0.02165117859840393,0.02165117859840393,92.0,0.0,4.889590854872949e-06,0
-353505339.0,1491759346.0,574650.0,121.0,200.0,0.0,602.0,10.0,-0.0012403554283082485,-0.0004192134365439415,1.6212769746780396,-0.00023612624499946833,-0.00027395866345614195,-0.000755459419451654,0.02159801684319973,0.021597970277071,92.0,2.0,4.592420737026259e-05,0
-353505339.0,1491759346.0,574650.0,121.0,200.0,0.0,602.0,10.0,-0.0012403554283082485,-0.0004192134365439415,1.6212769746780396,-0.00023612624499946833,-0.00027395866345614195,-0.000755459419451654,0.02159801684319973,0.021597970277071,92.0,2.0,4.592420737026259e-05,0
-353505339.0,1491759346.0,574650.0,121.0,200.0,0.0,2265.0,10.0,-0.0012617004103958607,-0.0004310404183343053,1.6212773323059082,-0.00031439110171049833,-0.00033642665948718786,-0.0008194576948881149,0.0215549748390913,0.021554920822381973,92.0,14.0,4.850499681197107e-05,0
-353505339.0,1491759346.0,574650.0,121.0,200.0,0.0,2265.0,10.0,-0.0012617004103958607,-0.0004310404183343053,1.6212773323059082,-0.00031439110171049833,-0.00033642665948718786,-0.0008194576948881149,0.0215549748390913,0.021554920822381973,92.0,14.0,4.850499681197107e-05,0
-353505339.0,1491759346.0,574650.0,121.0,200.0,0.0,20844.0,10.0,-0.00127405917737633,-0.0004404009960126132,1.6212877035140991,-0.0002922988496720791,-0.00029877759516239166,-0.0007599376840516925,0.021355926990509033,0.021355926990509033,92.0,27.0,3.589476136767189e-06,0
-353505339.0,1491759346.0,574650.0,121.0,200.0,0.0,20844.0,10.0,-0.00127405917737633,-0.0004404009960126132,1.6212877035140991,-0.0002922988496720791,-0.00029877759516239166,-0.0007599376840516925,0.021355926990509033,0.021355926990509033,92.0,27.0,3.589476136767189e-06,0
-353505339.0,1491759346.0,574650.0,121.0,200.0,0.0,20351.0,10.0,-0.0012959246523678303,-0.0004533384635578841,1.621290683746338,-0.00032502005342394114,-0.00035847933031618595,-0.0007839100435376167,0.03915955871343613,0.021292049437761307,92.0,38.0,0.03286517411470413,0
-353505339.0,1491759346.0,574650.0,121.0,200.0,0.0,20351.0,10.0,-0.0012959246523678303,-0.0004533384635578841,1.621290683746338,-0.00032502005342394114,-0.00035847933031618595,-0.0007839100435376167,0.03915955871343613,0.021292049437761307,92.0,38.0,0.03286517411470413,0
-353505339.0,1491759346.0,574650.0,121.0,200.0,0.0,20292.0,10.0,-0.0013160337693989277,-0.00046790350461378694,1.6212974786758423,-0.00028556049801409245,-0.00035693729296326637,-0.0007368203951045871,0.17266204953193665,0.021561015397310257,92.0,42.0,0.17131054401397705,0
-353505339.0,1491759346.0,574650.0,121.0,200.0,0.0,20292.0,10.0,-0.0013160337693989277,-0.00046790350461378694,1.6212974786758423,-0.00028556049801409245,-0.00035693729296326637,-0.0007368203951045871,0.17266204953193665,0.021561015397310257,92.0,42.0,0.17131054401397705,0
-353505339.0,1491759346.0,574710.0,121.0,200.0,0.0,22927.0,10.0,-0.0013333397218957543,-0.0004848748503718525,1.6212968826293945,-0.0002710622502490878,-0.00034732522908598185,-0.0008263943018391728,0.30859947204589844,0.021818486973643303,92.0,48.0,0.3078272044658661,0
-353505339.0,1491759346.0,574710.0,121.0,200.0,0.0,22927.0,10.0,-0.0013333397218957543,-0.0004848748503718525,1.6212968826293945,-0.0002710622502490878,-0.00034732522908598185,-0.0008263943018391728,0.30859947204589844,0.021818486973643303,92.0,48.0,0.3078272044658661,0
-353505339.0,1491759346.0,574710.0,121.0,200.0,0.0,22927.0,10.0,-0.0013333397218957543,-0.0004848748503718525,1.6212968826293945,-0.0002710622502490878,-0.00034732522908598185,-0.0008263943018391728,0.30859947204589844,0.021818486973643303,92.0,48.0,0.3078272044658661,0
-353505339.0,1491759346.0,574780.0,121.0,200.0,0.0,22004.0,10.0,0.0012968330411240458,0.0014742937637493014,1.6213417053222656,0.015178131870925426,0.011464073322713375,-0.00038088811561465263,1.034740924835205,0.019883757457137108,92.0,32.0,1.0345499515533447,0
-353505339.0,1491759346.0,574780.0,121.0,200.0,0.0,22004.0,10.0,0.0012968330411240458,0.0014742937637493014,1.6213417053222656,0.015178131870925426,0.011464073322713375,-0.00038088811561465263,1.034740924835205,0.019883757457137108,92.0,32.0,1.0345499515533447,0
-353505339.0,1491759346.0,574930.0,121.0,200.0,0.0,22083.0,10.0,0.002504812553524971,0.0023799024056643248,1.6214253902435303,-0.0025116836186498404,-0.0033505004830658436,-0.0005727567477151752,1.200284719467163,0.01096379105001688,92.0,35.0,1.2002346515655518,0
-353505339.0,1491759346.0,574930.0,121.0,200.0,0.0,22083.0,10.0,0.002504812553524971,0.0023799024056643248,1.6214253902435303,-0.0025116836186498404,-0.0033505004830658436,-0.0005727567477151752,1.200284719467163,0.01096379105001688,92.0,35.0,1.2002346515655518,0
-353505339.0,1491759346.0,575160.0,121.0,200.0,1.0,22090.0,10.0,0.0006669840076938272,0.0009619862539693713,1.6214572191238403,-0.01018069963902235,-0.0074042947962880135,-0.0007533495081588626,1.2097491025924683,0.0031170565634965897,92.0,41.0,1.2097450494766235,0
-353505339.0,1491759346.0,575160.0,121.0,200.0,1.0,22090.0,10.0,0.0006669840076938272,0.0009619862539693713,1.6214572191238403,-0.01018069963902235,-0.0074042947962880135,-0.0007533495081588626,1.2097491025924683,0.0031170565634965897,92.0,41.0,1.2097450494766235,0
-353505339.0,1491759346.0,575640.0,121.0,200.0,2.0,22042.0,10.0,-0.0015039336867630482,-0.0007037597242742777,1.621459722518921,-0.005456996615976095,-0.0038024503737688065,-0.0008002088870853186,1.4514013528823853,0.002918371232226491,92.0,41.0,1.451398491859436,0
-353505339.0,1491759346.0,575640.0,121.0,200.0,2.0,22042.0,10.0,-0.0015039336867630482,-0.0007037597242742777,1.621459722518921,-0.005456996615976095,-0.0038024503737688065,-0.0008002088870853186,1.4514013528823853,0.002918371232226491,92.0,41.0,1.451398491859436,0
-353505339.0,1491759346.0,575640.0,121.0,200.0,2.0,22042.0,10.0,-0.0015039336867630482,-0.0007037597242742777,1.621459722518921,-0.005456996615976095,-0.0038024503737688065,-0.0008002088870853186,1.4514013528823853,0.002918371232226491,92.0,41.0,1.451398491859436,0
-353505339.0,1491759345.0,575930.0,121.0,200.0,2.0,22003.0,10.0,-0.0025336809922009706,-0.0014056795043870807,1.6214748620986938,-0.004048978444188833,0.000831873738206923,-0.0007533865282312036,1.7004433870315552,0.005769696086645126,92.0,42.0,1.700433611869812,0
-353505339.0,1491759345.0,575930.0,121.0,200.0,2.0,22003.0,10.0,-0.0025336809922009706,-0.0014056795043870807,1.6214748620986938,-0.004048978444188833,0.000831873738206923,-0.0007533865282312036,1.7004433870315552,0.005769696086645126,92.0,42.0,1.700433611869812,0
-353505339.0,1491759344.0,576250.0,121.0,200.0,1.0,21938.0,10.0,-0.002660957630723715,-0.0016645051073282957,1.6214861869812012,0.00042940746061503887,0.0004773220280185342,-0.0008161705918610096,1.9603646993637085,0.011518403887748718,92.0,42.0,1.9603309631347656,0
-353505339.0,1491759344.0,576250.0,121.0,200.0,1.0,21938.0,10.0,-0.002660957630723715,-0.0016645051073282957,1.6214861869812012,0.00042940746061503887,0.0004773220280185342,-0.0008161705918610096,1.9603646993637085,0.011518403887748718,92.0,42.0,1.9603309631347656,0
-353505339.0,1491759344.0,576620.0,121.0,200.0,1.0,21784.0,10.0,-0.0023005076218396425,-0.0019309326307848096,1.6214689016342163,0.0015734966145828366,-0.003136194311082363,-0.0009355419315397739,2.2262210845947266,0.017181672155857086,92.0,43.0,2.2261548042297363,0
-353505339.0,1491759344.0,576620.0,121.0,200.0,1.0,21784.0,10.0,-0.0023005076218396425,-0.0019309326307848096,1.6214689016342163,0.0015734966145828366,-0.003136194311082363,-0.0009355419315397739,2.2262210845947266,0.017181672155857086,92.0,43.0,2.2261548042297363,0
-353505340.0,1491759344.0,577470.0,121.0,200.0,0.0,19555.0,10.0,-0.001998783554881811,-0.0018529162043705583,1.6423404216766357,0.0013145053526386619,0.0013868651585653424,-0.000800452777184546,2.442397117614746,0.022150643169879913,94.0,41.0,2.4422965049743652,0
-353505340.0,1491759344.0,577470.0,121.0,200.0,0.0,19555.0,10.0,-0.001998783554881811,-0.0018529162043705583,1.6423404216766357,0.0013145053526386619,0.0013868651585653424,-0.000800452777184546,2.442397117614746,0.022150643169879913,94.0,41.0,2.4422965049743652,0
-353505340.0,1491759344.0,577470.0,121.0,200.0,0.0,19555.0,10.0,-0.001998783554881811,-0.0018529162043705583,1.6423404216766357,0.0013145053526386619,0.0013868651585653424,-0.000800452777184546,2.442397117614746,0.022150643169879913,94.0,41.0,2.4422965049743652,0
-353505341.0,1491759344.0,577960.0,121.0,200.0,0.0,16341.0,10.0,-0.0018787123262882233,-0.0014960621483623981,1.6433076858520508,-0.001666887430474162,0.001499021309427917,-0.0016579434741288424,2.5279879570007324,0.02517116442322731,94.0,40.0,2.527862548828125,0
-353505341.0,1491759344.0,577960.0,121.0,200.0,0.0,16341.0,10.0,-0.0018787123262882233,-0.0014960621483623981,1.6433076858520508,-0.001666887430474162,0.001499021309427917,-0.0016579434741288424,2.5279879570007324,0.02517116442322731,94.0,40.0,2.527862548828125,0
-353505341.0,1491759344.0,578460.0,121.0,200.0,0.0,13635.0,10.0,-0.0018694502068683505,-0.001070337719283998,1.6428285837173462,0.0016043547075241804,0.002498345449566841,-0.003175973193719983,2.540116548538208,0.027029838413000107,94.0,39.0,2.5399727821350098,0
-353505341.0,1491759344.0,578460.0,121.0,200.0,0.0,13635.0,10.0,-0.0018694502068683505,-0.001070337719283998,1.6428285837173462,0.0016043547075241804,0.002498345449566841,-0.003175973193719983,2.540116548538208,0.027029838413000107,94.0,39.0,2.5399727821350098,0
-353505341.0,1491759344.0,578970.0,121.0,200.0,0.0,12222.0,10.0,-0.0021005969028919935,-0.0005476358928717673,1.6422947645187378,-0.001595873385667801,0.0016763386083766818,-0.0019444560166448355,2.520869016647339,0.028057171031832695,94.0,39.0,2.5207130908966064,0
-353505341.0,1491759344.0,578970.0,121.0,200.0,0.0,12222.0,10.0,-0.0021005969028919935,-0.0005476358928717673,1.6422947645187378,-0.001595873385667801,0.0016763386083766818,-0.0019444560166448355,2.520869016647339,0.028057171031832695,94.0,39.0,2.5207130908966064,0
-353505341.0,1491759344.0,579970.0,121.0,200.0,0.0,10274.0,10.0,-0.00236067664809525,-0.0004610471660271287,1.6421120166778564,-0.0009750798926688731,-0.00032053468748927116,-0.00035032432060688734,2.495461940765381,0.028964446857571602,94.0,39.0,2.4952940940856934,0
-353505341.0,1491759344.0,579970.0,121.0,200.0,0.0,10274.0,10.0,-0.00236067664809525,-0.0004610471660271287,1.6421120166778564,-0.0009750798926688731,-0.00032053468748927116,-0.00035032432060688734,2.495461940765381,0.028964446857571602,94.0,39.0,2.4952940940856934,0
-353505341.0,1491759344.0,580470.0,121.0,200.0,0.0,8268.0,10.0,-0.0021600753534585238,-0.0005423680995590985,1.6421818733215332,0.0024003880098462105,0.00206587603315711,0.0001525909174233675,2.476733446121216,0.02977679669857025,94.0,39.0,2.4765543937683105,0
-353505341.0,1491759344.0,580470.0,121.0,200.0,0.0,8268.0,10.0,-0.0021600753534585238,-0.0005423680995590985,1.6421818733215332,0.0024003880098462105,0.00206587603315711,0.0001525909174233675,2.476733446121216,0.02977679669857025,94.0,39.0,2.4765543937683105,0
-353505341.0,1491759344.0,580960.0,121.0,200.0,0.0,6260.0,10.0,-0.0017761541530489922,-0.00042211543768644333,1.6422979831695557,0.0003828342305496335,-0.00010700395796447992,0.00022253463976085186,2.4684600830078125,0.029669903218746185,94.0,39.0,2.4682817459106445,0
-353505341.0,1491759344.0,580960.0,121.0,200.0,0.0,6260.0,10.0,-0.0017761541530489922,-0.00042211543768644333,1.6422979831695557,0.0003828342305496335,-0.00010700395796447992,0.00022253463976085186,2.4684600830078125,0.029669903218746185,94.0,39.0,2.4682817459106445,0
-353505341.0,1491759344.0,581460.0,121.0,200.0,0.0,4957.0,10.0,-0.0016715225065127015,-0.00045558292185887694,1.6423428058624268,-0.0025363601744174957,-0.0018413319485262036,-0.0007997691864147782,2.4683470726013184,0.028960956260561943,94.0,39.0,2.468177080154419,0
-353505341.0,1491759344.0,581460.0,121.0,200.0,0.0,4957.0,10.0,-0.0016715225065127015,-0.00045558292185887694,1.6423428058624268,-0.0025363601744174957,-0.0018413319485262036,-0.0007997691864147782,2.4683470726013184,0.028960956260561943,94.0,39.0,2.468177080154419,0
-353505341.0,1491759344.0,582440.0,121.0,200.0,0.0,2761.0,10.0,-0.001614034059457481,-0.000702365068718791,1.6421629190444946,-4.848197568207979e-05,-0.0010218984680250287,-0.0010574297048151493,2.4730091094970703,0.028312863782048225,94.0,39.0,2.4728472232818604,0
-353505341.0,1491759344.0,582440.0,121.0,200.0,0.0,2761.0,10.0,-0.001614034059457481,-0.000702365068718791,1.6421629190444946,-4.848197568207979e-05,-0.0010218984680250287,-0.0010574297048151493,2.4730091094970703,0.028312863782048225,94.0,39.0,2.4728472232818604,0
-353505341.0,1491759344.0,582440.0,121.0,200.0,0.0,2761.0,10.0,-0.001614034059457481,-0.000702365068718791,1.6421629190444946,-4.848197568207979e-05,-0.0010218984680250287,-0.0010574297048151493,2.4730091094970703,0.028312863782048225,94.0,39.0,2.4728472232818604,0
-353505341.0,1491759344.0,582930.0,121.0,200.0,0.0,2268.0,10.0,-0.0018814628710970283,-0.0008171614026650786,1.6421244144439697,-0.0039032981730997562,-0.0007076594047248363,0.00023508525919169188,2.4783573150634766,0.02736596390604973,94.0,39.0,2.478206157684326,0
-353505341.0,1491759344.0,582930.0,121.0,200.0,0.0,2268.0,10.0,-0.0018814628710970283,-0.0008171614026650786,1.6421244144439697,-0.0039032981730997562,-0.0007076594047248363,0.00023508525919169188,2.4783573150634766,0.02736596390604973,94.0,39.0,2.478206157684326,0
-353505341.0,1491759344.0,583430.0,121.0,200.0,0.0,2077.0,10.0,-0.0020742970518767834,-0.0006795477820560336,1.642332911491394,-0.0025950660929083824,-0.0016226660227403045,-9.315379429608583e-05,2.484722852706909,0.026973601430654526,94.0,39.0,2.484576463699341,0
-353505341.0,1491759344.0,583430.0,121.0,200.0,0.0,2077.0,10.0,-0.0020742970518767834,-0.0006795477820560336,1.642332911491394,-0.0025950660929083824,-0.0016226660227403045,-9.315379429608583e-05,2.484722852706909,0.026973601430654526,94.0,39.0,2.484576463699341,0
-353505341.0,1491759344.0,583920.0,121.0,200.0,0.0,1549.0,10.0,-0.0022206262219697237,-0.000748328457120806,1.6423251628875732,-0.0026095383800566196,-0.003097767475992441,-0.0006719755474478006,2.490340232849121,0.026820985600352287,94.0,39.0,2.4901957511901855,0
-353505341.0,1491759344.0,583920.0,121.0,200.0,0.0,1549.0,10.0,-0.0022206262219697237,-0.000748328457120806,1.6423251628875732,-0.0026095383800566196,-0.003097767475992441,-0.0006719755474478006,2.490340232849121,0.026820985600352287,94.0,39.0,2.4901957511901855,0
-353505341.0,1491759344.0,584920.0,121.0,200.0,0.0,861.0,10.0,-0.0022813763935118914,-0.0010549923172220588,1.6423466205596924,-0.0011238784063607454,-0.0015361947007477283,-6.25276006758213e-05,2.4937751293182373,0.027316546067595482,94.0,39.0,2.4936254024505615,0
-353505341.0,1491759344.0,584920.0,121.0,200.0,0.0,861.0,10.0,-0.0022813763935118914,-0.0010549923172220588,1.6423466205596924,-0.0011238784063607454,-0.0015361947007477283,-6.25276006758213e-05,2.4937751293182373,0.027316546067595482,94.0,39.0,2.4936254024505615,0
-353505341.0,1491759344.0,584920.0,121.0,200.0,0.0,861.0,10.0,-0.0022813763935118914,-0.0010549923172220588,1.6423466205596924,-0.0011238784063607454,-0.0015361947007477283,-6.25276006758213e-05,2.4937751293182373,0.027316546067595482,94.0,39.0,2.4936254024505615,0
-353505341.0,1491759344.0,585410.0,121.0,200.0,0.0,1222.0,10.0,-0.0023799892514944077,-0.001157192513346672,1.6422202587127686,-0.0009277197532355785,-0.00140772492159158,-0.001195144490338862,2.496023178100586,0.0277403537184,94.0,39.0,2.4958691596984863,0
-353505341.0,1491759344.0,585410.0,121.0,200.0,0.0,1222.0,10.0,-0.0023799892514944077,-0.001157192513346672,1.6422202587127686,-0.0009277197532355785,-0.00140772492159158,-0.001195144490338862,2.496023178100586,0.0277403537184,94.0,39.0,2.4958691596984863,0
-353505341.0,1491759344.0,585910.0,121.0,200.0,0.0,1681.0,10.0,-0.002115971874445677,-0.0013420259347185493,1.6422537565231323,0.0017436504131183028,-0.0008763438672758639,-2.125161699950695e-06,2.497690200805664,0.02854456752538681,94.0,39.0,2.4975271224975586,0
-353505341.0,1491759344.0,585910.0,121.0,200.0,0.0,1681.0,10.0,-0.002115971874445677,-0.0013420259347185493,1.6422537565231323,0.0017436504131183028,-0.0008763438672758639,-2.125161699950695e-06,2.497690200805664,0.02854456752538681,94.0,39.0,2.4975271224975586,0
-353505341.0,1491759344.0,586410.0,121.0,200.0,0.0,2194.0,10.0,-0.0018324125558137894,-0.0012178244069218636,1.6423096656799316,-0.001095716841518879,-0.00023765582591295242,-0.0003082596231251955,2.499284029006958,0.02884339541196823,94.0,39.0,2.499117851257324,0
-353505341.0,1491759344.0,586410.0,121.0,200.0,0.0,2194.0,10.0,-0.0018324125558137894,-0.0012178244069218636,1.6423096656799316,-0.001095716841518879,-0.00023765582591295242,-0.0003082596231251955,2.499284029006958,0.02884339541196823,94.0,39.0,2.499117851257324,0
-353505341.0,1491759344.0,587410.0,121.0,200.0,0.0,3130.0,10.0,-0.0018810732290148735,-0.0009644906967878342,1.6423137187957764,-0.0010444578947499394,0.0012331188190728426,-0.0010707390028983355,2.500502824783325,0.02842940390110016,94.0,39.0,2.5003411769866943,0
-353505341.0,1491759344.0,587410.0,121.0,200.0,0.0,3130.0,10.0,-0.0018810732290148735,-0.0009644906967878342,1.6423137187957764,-0.0010444578947499394,0.0012331188190728426,-0.0010707390028983355,2.500502824783325,0.02842940390110016,94.0,39.0,2.5003411769866943,0
-353505341.0,1491759344.0,587410.0,121.0,200.0,0.0,3130.0,10.0,-0.0018810732290148735,-0.0009644906967878342,1.6423137187957764,-0.0010444578947499394,0.0012331188190728426,-0.0010707390028983355,2.500502824783325,0.02842940390110016,94.0,39.0,2.5003411769866943,0
-353505341.0,1491759344.0,587910.0,121.0,200.0,0.0,3252.0,10.0,-0.002012865850701928,-0.0007349736988544464,1.6421844959259033,-0.0006879497086629272,0.0003037585411220789,-0.0009976138826459646,2.50008487701416,0.027723517268896103,94.0,39.0,2.4999310970306396,0
-353505341.0,1491759344.0,587910.0,121.0,200.0,0.0,3252.0,10.0,-0.002012865850701928,-0.0007349736988544464,1.6421844959259033,-0.0006879497086629272,0.0003037585411220789,-0.0009976138826459646,2.50008487701416,0.027723517268896103,94.0,39.0,2.4999310970306396,0
-353505340.0,1491759344.0,588400.0,121.0,200.0,0.0,3070.0,10.0,-0.0020032026804983616,-0.0006247684941627085,1.6421164274215698,-0.0009348684106953442,-3.855943214148283e-05,-0.0003244935069233179,2.5002009868621826,0.027281200513243675,94.0,39.0,2.5000522136688232,0
-353505340.0,1491759344.0,588400.0,121.0,200.0,0.0,3070.0,10.0,-0.0020032026804983616,-0.0006247684941627085,1.6421164274215698,-0.0009348684106953442,-3.855943214148283e-05,-0.0003244935069233179,2.5002009868621826,0.027281200513243675,94.0,39.0,2.5000522136688232,0
-353505339.0,1491759344.0,588900.0,121.0,200.0,0.0,2744.0,10.0,-0.0015832565259188414,-0.0007670016493648291,1.6421557664871216,0.001004158752039075,-0.003757278900593519,-0.0005504888249561191,2.4996564388275146,0.0268357265740633,94.0,39.0,2.4995124340057373,0
-353505339.0,1491759344.0,588900.0,121.0,200.0,0.0,2744.0,10.0,-0.0015832565259188414,-0.0007670016493648291,1.6421557664871216,0.001004158752039075,-0.003757278900593519,-0.0005504888249561191,2.4996564388275146,0.0268357265740633,94.0,39.0,2.4995124340057373,0
-353505339.0,1491759344.0,589900.0,121.0,200.0,0.0,2697.0,10.0,-0.001039392314851284,-0.0013695941306650639,1.6422605514526367,0.0022978053893893957,-0.0020315106958150864,-1.2319651432335377e-05,2.4998152256011963,0.026698334142565727,94.0,39.0,2.4996728897094727,0
-353505339.0,1491759344.0,589900.0,121.0,200.0,0.0,2697.0,10.0,-0.001039392314851284,-0.0013695941306650639,1.6422605514526367,0.0022978053893893957,-0.0020315106958150864,-1.2319651432335377e-05,2.4998152256011963,0.026698334142565727,94.0,39.0,2.4996728897094727,0
-353505339.0,1491759344.0,589900.0,121.0,200.0,0.0,2697.0,10.0,-0.001039392314851284,-0.0013695941306650639,1.6422605514526367,0.0022978053893893957,-0.0020315106958150864,-1.2319651432335377e-05,2.4998152256011963,0.026698334142565727,94.0,39.0,2.4996728897094727,0
-353505339.0,1491759344.0,590400.0,121.0,200.0,0.0,3901.0,10.0,-0.0006000789580866694,-0.0016781011363491416,1.6423492431640625,0.0010097851045429707,-0.0012932632816955447,-0.0003680780064314604,2.4992055892944336,0.02591726928949356,94.0,39.0,2.4990711212158203,0
-353505339.0,1491759344.0,590400.0,121.0,200.0,0.0,3901.0,10.0,-0.0006000789580866694,-0.0016781011363491416,1.6423492431640625,0.0010097851045429707,-0.0012932632816955447,-0.0003680780064314604,2.4992055892944336,0.02591726928949356,94.0,39.0,2.4990711212158203,0
-353505339.0,1491759344.0,590900.0,121.0,200.0,0.0,6337.0,10.0,-0.0006723586120642722,-0.0016070762649178505,1.6423901319503784,-0.003204922191798687,0.0026016347110271454,-0.0006153354188427329,2.4984583854675293,0.02558022364974022,94.0,39.0,2.4983274936676025,0
-353505339.0,1491759344.0,590900.0,121.0,200.0,0.0,6337.0,10.0,-0.0006723586120642722,-0.0016070762649178505,1.6423901319503784,-0.003204922191798687,0.0026016347110271454,-0.0006153354188427329,2.4984583854675293,0.02558022364974022,94.0,39.0,2.4983274936676025,0
-353505339.0,1491759345.0,591400.0,121.0,200.0,0.0,8971.0,10.0,-0.0012514967238530517,-0.0008724159561097622,1.6423618793487549,-0.001276842667721212,-0.0007341002929024398,-0.0005458106752485037,2.496157169342041,0.025344466790556908,94.0,39.0,2.496028423309326,0
-353505339.0,1491759345.0,591400.0,121.0,200.0,0.0,8971.0,10.0,-0.0012514967238530517,-0.0008724159561097622,1.6423618793487549,-0.001276842667721212,-0.0007341002929024398,-0.0005458106752485037,2.496157169342041,0.025344466790556908,94.0,39.0,2.496028423309326,0
-353505339.0,1491759346.0,592390.0,121.0,200.0,0.0,11484.0,10.0,-0.0014457200886681676,-0.000390354311093688,1.6424413919448853,-0.0008334118174389005,0.0019664205610752106,-0.00017481378745287657,2.4951424598693848,0.02486996538937092,94.0,39.0,2.495018482208252,0
-353505339.0,1491759346.0,592390.0,121.0,200.0,0.0,11484.0,10.0,-0.0014457200886681676,-0.000390354311093688,1.6424413919448853,-0.0008334118174389005,0.0019664205610752106,-0.00017481378745287657,2.4951424598693848,0.02486996538937092,94.0,39.0,2.495018482208252,0
-353505339.0,1491759346.0,592390.0,121.0,200.0,0.0,11484.0,10.0,-0.0014457200886681676,-0.000390354311093688,1.6424413919448853,-0.0008334118174389005,0.0019664205610752106,-0.00017481378745287657,2.4951424598693848,0.02486996538937092,94.0,39.0,2.495018482208252,0
-353505339.0,1491759346.0,592890.0,121.0,200.0,0.0,12619.0,10.0,-0.0014160986756905913,-1.463662465539528e-05,1.6423767805099487,0.0006716408533975482,0.0007250560447573662,-0.0015701322117820382,2.4933440685272217,0.02335747703909874,94.0,39.0,2.493234634399414,0
-353505339.0,1491759346.0,592890.0,121.0,200.0,0.0,12619.0,10.0,-0.0014160986756905913,-1.463662465539528e-05,1.6423767805099487,0.0006716408533975482,0.0007250560447573662,-0.0015701322117820382,2.4933440685272217,0.02335747703909874,94.0,39.0,2.493234634399414,0
-353505339.0,1491759346.0,593390.0,121.0,200.0,0.0,14561.0,10.0,-0.0011879699304699898,0.00015271555457729846,1.642324447631836,0.0003222862724214792,-0.000759887567255646,-0.0007287656189873815,2.4921376705169678,0.021092252805829048,94.0,39.0,2.492048501968384,0
-353505339.0,1491759346.0,593390.0,121.0,200.0,0.0,14561.0,10.0,-0.0011879699304699898,0.00015271555457729846,1.642324447631836,0.0003222862724214792,-0.000759887567255646,-0.0007287656189873815,2.4921376705169678,0.021092252805829048,94.0,39.0,2.492048501968384,0
-353505339.0,1491759346.0,593880.0,121.0,200.0,0.0,17395.0,10.0,-0.0010815790155902505,6.58240242046304e-05,1.6422911882400513,4.211859777569771e-05,-0.000561137159820646,-0.0007634380599483848,2.491645336151123,0.018926696851849556,94.0,39.0,2.4915733337402344,0
-353505339.0,1491759346.0,593880.0,121.0,200.0,0.0,17395.0,10.0,-0.0010815790155902505,6.58240242046304e-05,1.6422911882400513,4.211859777569771e-05,-0.000561137159820646,-0.0007634380599483848,2.491645336151123,0.018926696851849556,94.0,39.0,2.4915733337402344,0
-353505339.0,1491759346.0,594880.0,121.0,200.0,0.0,20877.0,10.0,-0.001875133952125907,6.657374342466937e-06,1.6422840356826782,-0.005211473908275366,-0.0005090750055387616,3.0088704079389572e-06,2.4918699264526367,0.01747002825140953,94.0,39.0,2.4918084144592285,0
-353505339.0,1491759346.0,594880.0,121.0,200.0,0.0,20877.0,10.0,-0.001875133952125907,6.657374342466937e-06,1.6422840356826782,-0.005211473908275366,-0.0005090750055387616,3.0088704079389572e-06,2.4918699264526367,0.01747002825140953,94.0,39.0,2.4918084144592285,0
-353505339.0,1491759346.0,594880.0,121.0,200.0,0.0,20877.0,10.0,-0.001875133952125907,6.657374342466937e-06,1.6422840356826782,-0.005211473908275366,-0.0005090750055387616,3.0088704079389572e-06,2.4918699264526367,0.01747002825140953,94.0,39.0,2.4918084144592285,0
-353505339.0,1491759346.0,595380.0,121.0,200.0,0.0,21960.0,10.0,-0.0022355273831635714,4.460331911104731e-05,1.642410159111023,-0.00011770112905651331,-0.0012934334808960557,-0.00048270251136273146,2.461860179901123,0.016987230628728867,94.0,38.0,2.461801528930664,0
-353505339.0,1491759346.0,595380.0,121.0,200.0,0.0,21960.0,10.0,-0.0022355273831635714,4.460331911104731e-05,1.642410159111023,-0.00011770112905651331,-0.0012934334808960557,-0.00048270251136273146,2.461860179901123,0.016987230628728867,94.0,38.0,2.461801528930664,0
-353505339.0,1491759346.0,595870.0,121.0,200.0,1.0,23073.0,10.0,-0.0021089178044348955,-0.00023739214520901442,1.6423251628875732,0.0014114605728536844,-0.002592355478554964,-0.0007761669112369418,2.3080718517303467,0.016940312460064888,94.0,36.0,2.308009624481201,0
-353505339.0,1491759346.0,595870.0,121.0,200.0,1.0,23073.0,10.0,-0.0021089178044348955,-0.00023739214520901442,1.6423251628875732,0.0014114605728536844,-0.002592355478554964,-0.0007761669112369418,2.3080718517303467,0.016940312460064888,94.0,36.0,2.308009624481201,0
-353505339.0,1491759346.0,596340.0,121.0,200.0,1.0,23905.0,10.0,-0.0019987483974546194,-0.0006106527871452272,1.6422274112701416,-0.0024946103803813457,-0.0005399503861553967,-0.0006204986711964011,2.0767271518707275,0.017227109521627426,94.0,35.0,2.076655626296997,0
-353505339.0,1491759346.0,596340.0,121.0,200.0,1.0,23905.0,10.0,-0.0019987483974546194,-0.0006106527871452272,1.6422274112701416,-0.0024946103803813457,-0.0005399503861553967,-0.0006204986711964011,2.0767271518707275,0.017227109521627426,94.0,35.0,2.076655626296997,0
-353505339.0,1491759346.0,597190.0,121.0,200.0,1.0,24492.0,10.0,-0.0018373592756688595,-0.0009372988133691251,1.642179250717163,-0.001091390149667859,-0.0010957897175103426,-0.00037790124770253897,1.8118737936019897,0.01779593713581562,94.0,34.0,1.811786413192749,0
-353505339.0,1491759346.0,597190.0,121.0,200.0,1.0,24492.0,10.0,-0.0018373592756688595,-0.0009372988133691251,1.642179250717163,-0.001091390149667859,-0.0010957897175103426,-0.00037790124770253897,1.8118737936019897,0.01779593713581562,94.0,34.0,1.811786413192749,0
-353505339.0,1491759346.0,597190.0,121.0,200.0,1.0,24492.0,10.0,-0.0018373592756688595,-0.0009372988133691251,1.642179250717163,-0.001091390149667859,-0.0010957897175103426,-0.00037790124770253897,1.8118737936019897,0.01779593713581562,94.0,34.0,1.811786413192749,0
-353505339.0,1491759346.0,597560.0,121.0,200.0,1.0,24445.0,10.0,-0.0018965547205880284,-0.0011194540420547128,1.6421767473220825,0.00047349208034574986,-0.0010857966262847185,-0.00016570370644330978,1.5383517742156982,0.01837535761296749,94.0,33.0,1.5382421016693115,0
-353505339.0,1491759346.0,597560.0,121.0,200.0,1.0,24445.0,10.0,-0.0018965547205880284,-0.0011194540420547128,1.6421767473220825,0.00047349208034574986,-0.0010857966262847185,-0.00016570370644330978,1.5383517742156982,0.01837535761296749,94.0,33.0,1.5382421016693115,0
-353505339.0,1491759346.0,597880.0,121.0,200.0,1.0,24352.0,10.0,-0.001635949476622045,-0.0011080558178946376,1.6422054767608643,0.002248911652714014,-0.0007839460158720613,-0.00023683917243033648,1.2684317827224731,0.01922948658466339,94.0,33.0,1.2682859897613525,0
-353505339.0,1491759346.0,597880.0,121.0,200.0,1.0,24352.0,10.0,-0.001635949476622045,-0.0011080558178946376,1.6422054767608643,0.002248911652714014,-0.0007839460158720613,-0.00023683917243033648,1.2684317827224731,0.01922948658466339,94.0,33.0,1.2682859897613525,0
-353505339.0,1491759345.0,598160.0,121.0,200.0,1.0,24186.0,10.0,-0.0014987301547080278,-0.0012071578530594707,1.642217755317688,-0.0017841088119894266,0.0003659628564491868,-0.00016767473425716162,1.0065656900405884,0.019467217847704887,94.0,33.0,1.0063774585723877,0
-353505339.0,1491759345.0,598160.0,121.0,200.0,1.0,24186.0,10.0,-0.0014987301547080278,-0.0012071578530594707,1.642217755317688,-0.0017841088119894266,0.0003659628564491868,-0.00016767473425716162,1.0065656900405884,0.019467217847704887,94.0,33.0,1.0063774585723877,0
-353505339.0,1491759344.0,598580.0,121.0,200.0,1.0,23403.0,10.0,-0.0018316376954317093,-0.0012832157080993056,1.6422380208969116,-0.0014651581877842546,-0.0008965674787759781,-0.0004616340156644583,0.7519558668136597,0.019740436226129532,94.0,33.0,0.7516967058181763,0
-353505339.0,1491759344.0,598580.0,121.0,200.0,1.0,23403.0,10.0,-0.0018316376954317093,-0.0012832157080993056,1.6422380208969116,-0.0014651581877842546,-0.0008965674787759781,-0.0004616340156644583,0.7519558668136597,0.019740436226129532,94.0,33.0,0.7516967058181763,0
-353505339.0,1491759344.0,598580.0,121.0,200.0,1.0,23403.0,10.0,-0.0018316376954317093,-0.0012832157080993056,1.6422380208969116,-0.0014651581877842546,-0.0008965674787759781,-0.0004616340156644583,0.7519558668136597,0.019740436226129532,94.0,33.0,0.7516967058181763,0
-353505340.0,1491759344.0,598740.0,121.0,200.0,1.0,23066.0,10.0,-0.0017962079728022218,-0.0014659477164968848,1.6422812938690186,-0.0002685717772692442,-9.381561540067196e-06,-0.0003951833350583911,0.5033701658248901,0.020445413887500763,94.0,33.0,0.5029548406600952,0
-353505340.0,1491759344.0,598740.0,121.0,200.0,1.0,23066.0,10.0,-0.0017962079728022218,-0.0014659477164968848,1.6422812938690186,-0.0002685717772692442,-9.381561540067196e-06,-0.0003951833350583911,0.5033701658248901,0.020445413887500763,94.0,33.0,0.5029548406600952,0
-353505341.0,1491759344.0,598850.0,121.0,200.0,0.0,22667.0,10.0,-0.0019053806317970157,-0.0014820382930338383,1.6422849893569946,-0.0019407368963584304,6.783183198422194e-05,-0.000521815731190145,0.2581556737422943,0.021092765033245087,94.0,32.0,0.2572925090789795,0
-353505341.0,1491759344.0,598850.0,121.0,200.0,0.0,22667.0,10.0,-0.0019053806317970157,-0.0014820382930338383,1.6422849893569946,-0.0019407368963584304,6.783183198422194e-05,-0.000521815731190145,0.2581556737422943,0.021092765033245087,94.0,32.0,0.2572925090789795,0
-353505341.0,1491759344.0,598930.0,121.0,200.0,0.0,22234.0,10.0,-0.0024920308496803045,-0.0016362054739147425,1.6423041820526123,-0.0032466291449964046,-0.0015428700717166066,-0.0004521207883954048,0.04963777959346771,0.022362004965543747,94.0,34.0,0.04431534558534622,0
-353505341.0,1491759344.0,598930.0,121.0,200.0,0.0,22234.0,10.0,-0.0024920308496803045,-0.0016362054739147425,1.6423041820526123,-0.0032466291449964046,-0.0015428700717166066,-0.0004521207883954048,0.04963777959346771,0.022362004965543747,94.0,34.0,0.04431534558534622,0
-353505341.0,1491759344.0,598970.0,121.0,200.0,0.0,21744.0,10.0,-0.0028913894202560186,-0.0016499289777129889,1.6423107385635376,-0.0006187265389598906,-0.001013243105262518,-0.0005539727862924337,0.047611165791749954,0.025048106908798218,94.0,35.0,-0.040489695966243744,0
-353505341.0,1491759344.0,598970.0,121.0,200.0,0.0,21744.0,10.0,-0.0028913894202560186,-0.0016499289777129889,1.6423107385635376,-0.0006187265389598906,-0.001013243105262518,-0.0005539727862924337,0.047611165791749954,0.025048106908798218,94.0,35.0,-0.040489695966243744,0
-353505341.0,1491759344.0,598970.0,121.0,200.0,0.0,21744.0,10.0,-0.0028913894202560186,-0.0016499289777129889,1.6423107385635376,-0.0006187265389598906,-0.001013243105262518,-0.0005539727862924337,0.047611165791749954,0.025048106908798218,94.0,35.0,-0.040489695966243744,0
-353505341.0,1491759344.0,598960.0,121.0,200.0,0.0,21922.0,10.0,-0.0030075458344072104,-0.0013368603540584445,1.6422978639602661,-0.0014949480537325144,0.0017175715183839202,-0.0005776614416390657,0.05477219074964523,0.02741939388215542,94.0,36.0,-0.0474148690700531,0
-353505341.0,1491759344.0,598960.0,121.0,200.0,0.0,21922.0,10.0,-0.0030075458344072104,-0.0013368603540584445,1.6422978639602661,-0.0014949480537325144,0.0017175715183839202,-0.0005776614416390657,0.05477219074964523,0.02741939388215542,94.0,36.0,-0.0474148690700531,0
-353505341.0,1491759344.0,598960.0,121.0,200.0,0.0,23455.0,10.0,-0.0027412036433815956,-0.0010096757905557752,1.6422739028930664,0.0010493899462744594,0.0010722499573603272,-0.0005301681812852621,0.03752334788441658,0.029360339045524597,94.0,36.0,-0.02336604706943035,0
-353505341.0,1491759344.0,598960.0,121.0,200.0,0.0,23455.0,10.0,-0.0027412036433815956,-0.0010096757905557752,1.6422739028930664,0.0010493899462744594,0.0010722499573603272,-0.0005301681812852621,0.03752334788441658,0.029360339045524597,94.0,36.0,-0.02336604706943035,0
-353505341.0,1491759344.0,598950.0,121.0,200.0,0.0,28744.0,10.0,-0.002476637251675129,-0.0009426532196812332,1.642258644104004,0.001958642154932022,0.00031745003070682287,-0.0004046461544930935,0.03113929182291031,0.030489115044474602,94.0,36.0,0.006330050993710756,0
-353505341.0,1491759344.0,598950.0,121.0,200.0,0.0,28744.0,10.0,-0.002476637251675129,-0.0009426532196812332,1.642258644104004,0.001958642154932022,0.00031745003070682287,-0.0004046461544930935,0.03113929182291031,0.030489115044474602,94.0,36.0,0.006330050993710756,0
-353505341.0,1491759344.0,598950.0,121.0,200.0,0.0,32641.0,10.0,-0.002357634250074625,-0.0008034646161831915,1.6422408819198608,3.6137993447482586e-05,0.00030506832990795374,-0.0004174038767814636,0.042337413877248764,0.031010836362838745,94.0,36.0,0.028823332861065865,0
-353505341.0,1491759344.0,598950.0,121.0,200.0,0.0,32641.0,10.0,-0.002357634250074625,-0.0008034646161831915,1.6422408819198608,3.6137993447482586e-05,0.00030506832990795374,-0.0004174038767814636,0.042337413877248764,0.031010836362838745,94.0,36.0,0.028823332861065865,0
-353505341.0,1491759344.0,598950.0,121.0,200.0,0.0,32641.0,10.0,-0.002357634250074625,-0.0008034646161831915,1.6422408819198608,3.6137993447482586e-05,0.00030506832990795374,-0.0004174038767814636,0.042337413877248764,0.031010836362838745,94.0,36.0,0.028823332861065865,0
-353505341.0,1491759344.0,598950.0,121.0,200.0,0.0,32816.0,10.0,-0.002189287217333913,-0.0011868785368278623,1.6422311067581177,-0.0016641959082335234,-0.001786049222573638,3.2594078220427036e-05,0.051174651831388474,0.031054073944687843,94.0,36.0,0.04067542031407356,0
-353505341.0,1491759344.0,598950.0,121.0,200.0,0.0,32816.0,10.0,-0.002189287217333913,-0.0011868785368278623,1.6422311067581177,-0.0016641959082335234,-0.001786049222573638,3.2594078220427036e-05,0.051174651831388474,0.031054073944687843,94.0,36.0,0.04067542031407356,0
-353505341.0,1491759344.0,598960.0,121.0,200.0,0.0,33234.0,10.0,-0.0021817032247781754,-0.0011569780763238668,1.6422563791275024,-0.0002642854815348983,0.0007736277766525745,-0.000160532770678401,0.0542619526386261,0.03140758350491524,94.0,36.0,0.04424842447042465,0
-353505341.0,1491759344.0,598960.0,121.0,200.0,0.0,33234.0,10.0,-0.0021817032247781754,-0.0011569780763238668,1.6422563791275024,-0.0002642854815348983,0.0007736277766525745,-0.000160532770678401,0.0542619526386261,0.03140758350491524,94.0,36.0,0.04424842447042465,0
-353505341.0,1491759344.0,598970.0,121.0,200.0,0.0,33839.0,10.0,-0.002247200347483158,-0.0009860936552286148,1.6422733068466187,0.0012316226493567228,0.0003646753029897809,-0.0003309122985228896,0.052243079990148544,0.031739089637994766,94.0,36.0,0.04149662330746651,0
-353505341.0,1491759344.0,598970.0,121.0,200.0,0.0,33839.0,10.0,-0.002247200347483158,-0.0009860936552286148,1.6422733068466187,0.0012316226493567228,0.0003646753029897809,-0.0003309122985228896,0.052243079990148544,0.031739089637994766,94.0,36.0,0.04149662330746651,0
-353505341.0,1491759344.0,598990.0,121.0,200.0,0.0,34271.0,10.0,-0.0021561498288065195,-0.0006982397753745317,1.6422605514526367,-0.000665457861032337,-0.0008368066046386957,-0.00012571376282721758,0.04634184017777443,0.031686171889305115,94.0,36.0,0.03381645679473877,0
-353505341.0,1491759344.0,598990.0,121.0,200.0,0.0,34271.0,10.0,-0.0021561498288065195,-0.0006982397753745317,1.6422605514526367,-0.000665457861032337,-0.0008368066046386957,-0.00012571376282721758,0.04634184017777443,0.031686171889305115,94.0,36.0,0.03381645679473877,0
-353505341.0,1491759344.0,598990.0,121.0,200.0,0.0,34271.0,10.0,-0.0021561498288065195,-0.0006982397753745317,1.6422605514526367,-0.000665457861032337,-0.0008368066046386957,-0.00012571376282721758,0.04634184017777443,0.031686171889305115,94.0,36.0,0.03381645679473877,0
-353505341.0,1491759344.0,599000.0,121.0,200.0,0.0,33982.0,10.0,-0.0020770966075360775,-0.0008748971158638597,1.6422147750854492,-0.0018359776586294174,-0.0013339713914319873,-0.00044498126953840256,0.039858218282461166,0.030914727598428726,94.0,36.0,0.025158636271953583,0
-353505341.0,1491759344.0,599000.0,121.0,200.0,0.0,33982.0,10.0,-0.0020770966075360775,-0.0008748971158638597,1.6422147750854492,-0.0018359776586294174,-0.0013339713914319873,-0.00044498126953840256,0.039858218282461166,0.030914727598428726,94.0,36.0,0.025158636271953583,0
-353505341.0,1491759344.0,599010.0,121.0,200.0,0.0,33790.0,10.0,-0.001934859436005354,-0.0010277597466483712,1.642318844795227,0.0004307674244046211,-0.0009244267712347209,6.002211011946201e-05,0.03594450652599335,0.030473019927740097,94.0,36.0,0.019063124433159828,0
-353505341.0,1491759344.0,599010.0,121.0,200.0,0.0,33790.0,10.0,-0.001934859436005354,-0.0010277597466483712,1.642318844795227,0.0004307674244046211,-0.0009244267712347209,6.002211011946201e-05,0.03594450652599335,0.030473019927740097,94.0,36.0,0.019063124433159828,0
-353505341.0,1491759344.0,599010.0,121.0,200.0,0.0,33815.0,10.0,-0.001776337157934904,-0.0010968062561005354,1.6422924995422363,0.0009427114855498075,-0.0008893781341612339,-0.0008397245546802878,0.03401289880275726,0.030181562528014183,94.0,36.0,0.015682809054851532,0
-353505341.0,1491759344.0,599010.0,121.0,200.0,0.0,33815.0,10.0,-0.001776337157934904,-0.0010968062561005354,1.6422924995422363,0.0009427114855498075,-0.0008893781341612339,-0.0008397245546802878,0.03401289880275726,0.030181562528014183,94.0,36.0,0.015682809054851532,0
-353505341.0,1491759344.0,599020.0,121.0,200.0,0.0,34105.0,10.0,-0.0018112859688699245,-0.0010608721058815718,1.6422367095947266,-0.0004738584393635392,0.001212967443279922,-3.8858503103256226e-05,0.03322822228074074,0.030028242617845535,94.0,36.0,0.014227420091629028,0
-353505341.0,1491759344.0,599020.0,121.0,200.0,0.0,34105.0,10.0,-0.0018112859688699245,-0.0010608721058815718,1.6422367095947266,-0.0004738584393635392,0.001212967443279922,-3.8858503103256226e-05,0.03322822228074074,0.030028242617845535,94.0,36.0,0.014227420091629028,0
-353505341.0,1491759344.0,599030.0,121.0,200.0,0.0,34225.0,10.0,-0.0018888612976297736,-0.001134888269007206,1.6423351764678955,-0.0014109492767602205,-0.0007317460258491337,0.00025336130056530237,0.03201388567686081,0.029108138754963875,94.0,36.0,0.013326850719749928,0
-353505341.0,1491759344.0,599030.0,121.0,200.0,0.0,34225.0,10.0,-0.0018888612976297736,-0.001134888269007206,1.6423351764678955,-0.0014109492767602205,-0.0007317460258491337,0.00025336130056530237,0.03201388567686081,0.029108138754963875,94.0,36.0,0.013326850719749928,0
-353505341.0,1491759344.0,599030.0,121.0,200.0,0.0,34475.0,10.0,-0.0021142796613276005,-0.001078975503332913,1.6423226594924927,0.0006520001916214824,0.0006640207720920444,-0.0011336405295878649,0.031331464648246765,0.029282907024025917,94.0,36.0,0.01114326249808073,0
-353505341.0,1491759344.0,599030.0,121.0,200.0,0.0,34475.0,10.0,-0.0021142796613276005,-0.001078975503332913,1.6423226594924927,0.0006520001916214824,0.0006640207720920444,-0.0011336405295878649,0.031331464648246765,0.029282907024025917,94.0,36.0,0.01114326249808073,0
-353505341.0,1491759344.0,599030.0,121.0,200.0,0.0,34948.0,10.0,-0.0021777444053441286,-0.001040934817865491,1.6422706842422485,-0.0006457992130890489,0.0010059014894068241,5.508097819983959e-05,0.031268782913684845,0.02997901849448681,94.0,36.0,0.008887927047908306,0
-353505341.0,1491759344.0,599030.0,121.0,200.0,0.0,34948.0,10.0,-0.0021777444053441286,-0.001040934817865491,1.6422706842422485,-0.0006457992130890489,0.0010059014894068241,5.508097819983959e-05,0.031268782913684845,0.02997901849448681,94.0,36.0,0.008887927047908306,0
-353505341.0,1491759344.0,599040.0,121.0,200.0,0.0,35657.0,10.0,-0.002095751464366913,-0.0008792573935352266,1.642348051071167,-0.0014229877851903439,0.0007663223659619689,-0.0008249094244092703,0.031077874824404716,0.030300067737698555,94.0,36.0,0.006909431889653206,0
-353505341.0,1491759344.0,599040.0,121.0,200.0,0.0,35657.0,10.0,-0.002095751464366913,-0.0008792573935352266,1.642348051071167,-0.0014229877851903439,0.0007663223659619689,-0.0008249094244092703,0.031077874824404716,0.030300067737698555,94.0,36.0,0.006909431889653206,0
-353505341.0,1491759344.0,599040.0,121.0,200.0,0.0,35657.0,10.0,-0.002095751464366913,-0.0008792573935352266,1.642348051071167,-0.0014229877851903439,0.0007663223659619689,-0.0008249094244092703,0.031077874824404716,0.030300067737698555,94.0,36.0,0.006909431889653206,0
-353505341.0,1491759344.0,599040.0,121.0,200.0,0.0,35695.0,10.0,-0.0021290115546435118,-0.0009778031380847096,1.6422889232635498,-0.0006231789011508226,-0.0005189782823435962,-0.00032320327591151,0.030757250264286995,0.030082277953624725,94.0,36.0,0.006408212706446648,0
-353505341.0,1491759344.0,599040.0,121.0,200.0,0.0,35695.0,10.0,-0.0021290115546435118,-0.0009778031380847096,1.6422889232635498,-0.0006231789011508226,-0.0005189782823435962,-0.00032320327591151,0.030757250264286995,0.030082277953624725,94.0,36.0,0.006408212706446648,0
-353505340.0,1491759344.0,599050.0,121.0,200.0,0.0,35700.0,10.0,-0.002143287565559149,-0.0008107893518172204,1.6422938108444214,0.000427815830335021,-0.0013281697174534202,-0.0004736690316349268,0.031055638566613197,0.030294528231024742,94.0,36.0,0.006833320017904043,0
-353505340.0,1491759344.0,599050.0,121.0,200.0,0.0,35700.0,10.0,-0.002143287565559149,-0.0008107893518172204,1.6422938108444214,0.000427815830335021,-0.0013281697174534202,-0.0004736690316349268,0.031055638566613197,0.030294528231024742,94.0,36.0,0.006833320017904043,0
-353505339.0,1491759344.0,599050.0,121.0,200.0,0.0,35701.0,10.0,-0.001397129730321467,-0.00105096900369972,1.6423155069351196,0.0028200068045407534,-0.0009589451947249472,0.00017717585433274508,0.03111582063138485,0.030530251562595367,94.0,36.0,0.0060081761330366135,0
-353505339.0,1491759344.0,599050.0,121.0,200.0,0.0,35701.0,10.0,-0.001397129730321467,-0.00105096900369972,1.6423155069351196,0.0028200068045407534,-0.0009589451947249472,0.00017717585433274508,0.03111582063138485,0.030530251562595367,94.0,36.0,0.0060081761330366135,0
-353505339.0,1491759344.0,599050.0,121.0,200.0,0.0,35796.0,10.0,-0.0008326763636432588,-0.001021016389131546,1.6422888040542603,0.0017101046396419406,-0.0019340874860063195,-0.0010429555550217628,0.03000236116349697,0.02966269478201866,94.0,36.0,0.004501792602241039,0
-353505339.0,1491759344.0,599050.0,121.0,200.0,0.0,35796.0,10.0,-0.0008326763636432588,-0.001021016389131546,1.6422888040542603,0.0017101046396419406,-0.0019340874860063195,-0.0010429555550217628,0.03000236116349697,0.02966269478201866,94.0,36.0,0.004501792602241039,0
-353505339.0,1491759344.0,599060.0,121.0,200.0,0.0,35818.0,10.0,-0.000801463786046952,-0.0010018293978646398,1.642287254333496,-0.0006788636674173176,-0.0013385324273258448,0.00012593867722898722,0.028168704360723495,0.02798585221171379,94.0,36.0,0.00320435781031847,0
-353505339.0,1491759344.0,599060.0,121.0,200.0,0.0,35818.0,10.0,-0.000801463786046952,-0.0010018293978646398,1.642287254333496,-0.0006788636674173176,-0.0013385324273258448,0.00012593867722898722,0.028168704360723495,0.02798585221171379,94.0,36.0,0.00320435781031847,0
-353505339.0,1491759344.0,599060.0,121.0,200.0,0.0,35822.0,10.0,-0.0006391899078153074,-0.0012525025522336364,1.6423338651657104,0.0009836159879341722,0.000326384324580431,-0.0007957495981827378,0.0270750243216753,0.026963574811816216,94.0,36.0,0.0024540629237890244,0
-353505339.0,1491759344.0,599060.0,121.0,200.0,0.0,35822.0,10.0,-0.0006391899078153074,-0.0012525025522336364,1.6423338651657104,0.0009836159879341722,0.000326384324580431,-0.0007957495981827378,0.0270750243216753,0.026963574811816216,94.0,36.0,0.0024540629237890244,0
-353505339.0,1491759344.0,599060.0,121.0,200.0,0.0,35822.0,10.0,-0.0006391899078153074,-0.0012525025522336364,1.6423338651657104,0.0009836159879341722,0.000326384324580431,-0.0007957495981827378,0.0270750243216753,0.026963574811816216,94.0,36.0,0.0024540629237890244,0
-353505339.0,1491759344.0,599060.0,121.0,200.0,0.0,2918.0,10.0,-0.0006519653834402561,-0.00087437016190961,1.642333745956421,-0.003008031751960516,0.0012551777763292193,-0.0009001432335935533,0.025957591831684113,0.025822201743721962,94.0,36.0,0.0026477323845028877,0
-353505339.0,1491759344.0,599060.0,121.0,200.0,0.0,2918.0,10.0,-0.0006519653834402561,-0.00087437016190961,1.642333745956421,-0.003008031751960516,0.0012551777763292193,-0.0009001432335935533,0.025957591831684113,0.025822201743721962,94.0,36.0,0.0026477323845028877,0
-353505339.0,1491759344.0,599070.0,121.0,200.0,0.0,17565.0,10.0,-0.0011667996877804399,-0.0007907419349066913,1.6423548460006714,-0.0018889331258833408,-0.0009146726806648076,-0.0005585454637184739,0.025014236569404602,0.02484291046857834,94.0,36.0,0.002922635991126299,0
-353505339.0,1491759344.0,599070.0,121.0,200.0,0.0,17565.0,10.0,-0.0011667996877804399,-0.0007907419349066913,1.6423548460006714,-0.0018889331258833408,-0.0009146726806648076,-0.0005585454637184739,0.025014236569404602,0.02484291046857834,94.0,36.0,0.002922635991126299,0
-353505339.0,1491759344.0,599070.0,121.0,200.0,0.0,17975.0,10.0,-0.0011879748199135065,-0.0008970804628916085,1.6424044370651245,5.40073961019516e-05,7.3822564445436e-05,-0.0004294913960620761,0.024145741015672684,0.024000057950615883,94.0,36.0,0.002648401539772749,0
-353505339.0,1491759344.0,599070.0,121.0,200.0,0.0,17975.0,10.0,-0.0011879748199135065,-0.0008970804628916085,1.6424044370651245,5.40073961019516e-05,7.3822564445436e-05,-0.0004294913960620761,0.024145741015672684,0.024000057950615883,94.0,36.0,0.002648401539772749,0
-353505339.0,1491759344.0,599070.0,121.0,200.0,0.0,18056.0,10.0,-0.001297738403081894,-0.000836362421978265,1.6424556970596313,0.00036402035038918257,0.00033185689244419336,-0.0013178259832784534,0.023555679246783257,0.02351047471165657,94.0,36.0,0.001458598650060594,0
-353505339.0,1491759344.0,599070.0,121.0,200.0,0.0,18056.0,10.0,-0.001297738403081894,-0.000836362421978265,1.6424556970596313,0.00036402035038918257,0.00033185689244419336,-0.0013178259832784534,0.023555679246783257,0.02351047471165657,94.0,36.0,0.001458598650060594,0
-353505339.0,1491759344.0,599070.0,121.0,200.0,0.0,18056.0,10.0,-0.001297738403081894,-0.000836362421978265,1.6424556970596313,0.00036402035038918257,0.00033185689244419336,-0.0013178259832784534,0.023555679246783257,0.02351047471165657,94.0,36.0,0.001458598650060594,0
-353505339.0,1491759344.0,599070.0,121.0,200.0,0.0,18058.0,10.0,-0.0013162720715627074,-0.0009524688357487321,1.642378330230713,0.0004007830284535885,0.0004506753757596016,-0.0006403129082173109,0.023526892066001892,0.02352185733616352,94.0,36.0,0.0004867028328590095,0
-353505339.0,1491759344.0,599070.0,121.0,200.0,0.0,18058.0,10.0,-0.0013162720715627074,-0.0009524688357487321,1.642378330230713,0.0004007830284535885,0.0004506753757596016,-0.0006403129082173109,0.023526892066001892,0.02352185733616352,94.0,36.0,0.0004867028328590095,0
-353505339.0,1491759344.0,599080.0,121.0,200.0,0.0,17850.0,10.0,-0.0016116519691422582,-0.0009209834388457239,1.6424434185028076,-0.0028271921910345554,0.00041798572055995464,-0.0009195114835165441,0.02385401353240013,0.023852789774537086,94.0,36.0,0.00024190802650991827,0
-353505339.0,1491759344.0,599080.0,121.0,200.0,0.0,17850.0,10.0,-0.0016116519691422582,-0.0009209834388457239,1.6424434185028076,-0.0028271921910345554,0.00041798572055995464,-0.0009195114835165441,0.02385401353240013,0.023852789774537086,94.0,36.0,0.00024190802650991827,0
-353505339.0,1491759344.0,599080.0,121.0,200.0,0.0,17740.0,10.0,-0.0017629062058404088,-0.0009376355446875095,1.6423717737197876,-0.0006597402971237898,-0.002291589044034481,-0.0005640999879688025,0.023783918470144272,0.023781828582286835,94.0,36.0,0.0003153166326228529,0
-353505339.0,1491759344.0,599080.0,121.0,200.0,0.0,17740.0,10.0,-0.0017629062058404088,-0.0009376355446875095,1.6423717737197876,-0.0006597402971237898,-0.002291589044034481,-0.0005640999879688025,0.023783918470144272,0.023781828582286835,94.0,36.0,0.0003153166326228529,0
-353505339.0,1491759344.0,599080.0,121.0,200.0,0.0,17612.0,10.0,-0.0018731111194938421,-0.0012384834699332714,1.642381191253662,-0.0021073755342513323,-0.0015022442676126957,-0.0013434193097054958,0.024613218382000923,0.024613002315163612,94.0,36.0,0.00010326400661142543,0
-353505339.0,1491759344.0,599080.0,121.0,200.0,0.0,17612.0,10.0,-0.0018731111194938421,-0.0012384834699332714,1.642381191253662,-0.0021073755342513323,-0.0015022442676126957,-0.0013434193097054958,0.024613218382000923,0.024613002315163612,94.0,36.0,0.00010326400661142543,0
-353505339.0,1491759344.0,599080.0,121.0,200.0,0.0,17136.0,10.0,-0.0017003759276121855,-0.0009373851935379207,1.6422673463821411,0.0002568090567365289,-0.0008602520683780313,-0.00043326534796506166,0.02554701641201973,0.025542179122567177,94.0,36.0,-0.0004971822490915656,0
-353505339.0,1491759344.0,599080.0,121.0,200.0,0.0,17136.0,10.0,-0.0017003759276121855,-0.0009373851935379207,1.6422673463821411,0.0002568090567365289,-0.0008602520683780313,-0.00043326534796506166,0.02554701641201973,0.025542179122567177,94.0,36.0,-0.0004971822490915656,0
-353505339.0,1491759344.0,599080.0,121.0,200.0,0.0,16421.0,10.0,-0.0015696694608777761,-0.0007342792814597487,1.6424331665039062,0.0014477170770987868,-0.0011636432027444243,-1.581863034516573e-05,0.02568628080189228,0.02566245198249817,94.0,36.0,-0.0011061553377658129,0
-353505339.0,1491759344.0,599080.0,121.0,200.0,0.0,16421.0,10.0,-0.0015696694608777761,-0.0007342792814597487,1.6424331665039062,0.0014477170770987868,-0.0011636432027444243,-1.581863034516573e-05,0.02568628080189228,0.02566245198249817,94.0,36.0,-0.0011061553377658129,0
-353505339.0,1491759344.0,599080.0,121.0,200.0,0.0,16421.0,10.0,-0.0015696694608777761,-0.0007342792814597487,1.6424331665039062,0.0014477170770987868,-0.0011636432027444243,-1.581863034516573e-05,0.02568628080189228,0.02566245198249817,94.0,36.0,-0.0011061553377658129,0
-353505339.0,1491759344.0,599080.0,121.0,200.0,0.0,16561.0,10.0,-0.0014804779784753919,-0.0009609091212041676,1.6423327922821045,0.0014779875054955482,-0.001000161049887538,-0.0015688234707340598,0.0253208689391613,0.025287173688411713,94.0,36.0,-0.0013058430049568415,0
-353505339.0,1491759344.0,599080.0,121.0,200.0,0.0,16561.0,10.0,-0.0014804779784753919,-0.0009609091212041676,1.6423327922821045,0.0014779875054955482,-0.001000161049887538,-0.0015688234707340598,0.0253208689391613,0.025287173688411713,94.0,36.0,-0.0013058430049568415,0
-353505339.0,1491759344.0,599080.0,121.0,200.0,0.0,16558.0,10.0,-0.0016310076462104917,-0.0007725391769781709,1.6422854661941528,-0.0008377207559533417,0.0001003672368824482,-0.00013767764903604984,0.025366973131895065,0.025316894054412842,94.0,36.0,-0.0015931586967781186,0
-353505339.0,1491759344.0,599080.0,121.0,200.0,0.0,16558.0,10.0,-0.0016310076462104917,-0.0007725391769781709,1.6422854661941528,-0.0008377207559533417,0.0001003672368824482,-0.00013767764903604984,0.025366973131895065,0.025316894054412842,94.0,36.0,-0.0015931586967781186,0
-353505339.0,1491759344.0,599090.0,121.0,200.0,0.0,16542.0,10.0,-0.0016310076462104917,-0.0007725391769781709,1.6422854661941528,-0.0008377207559533417,0.0001003672368824482,-0.00013767764903604984,0.025432180613279343,0.025401901453733444,94.0,36.0,-0.0012406626483425498,0
-353505339.0,1491759344.0,599090.0,121.0,200.0,0.0,16542.0,10.0,-0.0016310076462104917,-0.0007725391769781709,1.6422854661941528,-0.0008377207559533417,0.0001003672368824482,-0.00013767764903604984,0.025432180613279343,0.025401901453733444,94.0,36.0,-0.0012406626483425498,0
-353505339.0,1491759344.0,599090.0,121.0,200.0,0.0,31127.0,10.0,-0.03677764907479286,0.018947811797261238,1.6418825387954712,-0.3553194999694824,0.1090802326798439,-0.00109398877248168,0.03859221190214157,0.038545217365026474,94.0,36.0,-0.0019039817852899432,0
-353505339.0,1491759344.0,599090.0,121.0,200.0,0.0,31127.0,10.0,-0.03677764907479286,0.018947811797261238,1.6418825387954712,-0.3553194999694824,0.1090802326798439,-0.00109398877248168,0.03859221190214157,0.038545217365026474,94.0,36.0,-0.0019039817852899432,0
-353505339.0,1491759344.0,599090.0,121.0,200.0,0.0,31127.0,10.0,-0.03677764907479286,0.018947811797261238,1.6418825387954712,-0.3553194999694824,0.1090802326798439,-0.00109398877248168,0.03859221190214157,0.038545217365026474,94.0,36.0,-0.0019039817852899432,0
-353505339.0,1491759343.0,599090.0,121.0,200.0,9.0,34301.0,10.0,-0.1759568601846695,0.01573031395673752,1.6384179592132568,-0.6541804075241089,-0.07238402962684631,-0.040943246334791183,0.2829252779483795,0.28288647532463074,93.0,36.0,-0.004685652442276478,0
-353505339.0,1491759343.0,599090.0,121.0,200.0,9.0,34301.0,10.0,-0.1759568601846695,0.01573031395673752,1.6384179592132568,-0.6541804075241089,-0.07238402962684631,-0.040943246334791183,0.2829252779483795,0.28288647532463074,93.0,36.0,-0.004685652442276478,0
-353505337.0,1491759342.0,599090.0,121.0,200.0,35.0,35317.0,10.0,-0.31455549597740173,-0.00023489193699788302,1.593011736869812,-0.3382805585861206,0.020331816747784615,-0.44364452362060547,0.8826502561569214,0.8826148509979248,91.0,38.0,-0.007899364456534386,0
-353505337.0,1491759342.0,599090.0,121.0,200.0,35.0,35317.0,10.0,-0.31455549597740173,-0.00023489193699788302,1.593011736869812,-0.3382805585861206,0.020331816747784615,-0.44364452362060547,0.8826502561569214,0.8826148509979248,91.0,38.0,-0.007899364456534386,0
-353505327.0,1491759341.0,599090.0,121.0,200.0,82.0,35782.0,10.0,-0.3367726504802704,-0.06887515634298325,1.3870078325271606,-0.006777900271117687,-0.0021689063869416714,-1.1087615489959717,1.6453148126602173,1.6453148126602173,79.0,38.0,0.00015167634410317987,0
-353505327.0,1491759341.0,599090.0,121.0,200.0,82.0,35782.0,10.0,-0.3367726504802704,-0.06887515634298325,1.3870078325271606,-0.006777900271117687,-0.0021689063869416714,-1.1087615489959717,1.6453148126602173,1.6453148126602173,79.0,38.0,0.00015167634410317987,0
-353505276.0,1491759341.0,599090.0,121.0,200.0,200.0,12.0,10.0,-0.2986368238925934,-0.16237083077430725,1.0999857187271118,0.012904517352581024,0.004495340399444103,-1.208627462387085,2.357391119003296,2.3573856353759766,63.0,38.0,0.005107767414301634,0
-353505276.0,1491759341.0,599090.0,121.0,200.0,200.0,12.0,10.0,-0.2986368238925934,-0.16237083077430725,1.0999857187271118,0.012904517352581024,0.004495340399444103,-1.208627462387085,2.357391119003296,2.3573856353759766,63.0,38.0,0.005107767414301634,0
-353505276.0,1491759341.0,599090.0,121.0,200.0,200.0,12.0,10.0,-0.2986368238925934,-0.16237083077430725,1.0999857187271118,0.012904517352581024,0.004495340399444103,-1.208627462387085,2.357391119003296,2.3573856353759766,63.0,38.0,0.005107767414301634,0
-353505234.0,1491759341.0,599090.0,121.0,200.0,255.0,52.0,10.0,-0.24410271644592285,-0.24104635417461395,0.8145061135292053,-0.03463166207075119,-0.00888622272759676,-1.1290619373321533,3.0039255619049072,3.0039241313934326,46.0,38.0,0.0032751373946666718,0
-353505234.0,1491759341.0,599090.0,121.0,200.0,255.0,52.0,10.0,-0.24410271644592285,-0.24104635417461395,0.8145061135292053,-0.03463166207075119,-0.00888622272759676,-1.1290619373321533,3.0039255619049072,3.0039241313934326,46.0,38.0,0.0032751373946666718,0
-353505184.0,1491759341.0,599090.0,121.0,200.0,307.0,68.0,10.0,-0.1792905032634735,-0.3063001036643982,0.5402725338935852,-0.036482732743024826,-0.048557817935943604,-1.068008303642273,3.611912965774536,3.611912965774536,30.0,38.0,-4.690524292527698e-05,0
-353505184.0,1491759341.0,599090.0,121.0,200.0,307.0,68.0,10.0,-0.1792905032634735,-0.3063001036643982,0.5402725338935852,-0.036482732743024826,-0.048557817935943604,-1.068008303642273,3.611912965774536,3.611912965774536,30.0,38.0,-4.690524292527698e-05,0
-353505124.0,1491759342.0,599100.0,121.0,200.0,356.0,58.0,10.0,-0.09610232710838318,-0.3602933883666992,0.26738932728767395,-0.02034342847764492,-0.08611956238746643,-1.0489990711212158,4.188948154449463,4.188947677612305,15.0,38.0,-0.0014780884375795722,0
-353505124.0,1491759342.0,599100.0,121.0,200.0,356.0,58.0,10.0,-0.09610232710838318,-0.3602933883666992,0.26738932728767395,-0.02034342847764492,-0.08611956238746643,-1.0489990711212158,4.188948154449463,4.188947677612305,15.0,38.0,-0.0014780884375795722,0
-353504979.0,1491759343.0,599100.0,121.0,200.0,449.0,21.0,10.0,0.000267512776190415,-0.3992472290992737,0.004548671189695597,0.001211801078170538,-0.12508630752563477,-0.8248314261436462,4.744076251983643,4.744075298309326,0.0,38.0,-0.001953143859282136,0
-353504979.0,1491759343.0,599100.0,121.0,200.0,449.0,21.0,10.0,0.000267512776190415,-0.3992472290992737,0.004548671189695597,0.001211801078170538,-0.12508630752563477,-0.8248314261436462,4.744076251983643,4.744075298309326,0.0,38.0,-0.001953143859282136,0
-353504979.0,1491759343.0,599100.0,121.0,200.0,449.0,21.0,10.0,0.000267512776190415,-0.3992472290992737,0.004548671189695597,0.001211801078170538,-0.12508630752563477,-0.8248314261436462,4.744076251983643,4.744075298309326,0.0,38.0,-0.001953143859282136,0
-353504894.0,1491759343.0,599100.0,121.0,200.0,494.0,25.0,10.0,0.04097955673933029,-0.4308360815048218,-0.09664712846279144,-0.005317857954651117,-0.13873480260372162,-0.016966644674539566,5.308382987976074,5.3083815574646,354.0,39.0,-0.0038901171647012234,0
-353504894.0,1491759343.0,599100.0,121.0,200.0,494.0,25.0,10.0,0.04097955673933029,-0.4308360815048218,-0.09664712846279144,-0.005317857954651117,-0.13873480260372162,-0.016966644674539566,5.308382987976074,5.3083815574646,354.0,39.0,-0.0038901171647012234,0
-353504802.0,1491759344.0,599100.0,121.0,200.0,540.0,38.0,10.0,0.019292982295155525,-0.4671775996685028,-0.05254608765244484,-0.011777996085584164,-0.14043356478214264,0.21556459367275238,5.894099712371826,5.894096851348877,356.0,40.0,-0.005943065509200096,0
-353504802.0,1491759344.0,599100.0,121.0,200.0,540.0,38.0,10.0,0.019292982295155525,-0.4671775996685028,-0.05254608765244484,-0.011777996085584164,-0.14043356478214264,0.21556459367275238,5.894099712371826,5.894096851348877,356.0,40.0,-0.005943065509200096,0
-353504700.0,1491759345.0,599100.0,121.0,200.0,587.0,43.0,10.0,-0.002704877406358719,-0.5013347268104553,-0.008790833875536919,-0.0037278260570019484,-0.12942367792129517,0.0905027985572815,6.494554042816162,6.49454927444458,359.0,40.0,-0.007707605604082346,0
-353504700.0,1491759345.0,599100.0,121.0,200.0,587.0,43.0,10.0,-0.002704877406358719,-0.5013347268104553,-0.008790833875536919,-0.0037278260570019484,-0.12942367792129517,0.0905027985572815,6.494554042816162,6.49454927444458,359.0,40.0,-0.007707605604082346,0
-353504471.0,1491759347.0,599100.0,121.0,200.0,684.0,27.0,10.0,-0.007018656935542822,-0.5197243094444275,-0.00030780647648498416,-0.0006090467795729637,-0.03153375908732414,-0.007760136388242245,7.091531276702881,7.091527462005615,359.0,41.0,-0.006968009751290083,0
-353504471.0,1491759347.0,599100.0,121.0,200.0,684.0,27.0,10.0,-0.007018656935542822,-0.5197243094444275,-0.00030780647648498416,-0.0006090467795729637,-0.03153375908732414,-0.007760136388242245,7.091531276702881,7.091527462005615,359.0,41.0,-0.006968009751290083,0
-353504471.0,1491759347.0,599100.0,121.0,200.0,684.0,27.0,10.0,-0.007018656935542822,-0.5197243094444275,-0.00030780647648498416,-0.0006090467795729637,-0.03153375908732414,-0.007760136388242245,7.091531276702881,7.091527462005615,359.0,41.0,-0.006968009751290083,0
-353504344.0,1491759347.0,599100.0,121.0,200.0,730.0,17.0,10.0,-0.003484436310827732,-0.5228473544120789,-0.00561445252969861,0.002607456175610423,-0.0039030825719237328,-0.020910482853651047,7.624953746795654,7.624952793121338,359.0,41.0,-0.004102750215679407,0
-353504344.0,1491759347.0,599100.0,121.0,200.0,730.0,17.0,10.0,-0.003484436310827732,-0.5228473544120789,-0.00561445252969861,0.002607456175610423,-0.0039030825719237328,-0.020910482853651047,7.624953746795654,7.624952793121338,359.0,41.0,-0.004102750215679407,0
-353504209.0,1491759348.0,599100.0,121.0,200.0,772.0,9.0,10.0,-0.0013401720207184553,-0.5232402086257935,-0.009167853742837906,0.0006167899700812995,-0.00045902724377810955,-0.006478101946413517,8.077402114868164,8.077402114868164,359.0,41.0,-0.0029570292681455612,0
-353504209.0,1491759348.0,599100.0,121.0,200.0,772.0,9.0,10.0,-0.0013401720207184553,-0.5232402086257935,-0.009167853742837906,0.0006167899700812995,-0.00045902724377810955,-0.006478101946413517,8.077402114868164,8.077402114868164,359.0,41.0,-0.0029570292681455612,0
-353504067.0,1491759348.0,599100.0,121.0,200.0,808.0,4.0,10.0,-0.0007586390129290521,-0.5226835608482361,-0.009514164179563522,0.0013140176888555288,0.002579550025984645,0.0006715148920193315,8.455610275268555,8.455610275268555,359.0,41.0,-0.002933771815150976,0
-353504067.0,1491759348.0,599100.0,121.0,200.0,808.0,4.0,10.0,-0.0007586390129290521,-0.5226835608482361,-0.009514164179563522,0.0013140176888555288,0.002579550025984645,0.0006715148920193315,8.455610275268555,8.455610275268555,359.0,41.0,-0.002933771815150976,0
-353503766.0,1491759348.0,599100.0,121.0,200.0,866.0,35996.0,10.0,-0.0008442425751127303,-0.521436333656311,-0.009181037545204163,-8.26781615614891e-06,0.017611531540751457,0.0007777308346703649,8.768519401550293,8.768518447875977,359.0,41.0,-0.004353540483862162,0
-353503766.0,1491759348.0,599100.0,121.0,200.0,866.0,35996.0,10.0,-0.0008442425751127303,-0.521436333656311,-0.009181037545204163,-8.26781615614891e-06,0.017611531540751457,0.0007777308346703649,8.768519401550293,8.768518447875977,359.0,41.0,-0.004353540483862162,0
-353503766.0,1491759348.0,599100.0,121.0,200.0,866.0,35996.0,10.0,-0.0008442425751127303,-0.521436333656311,-0.009181037545204163,-8.26781615614891e-06,0.017611531540751457,0.0007777308346703649,8.768519401550293,8.768518447875977,359.0,41.0,-0.004353540483862162,0
-353503608.0,1491759348.0,599100.0,121.0,200.0,889.0,35994.0,10.0,-0.000500014575663954,-0.5166204571723938,-0.008855564519762993,0.00330321304500103,0.007391772232949734,0.0006344362627714872,9.017509460449219,9.017509460449219,359.0,41.0,-0.0037752233911305666,0
-353503608.0,1491759348.0,599100.0,121.0,200.0,889.0,35994.0,10.0,-0.000500014575663954,-0.5166204571723938,-0.008855564519762993,0.00330321304500103,0.007391772232949734,0.0006344362627714872,9.017509460449219,9.017509460449219,359.0,41.0,-0.0037752233911305666,0
-353503446.0,1491759348.0,599100.0,121.0,200.0,908.0,35991.0,10.0,-6.765343277947977e-05,-0.5190706849098206,-0.008829865604639053,-0.0004892864380963147,-0.013029086403548717,0.00014191854279488325,9.219947814941406,9.219944953918457,359.0,41.0,-0.005401147063821554,0
-353503446.0,1491759348.0,599100.0,121.0,200.0,908.0,35991.0,10.0,-6.765343277947977e-05,-0.5190706849098206,-0.008829865604639053,-0.0004892864380963147,-0.013029086403548717,0.00014191854279488325,9.219947814941406,9.219944953918457,359.0,41.0,-0.005401147063821554,0
-353503281.0,1491759348.0,599100.0,121.0,200.0,924.0,35990.0,10.0,-0.00016450561815872788,-0.5206420421600342,-0.008506803773343563,0.0010811442043632269,-0.002913673175498843,0.0012542679905891418,9.39696979522705,9.396967887878418,359.0,41.0,-0.005387187469750643,0
-353503281.0,1491759348.0,599100.0,121.0,200.0,924.0,35990.0,10.0,-0.00016450561815872788,-0.5206420421600342,-0.008506803773343563,0.0010811442043632269,-0.002913673175498843,0.0012542679905891418,9.39696979522705,9.396967887878418,359.0,41.0,-0.005387187469750643,0
-353502944.0,1491759347.0,599100.0,121.0,200.0,951.0,35987.0,10.0,-0.0001497471530456096,-0.5209874510765076,-0.008302298374474049,0.000636923941783607,0.00020638073328882456,-5.85771631449461e-05,9.5454683303833,9.545467376708984,359.0,41.0,-0.005487866699695587,0
-353502944.0,1491759347.0,599100.0,121.0,200.0,951.0,35987.0,10.0,-0.0001497471530456096,-0.5209874510765076,-0.008302298374474049,0.000636923941783607,0.00020638073328882456,-5.85771631449461e-05,9.5454683303833,9.545467376708984,359.0,41.0,-0.005487866699695587,0
-353502944.0,1491759347.0,599100.0,121.0,200.0,951.0,35987.0,10.0,-0.0001497471530456096,-0.5209874510765076,-0.008302298374474049,0.000636923941783607,0.00020638073328882456,-5.85771631449461e-05,9.5454683303833,9.545467376708984,359.0,41.0,-0.005487866699695587,0
-353502772.0,1491759347.0,599100.0,121.0,200.0,961.0,35986.0,10.0,1.7280464817304164e-05,-0.5210322737693787,-0.008218568749725819,0.0006337502272799611,-0.00037646281998604536,-8.321809582412243e-05,9.669228553771973,9.66922664642334,359.0,41.0,-0.005054372362792492,0
-353502772.0,1491759347.0,599100.0,121.0,200.0,961.0,35986.0,10.0,1.7280464817304164e-05,-0.5210322737693787,-0.008218568749725819,0.0006337502272799611,-0.00037646281998604536,-8.321809582412243e-05,9.669228553771973,9.66922664642334,359.0,41.0,-0.005054372362792492,0
-353502599.0,1491759346.0,599100.0,121.0,200.0,970.0,35986.0,10.0,4.11020519095473e-05,-0.4931040406227112,-0.008120127953588963,0.0005436313804239035,0.23895464837551117,0.00011108512990176678,9.746190071105957,9.74618911743164,359.0,40.0,0.0019420821918174624,0
-353502599.0,1491759346.0,599100.0,121.0,200.0,970.0,35986.0,10.0,4.11020519095473e-05,-0.4931040406227112,-0.008120127953588963,0.0005436313804239035,0.23895464837551117,0.00011108512990176678,9.746190071105957,9.74618911743164,359.0,40.0,0.0019420821918174624,0
-353502424.0,1491759346.0,599100.0,121.0,200.0,975.0,35985.0,10.0,-0.0003741905966307968,-0.41473546624183655,-0.007747559808194637,-0.0008048169547691941,0.32608574628829956,0.0005472982302308083,9.637545585632324,9.637530326843262,359.0,38.0,0.017144829034805298,0
-353502424.0,1491759346.0,599100.0,121.0,200.0,975.0,35985.0,10.0,-0.0003741905966307968,-0.41473546624183655,-0.007747559808194637,-0.0008048169547691941,0.32608574628829956,0.0005472982302308083,9.637545585632324,9.637530326843262,359.0,38.0,0.017144829034805298,0
-353502077.0,1491759344.0,599100.0,121.0,200.0,949.0,35982.0,10.0,-0.0008285764488391578,-0.3436150848865509,-0.007298878859728575,-0.0006311126053333282,0.24416682124137878,-3.7012854591012e-05,9.327486038208008,9.327473640441895,359.0,36.0,0.015904881060123444,0
-353502077.0,1491759344.0,599100.0,121.0,200.0,949.0,35982.0,10.0,-0.0008285764488391578,-0.3436150848865509,-0.007298878859728575,-0.0006311126053333282,0.24416682124137878,-3.7012854591012e-05,9.327486038208008,9.327473640441895,359.0,36.0,0.015904881060123444,0
-353502077.0,1491759344.0,599100.0,121.0,200.0,949.0,35982.0,10.0,-0.0008285764488391578,-0.3436150848865509,-0.007298878859728575,-0.0006311126053333282,0.24416682124137878,-3.7012854591012e-05,9.327486038208008,9.327473640441895,359.0,36.0,0.015904881060123444,0
-353501909.0,1491759344.0,599110.0,121.0,200.0,920.0,35980.0,10.0,-0.000571209064219147,-0.29054901003837585,-0.006977186072617769,0.0033599247690290213,0.19638606905937195,-0.0016842384357005358,8.913703918457031,8.913703918457031,359.0,36.0,0.002748584607616067,0
-353501909.0,1491759344.0,599110.0,121.0,200.0,920.0,35980.0,10.0,-0.000571209064219147,-0.29054901003837585,-0.006977186072617769,0.0033599247690290213,0.19638606905937195,-0.0016842384357005358,8.913703918457031,8.913703918457031,359.0,36.0,0.002748584607616067,0
-353501746.0,1491759343.0,599110.0,121.0,200.0,885.0,35977.0,10.0,-0.00026271623210050166,-0.24277667701244354,-0.006704898085445166,0.003996963147073984,0.19305531680583954,-0.002233143663033843,8.45180892944336,8.451801300048828,359.0,35.0,-0.011027836240828037,0
-353501746.0,1491759343.0,599110.0,121.0,200.0,885.0,35977.0,10.0,-0.00026271623210050166,-0.24277667701244354,-0.006704898085445166,0.003996963147073984,0.19305531680583954,-0.002233143663033843,8.45180892944336,8.451801300048828,359.0,35.0,-0.011027836240828037,0
-353501591.0,1491759342.0,599110.0,121.0,200.0,847.0,35975.0,10.0,0.0006802667630836368,-0.19356660544872284,-0.006517963949590921,0.008028987795114517,0.20281651616096497,-0.0030746532138437033,7.9533891677856445,7.953362464904785,359.0,35.0,-0.02022661082446575,0
-353501591.0,1491759342.0,599110.0,121.0,200.0,847.0,35975.0,10.0,0.0006802667630836368,-0.19356660544872284,-0.006517963949590921,0.008028987795114517,0.20281651616096497,-0.0030746532138437033,7.9533891677856445,7.953362464904785,359.0,35.0,-0.02022661082446575,0
-353501300.0,1491759341.0,599100.0,121.0,200.0,765.0,35972.0,10.0,0.0019150048028677702,-0.14203660190105438,-0.006412432994693518,0.0041108643636107445,0.21067151427268982,-0.0035687736235558987,7.422682285308838,7.422640323638916,359.0,35.0,-0.024780508130788803,0
-353501300.0,1491759341.0,599100.0,121.0,200.0,765.0,35972.0,10.0,0.0019150048028677702,-0.14203660190105438,-0.006412432994693518,0.0041108643636107445,0.21067151427268982,-0.0035687736235558987,7.422682285308838,7.422640323638916,359.0,35.0,-0.024780508130788803,0
-353501167.0,1491759340.0,599100.0,121.0,200.0,721.0,35973.0,10.0,0.0026578460820019245,-0.08899138867855072,-0.00622577266767621,0.0026007695123553276,0.21529990434646606,-0.003974306397140026,6.859451770782471,6.859403133392334,359.0,35.0,-0.025689126923680305,0
-353501167.0,1491759340.0,599100.0,121.0,200.0,721.0,35973.0,10.0,0.0026578460820019245,-0.08899138867855072,-0.00622577266767621,0.0026007695123553276,0.21529990434646606,-0.003974306397140026,6.859451770782471,6.859403133392334,359.0,35.0,-0.025689126923680305,0
-353501041.0,1491759339.0,599090.0,121.0,200.0,675.0,35975.0,10.0,0.003690323792397976,-0.03514523059129715,-0.006116135977208614,0.004873285070061684,0.21374854445457458,-0.00404594698920846,6.263394355773926,6.263350486755371,359.0,36.0,-0.023437026888132095,0
-353501041.0,1491759339.0,599090.0,121.0,200.0,675.0,35975.0,10.0,0.003690323792397976,-0.03514523059129715,-0.006116135977208614,0.004873285070061684,0.21374854445457458,-0.00404594698920846,6.263394355773926,6.263350486755371,359.0,36.0,-0.023437026888132095,0
-353500924.0,1491759339.0,599090.0,121.0,200.0,626.0,35978.0,10.0,0.004325609188526869,0.01792250946164131,-0.005997536238282919,0.0017978436080738902,0.208563432097435,-0.003495794488117099,5.635984420776367,5.635954856872559,359.0,36.0,-0.018230218440294266,0
-353500924.0,1491759339.0,599090.0,121.0,200.0,626.0,35978.0,10.0,0.004325609188526869,0.01792250946164131,-0.005997536238282919,0.0017978436080738902,0.208563432097435,-0.003495794488117099,5.635984420776367,5.635954856872559,359.0,36.0,-0.018230218440294266,0
-353500717.0,1491759338.0,599080.0,121.0,200.0,523.0,35992.0,10.0,0.004455442074686289,0.06849123537540436,-0.005913997534662485,-0.0008838846115395427,0.19546784460544586,-0.003142768517136574,4.980123519897461,4.980112075805664,359.0,36.0,-0.010646559298038483,0
-353500717.0,1491759338.0,599080.0,121.0,200.0,523.0,35992.0,10.0,0.004455442074686289,0.06849123537540436,-0.005913997534662485,-0.0008838846115395427,0.19546784460544586,-0.003142768517136574,4.980123519897461,4.980112075805664,359.0,36.0,-0.010646559298038483,0
-353500717.0,1491759338.0,599080.0,121.0,200.0,523.0,35992.0,10.0,0.004455442074686289,0.06849123537540436,-0.005913997534662485,-0.0008838846115395427,0.19546784460544586,-0.003142768517136574,4.980123519897461,4.980112075805664,359.0,36.0,-0.010646559298038483,0
-353500628.0,1491759338.0,599080.0,121.0,200.0,469.0,1.0,10.0,0.003855176270008087,0.11503039300441742,-0.005834226496517658,-0.001264599384739995,0.17888589203357697,-0.003066249657422304,4.300436496734619,4.300436019897461,359.0,36.0,-0.0018688719719648361,0
-353500628.0,1491759338.0,599080.0,121.0,200.0,469.0,1.0,10.0,0.003855176270008087,0.11503039300441742,-0.005834226496517658,-0.001264599384739995,0.17888589203357697,-0.003066249657422304,4.300436496734619,4.300436019897461,359.0,36.0,-0.0018688719719648361,0
-353500548.0,1491759338.0,599080.0,121.0,200.0,414.0,13.0,10.0,0.003043771954253316,0.1563132107257843,-0.005857136100530624,-0.003657105378806591,0.1554260402917862,-0.002586263231933117,3.602876663208008,3.602871894836426,359.0,36.0,0.005619905889034271,0
-353500548.0,1491759338.0,599080.0,121.0,200.0,414.0,13.0,10.0,0.003043771954253316,0.1563132107257843,-0.005857136100530624,-0.003657105378806591,0.1554260402917862,-0.002586263231933117,3.602876663208008,3.602871894836426,359.0,36.0,0.005619905889034271,0
-353500479.0,1491759338.0,599080.0,121.0,200.0,357.0,26.0,10.0,0.001910591614432633,0.19212749600410461,-0.005905197001993656,-0.0024565057829022408,0.13208861649036407,-0.001956338295713067,2.890994071960449,2.890972852706909,359.0,37.0,0.011093675158917904,0
-353500479.0,1491759338.0,599080.0,121.0,200.0,357.0,26.0,10.0,0.001910591614432633,0.19212749600410461,-0.005905197001993656,-0.0024565057829022408,0.13208861649036407,-0.001956338295713067,2.890994071960449,2.890972852706909,359.0,37.0,0.011093675158917904,0
-353500372.0,1491759338.0,599080.0,121.0,200.0,242.0,62.0,10.0,0.0010727639310061932,0.22208140790462494,-0.005974275525659323,-0.004354620352387428,0.10819283872842789,-0.0017505495343357325,2.175048351287842,2.175009250640869,359.0,37.0,0.013074241578578949,0
-353500372.0,1491759338.0,599080.0,121.0,200.0,242.0,62.0,10.0,0.0010727639310061932,0.22208140790462494,-0.005974275525659323,-0.004354620352387428,0.10819283872842789,-0.0017505495343357325,2.175048351287842,2.175009250640869,359.0,37.0,0.013074241578578949,0
-353500372.0,1491759338.0,599080.0,121.0,200.0,242.0,62.0,10.0,0.0010727639310061932,0.22208140790462494,-0.005974275525659323,-0.004354620352387428,0.10819283872842789,-0.0017505495343357325,2.175048351287842,2.175009250640869,359.0,37.0,0.013074241578578949,0
-353500333.0,1491759339.0,599080.0,121.0,200.0,184.0,91.0,10.0,0.00039171954267658293,0.246159628033638,-0.006044987589120865,-0.0003687562420964241,0.08576533943414688,-0.0011156867258250713,1.4578582048416138,1.4578027725219727,359.0,37.0,0.012732146307826042,0
-353500333.0,1491759339.0,599080.0,121.0,200.0,184.0,91.0,10.0,0.00039171954267658293,0.246159628033638,-0.006044987589120865,-0.0003687562420964241,0.08576533943414688,-0.0011156867258250713,1.4578582048416138,1.4578027725219727,359.0,37.0,0.012732146307826042,0
-353500305.0,1491759339.0,599080.0,121.0,200.0,127.0,142.0,10.0,-0.00011767005344154313,0.22587351500988007,-0.006036055274307728,-0.0017559402622282505,-0.28224945068359375,-0.0004791498649865389,0.7737839221954346,0.7736743688583374,359.0,37.0,0.013021145015954971,0
-353500305.0,1491759339.0,599080.0,121.0,200.0,127.0,142.0,10.0,-0.00011767005344154313,0.22587351500988007,-0.006036055274307728,-0.0017559402622282505,-0.28224945068359375,-0.0004791498649865389,0.7737839221954346,0.7736743688583374,359.0,37.0,0.013021145015954971,0
-353500287.0,1491759340.0,599080.0,121.0,200.0,73.0,260.0,10.0,-0.00024921700241975486,0.13556969165802002,-0.005959407426416874,0.0013331212103366852,-0.3567246198654175,-0.00037111155688762665,0.29863423109054565,0.2983667552471161,359.0,36.0,0.01263764314353466,0
-353500287.0,1491759340.0,599080.0,121.0,200.0,73.0,260.0,10.0,-0.00024921700241975486,0.13556969165802002,-0.005959407426416874,0.0013331212103366852,-0.3567246198654175,-0.00037111155688762665,0.29863423109054565,0.2983667552471161,359.0,36.0,0.01263764314353466,0
-353500275.0,1491759342.0,599080.0,121.0,200.0,6.0,3513.0,10.0,-0.0015839535044506192,0.05812671780586243,-0.0058723678812384605,-0.013264093548059464,-0.2588925361633301,-0.00014523277059197426,0.06706155091524124,0.0669139176607132,359.0,36.0,0.0044474052265286446,0
-353500275.0,1491759342.0,599080.0,121.0,200.0,6.0,3513.0,10.0,-0.0015839535044506192,0.05812671780586243,-0.0058723678812384605,-0.013264093548059464,-0.2588925361633301,-0.00014523277059197426,0.06706155091524124,0.0669139176607132,359.0,36.0,0.0044474052265286446,0
-353500275.0,1491759342.0,599080.0,121.0,200.0,6.0,3513.0,10.0,-0.0015839535044506192,0.05812671780586243,-0.0058723678812384605,-0.013264093548059464,-0.2588925361633301,-0.00014523277059197426,0.06706155091524124,0.0669139176607132,359.0,36.0,0.0044474052265286446,0
-353500275.0,1491759343.0,599070.0,121.0,200.0,9.0,15834.0,10.0,-0.004428863991051912,0.01665439084172249,-0.005719868000596762,0.0019778581336140633,-0.11485613882541656,-0.0001686842879280448,0.03556559979915619,0.03449104726314545,359.0,36.0,-0.008676373399794102,0
-353500275.0,1491759343.0,599070.0,121.0,200.0,9.0,15834.0,10.0,-0.004428863991051912,0.01665439084172249,-0.005719868000596762,0.0019778581336140633,-0.11485613882541656,-0.0001686842879280448,0.03556559979915619,0.03449104726314545,359.0,36.0,-0.008676373399794102,0
-353500277.0,1491759343.0,599070.0,121.0,200.0,14.0,16813.0,10.0,-0.0020526652224361897,-0.003205304266884923,-0.005561024881899357,0.006047069560736418,-0.04794493690133095,0.0003679904621094465,0.042629390954971313,0.04181281104683876,359.0,36.0,-0.008303849957883358,0
-353500277.0,1491759343.0,599070.0,121.0,200.0,14.0,16813.0,10.0,-0.0020526652224361897,-0.003205304266884923,-0.005561024881899357,0.006047069560736418,-0.04794493690133095,0.0003679904621094465,0.042629390954971313,0.04181281104683876,359.0,36.0,-0.008303849957883358,0
-353500279.0,1491759344.0,599060.0,121.0,200.0,15.0,17025.0,10.0,-0.010814322158694267,0.0011304172221571207,-0.005568229593336582,-0.07099072635173798,0.07516606897115707,-0.00013341056182980537,0.03406260162591934,0.033750344067811966,359.0,36.0,0.004601608030498028,0
-353500279.0,1491759344.0,599060.0,121.0,200.0,15.0,17025.0,10.0,-0.010814322158694267,0.0011304172221571207,-0.005568229593336582,-0.07099072635173798,0.07516606897115707,-0.00013341056182980537,0.03406260162591934,0.033750344067811966,359.0,36.0,0.004601608030498028,0
-353500284.0,1491759344.0,599060.0,121.0,200.0,15.0,18246.0,10.0,-0.033352695405483246,0.027911009266972542,-0.006006389856338501,-0.08831703662872314,0.11299306154251099,0.0008133403025567532,0.08961859345436096,0.08900170028209686,359.0,36.0,0.010497037321329117,0
-353500284.0,1491759344.0,599060.0,121.0,200.0,15.0,18246.0,10.0,-0.033352695405483246,0.027911009266972542,-0.006006389856338501,-0.08831703662872314,0.11299306154251099,0.0008133403025567532,0.08961859345436096,0.08900170028209686,359.0,36.0,0.010497037321329117,0
-353500284.0,1491759344.0,599060.0,121.0,200.0,15.0,18246.0,10.0,-0.033352695405483246,0.027911009266972542,-0.006006389856338501,-0.08831703662872314,0.11299306154251099,0.0008133403025567532,0.08961859345436096,0.08900170028209686,359.0,36.0,0.010497037321329117,0
-353500288.0,1491759344.0,599060.0,121.0,200.0,20.0,19745.0,10.0,-0.05430013686418533,0.05699196830391884,-0.007111894898116589,-0.07909293472766876,0.1167030781507492,0.00041040091309696436,0.23494035005569458,0.2345200479030609,359.0,36.0,0.01404709741473198,0
-353500288.0,1491759344.0,599060.0,121.0,200.0,20.0,19745.0,10.0,-0.05430013686418533,0.05699196830391884,-0.007111894898116589,-0.07909293472766876,0.1167030781507492,0.00041040091309696436,0.23494035005569458,0.2345200479030609,359.0,36.0,0.01404709741473198,0
-353500292.0,1491759343.0,599060.0,121.0,200.0,32.0,20735.0,10.0,-0.07419615983963013,0.08654050529003143,-0.00897898618131876,-0.07545196264982224,0.11735840886831284,9.385286830365658e-05,0.45432722568511963,0.4540727734565735,359.0,36.0,0.01520471926778555,0
-353500292.0,1491759343.0,599060.0,121.0,200.0,32.0,20735.0,10.0,-0.07419615983963013,0.08654050529003143,-0.00897898618131876,-0.07545196264982224,0.11735840886831284,9.385286830365658e-05,0.45432722568511963,0.4540727734565735,359.0,36.0,0.01520471926778555,0
-353500298.0,1491759338.0,599060.0,121.0,200.0,49.0,21215.0,10.0,-0.09393923729658127,0.11729744076728821,-0.011547183617949486,-0.07784692198038101,0.12406209856271744,0.00025557249318808317,0.7433971166610718,0.7432435154914856,359.0,36.0,0.015109560452401638,0
-353500298.0,1491759338.0,599060.0,121.0,200.0,49.0,21215.0,10.0,-0.09393923729658127,0.11729744076728821,-0.011547183617949486,-0.07784692198038101,0.12406209856271744,0.00025557249318808317,0.7433971166610718,0.7432435154914856,359.0,36.0,0.015109560452401638,0
-353500320.0,1491759321.0,599070.0,121.0,200.0,97.0,21530.0,10.0,-0.11400097608566284,0.14960169792175293,-0.014836897142231464,-0.07841365784406662,0.13228027522563934,0.00028961675707250834,1.100667953491211,1.1005748510360718,359.0,36.0,0.014320585876703262,0
-353500320.0,1491759321.0,599070.0,121.0,200.0,97.0,21530.0,10.0,-0.11400097608566284,0.14960169792175293,-0.014836897142231464,-0.07841365784406662,0.13228027522563934,0.00028961675707250834,1.100667953491211,1.1005748510360718,359.0,36.0,0.014320585876703262,0
-353500320.0,1491759321.0,599070.0,121.0,200.0,97.0,21530.0,10.0,-0.11400097608566284,0.14960169792175293,-0.014836897142231464,-0.07841365784406662,0.13228027522563934,0.00028961675707250834,1.100667953491211,1.1005748510360718,359.0,36.0,0.014320585876703262,0
-353500336.0,1491759306.0,599070.0,121.0,200.0,127.0,21563.0,10.0,-0.1341457962989807,0.1829167902469635,-0.018917251378297806,-0.0789601057767868,0.13518191874027252,0.0003283147234469652,1.524207353591919,1.5241553783416748,358.0,37.0,0.012571941129863262,0
-353500336.0,1491759306.0,599070.0,121.0,200.0,127.0,21563.0,10.0,-0.1341457962989807,0.1829167902469635,-0.018917251378297806,-0.0789601057767868,0.13518191874027252,0.0003283147234469652,1.524207353591919,1.5241553783416748,358.0,37.0,0.012571941129863262,0
-353500357.0,1491759287.0,599070.0,121.0,200.0,162.0,21565.0,10.0,-0.1550651490688324,0.2169615775346756,-0.023837991058826447,-0.0816178172826767,0.13993585109710693,0.0003025764599442482,2.010343074798584,2.010312795639038,358.0,37.0,0.011005643755197525,0
-353500357.0,1491759287.0,599070.0,121.0,200.0,162.0,21565.0,10.0,-0.1550651490688324,0.2169615775346756,-0.023837991058826447,-0.0816178172826767,0.13993585109710693,0.0003025764599442482,2.010343074798584,2.010312795639038,358.0,37.0,0.011005643755197525,0
-353500384.0,1491759263.0,599070.0,121.0,200.0,201.0,21552.0,10.0,-0.17652547359466553,0.25152820348739624,-0.029669959098100662,-0.08052899688482285,0.13717769086360931,3.7048012018203735e-05,2.556117057800293,2.5560989379882812,358.0,37.0,0.009668801911175251,0
-353500384.0,1491759263.0,599070.0,121.0,200.0,201.0,21552.0,10.0,-0.17652547359466553,0.25152820348739624,-0.029669959098100662,-0.08052899688482285,0.13717769086360931,3.7048012018203735e-05,2.556117057800293,2.5560989379882812,358.0,37.0,0.009668801911175251,0
-353500456.0,1491759201.0,599070.0,121.0,200.0,291.0,21512.0,10.0,-0.19802415370941162,0.2851583957672119,-0.03616156429052353,-0.06909496337175369,0.11775697022676468,-6.417045369744301e-05,3.158144474029541,3.158132553100586,357.0,38.0,0.008675121702253819,0
-353500456.0,1491759201.0,599070.0,121.0,200.0,291.0,21512.0,10.0,-0.19802415370941162,0.2851583957672119,-0.03616156429052353,-0.06909496337175369,0.11775697022676468,-6.417045369744301e-05,3.158144474029541,3.158132553100586,357.0,38.0,0.008675121702253819,0
-353500502.0,1491759161.0,599070.0,121.0,200.0,340.0,21491.0,10.0,-0.2105523943901062,0.3058004677295685,-0.04057461768388748,-0.03253454715013504,0.062389981001615524,-0.00012033351231366396,3.7849836349487305,3.7849724292755127,357.0,38.0,0.009117876179516315,0
-353500502.0,1491759161.0,599070.0,121.0,200.0,340.0,21491.0,10.0,-0.2105523943901062,0.3058004677295685,-0.04057461768388748,-0.03253454715013504,0.062389981001615524,-0.00012033351231366396,3.7849836349487305,3.7849724292755127,357.0,38.0,0.009117876179516315,0
-353500556.0,1491759115.0,599070.0,121.0,200.0,390.0,21473.0,10.0,-0.21776919066905975,0.3197069466114044,-0.04369495436549187,-0.02688588574528694,0.05853544548153877,-1.2993928976356983e-05,4.395548343658447,4.395539283752441,357.0,38.0,0.008983142673969269,0
-353500556.0,1491759115.0,599070.0,121.0,200.0,390.0,21473.0,10.0,-0.21776919066905975,0.3197069466114044,-0.04369495436549187,-0.02688588574528694,0.05853544548153877,-1.2993928976356983e-05,4.395548343658447,4.395539283752441,357.0,38.0,0.008983142673969269,0
-353500617.0,1491759063.0,599070.0,121.0,200.0,439.0,21458.0,10.0,-0.22673383355140686,0.33589303493499756,-0.04746260866522789,-0.03821246698498726,0.07217768579721451,7.265526801347733e-05,4.983475685119629,4.983469486236572,357.0,39.0,0.007520216517150402,0
-353500617.0,1491759063.0,599070.0,121.0,200.0,439.0,21458.0,10.0,-0.22673383355140686,0.33589303493499756,-0.04746260866522789,-0.03821246698498726,0.07217768579721451,7.265526801347733e-05,4.983475685119629,4.983469486236572,357.0,39.0,0.007520216517150402,0
-353500762.0,1491758942.0,599080.0,121.0,200.0,533.0,21431.0,10.0,-0.23863451182842255,0.355189710855484,-0.052239879965782166,-0.04484471678733826,0.08145768940448761,0.00017233670223504305,5.5603132247924805,5.560311317443848,357.0,39.0,0.005133234430104494,0
-353500762.0,1491758942.0,599080.0,121.0,200.0,533.0,21431.0,10.0,-0.23863451182842255,0.355189710855484,-0.052239879965782166,-0.04484471678733826,0.08145768940448761,0.00017233670223504305,5.5603132247924805,5.560311317443848,357.0,39.0,0.005133234430104494,0
-353500762.0,1491758942.0,599080.0,121.0,200.0,533.0,21431.0,10.0,-0.23863451182842255,0.355189710855484,-0.052239879965782166,-0.04484471678733826,0.08145768940448761,0.00017233670223504305,5.5603132247924805,5.560311317443848,357.0,39.0,0.005133234430104494,0
-353500845.0,1491758873.0,599070.0,121.0,200.0,580.0,21419.0,10.0,-0.2515529990196228,0.3753226399421692,-0.05757611244916916,-0.04368874803185463,0.0827881395816803,-0.00011334358714520931,6.132522106170654,6.132521152496338,356.0,40.0,0.002723969519138336,0
-353500845.0,1491758873.0,599070.0,121.0,200.0,580.0,21419.0,10.0,-0.2515529990196228,0.3753226399421692,-0.05757611244916916,-0.04368874803185463,0.0827881395816803,-0.00011334358714520931,6.132522106170654,6.132521152496338,356.0,40.0,0.002723969519138336,0
-353500934.0,1491758798.0,599070.0,121.0,200.0,625.0,21409.0,10.0,-0.2654458284378052,0.3958376944065094,-0.06332191079854965,-0.04388458654284477,0.08056225627660751,0.00027925230097025633,6.7016520500183105,6.7016520500183105,356.0,40.0,0.0006106190849095583,0
-353500934.0,1491758798.0,599070.0,121.0,200.0,625.0,21409.0,10.0,-0.2654458284378052,0.3958376944065094,-0.06332191079854965,-0.04388458654284477,0.08056225627660751,0.00027925230097025633,6.7016520500183105,6.7016520500183105,356.0,40.0,0.0006106190849095583,0
-353501031.0,1491758719.0,599070.0,121.0,200.0,671.0,21400.0,10.0,-0.2718351185321808,0.40726199746131897,-0.06666599959135056,-0.004708545282483101,0.020693449303507805,6.747955922037363e-05,7.2553863525390625,7.255385875701904,356.0,41.0,0.0013222794514149427,0
-353501031.0,1491758719.0,599070.0,121.0,200.0,671.0,21400.0,10.0,-0.2718351185321808,0.40726199746131897,-0.06666599959135056,-0.004708545282483101,0.020693449303507805,6.747955922037363e-05,7.2553863525390625,7.255385875701904,356.0,41.0,0.0013222794514149427,0
-353501244.0,1491758542.0,599070.0,121.0,200.0,757.0,21386.0,10.0,-0.2711200714111328,0.40986207127571106,-0.06735741347074509,0.008482657372951508,0.005611964501440525,0.0002222007606178522,7.754595756530762,7.7545952796936035,356.0,41.0,0.003949553240090609,0
-353501244.0,1491758542.0,599070.0,121.0,200.0,757.0,21386.0,10.0,-0.2711200714111328,0.40986207127571106,-0.06735741347074509,0.008482657372951508,0.005611964501440525,0.0002222007606178522,7.754595756530762,7.7545952796936035,356.0,41.0,0.003949553240090609,0
-353501244.0,1491758542.0,599070.0,121.0,200.0,757.0,21386.0,10.0,-0.2711200714111328,0.40986207127571106,-0.06735741347074509,0.008482657372951508,0.005611964501440525,0.0002222007606178522,7.754595756530762,7.7545952796936035,356.0,41.0,0.003949553240090609,0
-353501360.0,1491758447.0,599070.0,121.0,200.0,795.0,21381.0,10.0,-0.2687620222568512,0.41085556149482727,-0.06757193803787231,0.00768432579934597,0.006653636693954468,0.00015455298125743866,8.184540748596191,8.184537887573242,356.0,41.0,0.005924620199948549,0
-353501360.0,1491758447.0,599070.0,121.0,200.0,795.0,21381.0,10.0,-0.2687620222568512,0.41085556149482727,-0.06757193803787231,0.00768432579934597,0.006653636693954468,0.00015455298125743866,8.184540748596191,8.184537887573242,356.0,41.0,0.005924620199948549,0
-353501482.0,1491758348.0,599070.0,121.0,200.0,828.0,21376.0,10.0,-0.26703760027885437,0.4125632643699646,-0.0680290013551712,0.005576372146606445,0.006184019614011049,3.1326315365731716e-05,8.554555892944336,8.554553031921387,356.0,41.0,0.006668579299002886,0
-353501482.0,1491758348.0,599070.0,121.0,200.0,828.0,21376.0,10.0,-0.26703760027885437,0.4125632643699646,-0.0680290013551712,0.005576372146606445,0.006184019614011049,3.1326315365731716e-05,8.554555892944336,8.554553031921387,356.0,41.0,0.006668579299002886,0
-353501608.0,1491758244.0,599070.0,121.0,200.0,857.0,21370.0,10.0,-0.2650747001171112,0.4134579002857208,-0.06824406236410141,0.007574538700282574,0.0018438661936670542,6.518070586025715e-05,8.872005462646484,8.872002601623535,356.0,41.0,0.007235019467771053,0
-353501608.0,1491758244.0,599070.0,121.0,200.0,857.0,21370.0,10.0,-0.2650747001171112,0.4134579002857208,-0.06824406236410141,0.007574538700282574,0.0018438661936670542,6.518070586025715e-05,8.872005462646484,8.872002601623535,356.0,41.0,0.007235019467771053,0
-353501872.0,1491758029.0,599060.0,121.0,200.0,906.0,21360.0,10.0,-0.26260867714881897,0.41338053345680237,-0.06810536235570908,0.010700996033847332,-0.0040882364846765995,0.000458643538877368,9.140141487121582,9.140138626098633,356.0,41.0,0.007615527603775263,0
-353501872.0,1491758029.0,599060.0,121.0,200.0,906.0,21360.0,10.0,-0.26260867714881897,0.41338053345680237,-0.06810536235570908,0.010700996033847332,-0.0040882364846765995,0.000458643538877368,9.140141487121582,9.140138626098633,356.0,41.0,0.007615527603775263,0
-353501872.0,1491758029.0,599060.0,121.0,200.0,906.0,21360.0,10.0,-0.26260867714881897,0.41338053345680237,-0.06810536235570908,0.010700996033847332,-0.0040882364846765995,0.000458643538877368,9.140141487121582,9.140138626098633,356.0,41.0,0.007615527603775263,0
-353502009.0,1491757917.0,599060.0,121.0,200.0,925.0,21355.0,10.0,-0.2587369680404663,0.41122156381607056,-0.06728474050760269,0.018872054293751717,-0.018072128295898438,0.0001146678114309907,9.361393928527832,9.361390113830566,356.0,41.0,0.009084616787731647,0
-353502009.0,1491757917.0,599060.0,121.0,200.0,925.0,21355.0,10.0,-0.2587369680404663,0.41122156381607056,-0.06728474050760269,0.018872054293751717,-0.018072128295898438,0.0001146678114309907,9.361393928527832,9.361390113830566,356.0,41.0,0.009084616787731647,0
-353502149.0,1491757804.0,599060.0,121.0,200.0,942.0,21350.0,10.0,-0.2524946630001068,0.40581294894218445,-0.06566730886697769,0.02094484120607376,-0.022867459803819656,-0.00039250380359590054,9.531311988830566,9.531304359436035,356.0,40.0,0.011027976870536804,0
-353502149.0,1491757804.0,599060.0,121.0,200.0,942.0,21350.0,10.0,-0.2524946630001068,0.40581294894218445,-0.06566730886697769,0.02094484120607376,-0.022867459803819656,-0.00039250380359590054,9.531311988830566,9.531304359436035,356.0,40.0,0.011027976870536804,0
-353502291.0,1491757688.0,599060.0,121.0,200.0,955.0,21346.0,10.0,-0.24538061022758484,0.39875245094299316,-0.06365293264389038,0.026961680501699448,-0.03464753180742264,-0.00037395372055470943,9.650219917297363,9.650211334228516,356.0,40.0,0.012629954144358635,0
-353502291.0,1491757688.0,599060.0,121.0,200.0,955.0,21346.0,10.0,-0.24538061022758484,0.39875245094299316,-0.06365293264389038,0.026961680501699448,-0.03464753180742264,-0.00037395372055470943,9.650219917297363,9.650211334228516,356.0,40.0,0.012629954144358635,0
-353502581.0,1491757453.0,599060.0,121.0,200.0,972.0,21338.0,10.0,-0.23652975261211395,0.3892025351524353,-0.06099000573158264,0.03244886174798012,-0.040160465985536575,-6.467255298048258e-05,9.718836784362793,9.718825340270996,356.0,40.0,0.014312435872852802,0
-353502581.0,1491757453.0,599060.0,121.0,200.0,972.0,21338.0,10.0,-0.23652975261211395,0.3892025351524353,-0.06099000573158264,0.03244886174798012,-0.040160465985536575,-6.467255298048258e-05,9.718836784362793,9.718825340270996,356.0,40.0,0.014312435872852802,0
-353502581.0,1491757453.0,599060.0,121.0,200.0,972.0,21338.0,10.0,-0.23652975261211395,0.3892025351524353,-0.06099000573158264,0.03244886174798012,-0.040160465985536575,-6.467255298048258e-05,9.718836784362793,9.718825340270996,356.0,40.0,0.014312435872852802,0
-353502727.0,1491757336.0,599060.0,121.0,200.0,975.0,21334.0,10.0,-0.23005609214305878,0.3823743462562561,-0.059043724089860916,0.008126314729452133,-0.005554651841521263,-0.0003161942586302757,9.742234230041504,9.74222469329834,356.0,39.0,0.01400666031986475,0
-353502727.0,1491757336.0,599060.0,121.0,200.0,975.0,21334.0,10.0,-0.23005609214305878,0.3823743462562561,-0.059043724089860916,0.008126314729452133,-0.005554651841521263,-0.0003161942586302757,9.742234230041504,9.74222469329834,356.0,39.0,0.01400666031986475,0
-353502873.0,1491757218.0,599060.0,121.0,200.0,976.0,21331.0,10.0,-0.23321273922920227,0.3867952227592468,-0.059994135051965714,-0.018970727920532227,0.025943908840417862,-0.0009350007749162614,9.753863334655762,9.75385856628418,356.0,39.0,0.009937578812241554,0
-353502873.0,1491757218.0,599060.0,121.0,200.0,976.0,21331.0,10.0,-0.23321273922920227,0.3867952227592468,-0.059994135051965714,-0.018970727920532227,0.025943908840417862,-0.0009350007749162614,9.753863334655762,9.75385856628418,356.0,39.0,0.009937578812241554,0
-353503020.0,1491757099.0,599060.0,121.0,200.0,977.0,21327.0,10.0,-0.23847819864749908,0.3926502764225006,-0.06140436232089996,-0.01953754387795925,0.020271670073270798,-0.001214116346091032,9.784283638000488,9.784280776977539,356.0,40.0,0.006211414467543364,0
-353503020.0,1491757099.0,599060.0,121.0,200.0,977.0,21327.0,10.0,-0.23847819864749908,0.3926502764225006,-0.06140436232089996,-0.01953754387795925,0.020271670073270798,-0.001214116346091032,9.784283638000488,9.784280776977539,356.0,40.0,0.006211414467543364,0
-353503314.0,1491756863.0,599060.0,121.0,200.0,983.0,21323.0,10.0,-0.24206510186195374,0.3957423269748688,-0.06213829666376114,-0.010511052794754505,0.007875838316977024,-0.0013110328000038862,9.827909469604492,9.827908515930176,356.0,40.0,0.005318309646099806,0
-353503314.0,1491756863.0,599060.0,121.0,200.0,983.0,21323.0,10.0,-0.24206510186195374,0.3957423269748688,-0.06213829666376114,-0.010511052794754505,0.007875838316977024,-0.0013110328000038862,9.827909469604492,9.827908515930176,356.0,40.0,0.005318309646099806,0
-353503463.0,1491756744.0,599060.0,121.0,200.0,986.0,21322.0,10.0,-0.24331016838550568,0.3963818848133087,-0.06215076521039009,-0.003182892221957445,-0.00397562375292182,-0.0014308781828731298,9.873197555541992,9.873194694519043,356.0,40.0,0.006047362927347422,0
-353503463.0,1491756744.0,599060.0,121.0,200.0,986.0,21322.0,10.0,-0.24331016838550568,0.3963818848133087,-0.06215076521039009,-0.003182892221957445,-0.00397562375292182,-0.0014308781828731298,9.873197555541992,9.873194694519043,356.0,40.0,0.006047362927347422,0
-353503611.0,1491756624.0,599060.0,121.0,200.0,990.0,21322.0,10.0,-0.24261456727981567,0.3946729302406311,-0.06157682090997696,0.00483890762552619,-0.010274449363350868,-0.0014852732419967651,9.911151885986328,9.911148071289062,356.0,40.0,0.007860536687076092,0
-353503611.0,1491756624.0,599060.0,121.0,200.0,990.0,21322.0,10.0,-0.24261456727981567,0.3946729302406311,-0.06157682090997696,0.00483890762552619,-0.010274449363350868,-0.0014852732419967651,9.911151885986328,9.911148071289062,356.0,40.0,0.007860536687076092,0
-353503760.0,1491756505.0,599060.0,121.0,200.0,992.0,21324.0,10.0,-0.24165982007980347,0.39315885305404663,-0.06109974533319473,0.0019645458087325096,-0.0069849262945353985,-0.0014441023813560605,9.938202857971191,9.938199043273926,356.0,40.0,0.009578721597790718,0
-353503760.0,1491756505.0,599060.0,121.0,200.0,992.0,21324.0,10.0,-0.24165982007980347,0.39315885305404663,-0.06109974533319473,0.0019645458087325096,-0.0069849262945353985,-0.0014441023813560605,9.938202857971191,9.938199043273926,356.0,40.0,0.009578721597790718,0
-353504059.0,1491756264.0,599050.0,121.0,200.0,996.0,21327.0,10.0,-0.24057339131832123,0.39106205105781555,-0.060506708920001984,0.0039132703095674515,-0.010114469565451145,-0.0019804665353149176,9.9557466506958,9.955741882324219,356.0,40.0,0.010193545371294022,0
-353504059.0,1491756264.0,599050.0,121.0,200.0,996.0,21327.0,10.0,-0.24057339131832123,0.39106205105781555,-0.060506708920001984,0.0039132703095674515,-0.010114469565451145,-0.0019804665353149176,9.9557466506958,9.955741882324219,356.0,40.0,0.010193545371294022,0
-353504059.0,1491756264.0,599050.0,121.0,200.0,996.0,21327.0,10.0,-0.24057339131832123,0.39106205105781555,-0.060506708920001984,0.0039132703095674515,-0.010114469565451145,-0.0019804665353149176,9.9557466506958,9.955741882324219,356.0,40.0,0.010193545371294022,0
-353504209.0,1491756143.0,599050.0,121.0,200.0,997.0,21330.0,10.0,-0.23980377614498138,0.38993731141090393,-0.060178134590387344,0.0016116565093398094,-0.005150354467332363,-0.0017679918091744184,9.966358184814453,9.966352462768555,356.0,40.0,0.010651112534105778,0
-353504209.0,1491756143.0,599050.0,121.0,200.0,997.0,21330.0,10.0,-0.23980377614498138,0.38993731141090393,-0.060178134590387344,0.0016116565093398094,-0.005150354467332363,-0.0017679918091744184,9.966358184814453,9.966352462768555,356.0,40.0,0.010651112534105778,0
-353504358.0,1491756023.0,599050.0,121.0,200.0,997.0,21332.0,10.0,-0.2385326623916626,0.3879736363887787,-0.059573154896497726,0.005089604761451483,-0.008338193409144878,-0.0014577116817235947,9.971776008605957,9.971769332885742,356.0,40.0,0.011458433233201504,0
-353504358.0,1491756023.0,599050.0,121.0,200.0,997.0,21332.0,10.0,-0.2385326623916626,0.3879736363887787,-0.059573154896497726,0.005089604761451483,-0.008338193409144878,-0.0014577116817235947,9.971776008605957,9.971769332885742,356.0,40.0,0.011458433233201504,0
-353504509.0,1491755902.0,599050.0,121.0,200.0,998.0,21334.0,10.0,-0.23712317645549774,0.3866344690322876,-0.05916287750005722,0.0035283551551401615,-0.005206098314374685,-0.0016188526060432196,9.970376014709473,9.970369338989258,356.0,40.0,0.011456283740699291,0
-353504509.0,1491755902.0,599050.0,121.0,200.0,998.0,21334.0,10.0,-0.23712317645549774,0.3866344690322876,-0.05916287750005722,0.0035283551551401615,-0.005206098314374685,-0.0016188526060432196,9.970376014709473,9.970369338989258,356.0,40.0,0.011456283740699291,0
-353504808.0,1491755660.0,599050.0,121.0,200.0,997.0,21338.0,10.0,-0.23641756176948547,0.3854931890964508,-0.05880363658070564,0.0014479903038591146,-0.0031121489591896534,-0.0014425991103053093,9.96568775177002,9.965680122375488,356.0,40.0,0.01221352256834507,0
-353504808.0,1491755660.0,599050.0,121.0,200.0,997.0,21338.0,10.0,-0.23641756176948547,0.3854931890964508,-0.05880363658070564,0.0014479903038591146,-0.0031121489591896534,-0.0014425991103053093,9.96568775177002,9.965680122375488,356.0,40.0,0.01221352256834507,0
-353504957.0,1491755540.0,599050.0,121.0,200.0,996.0,21339.0,10.0,-0.23636113107204437,0.38510650396347046,-0.05862966924905777,0.0013051806017756462,-0.0016036283923313022,-0.0015217754989862442,9.95971393585205,9.95970630645752,356.0,40.0,0.011737887747585773,0
-353504957.0,1491755540.0,599050.0,121.0,200.0,996.0,21339.0,10.0,-0.23636113107204437,0.38510650396347046,-0.05862966924905777,0.0013051806017756462,-0.0016036283923313022,-0.0015217754989862442,9.95971393585205,9.95970630645752,356.0,40.0,0.011737887747585773,0
-353505106.0,1491755419.0,599050.0,121.0,200.0,995.0,21341.0,10.0,-0.2360457479953766,0.3845166862010956,-0.0584375374019146,0.0031879351008683443,-0.004581211134791374,-0.0015711422311142087,9.953478813171387,9.953471183776855,356.0,39.0,0.011607080698013306,0
-353505106.0,1491755419.0,599050.0,121.0,200.0,995.0,21341.0,10.0,-0.2360457479953766,0.3845166862010956,-0.0584375374019146,0.0031879351008683443,-0.004581211134791374,-0.0015711422311142087,9.953478813171387,9.953471183776855,356.0,39.0,0.011607080698013306,0
-353505255.0,1491755299.0,599050.0,121.0,200.0,994.0,21342.0,10.0,-0.2361939400434494,0.38461628556251526,-0.05843532457947731,-0.0027969819493591785,0.0011354702292010188,-0.0016755523392930627,9.946454048156738,9.946447372436523,356.0,39.0,0.011467098258435726,0
-353505255.0,1491755299.0,599050.0,121.0,200.0,994.0,21342.0,10.0,-0.2361939400434494,0.38461628556251526,-0.05843532457947731,-0.0027969819493591785,0.0011354702292010188,-0.0016755523392930627,9.946454048156738,9.946447372436523,356.0,39.0,0.011467098258435726,0
-353505554.0,1491755057.0,599040.0,121.0,200.0,993.0,21345.0,10.0,-0.2371027022600174,0.3855822682380676,-0.058688271790742874,-0.0029769381508231163,0.004891797434538603,-0.0014461440732702613,9.942989349365234,9.94298267364502,356.0,40.0,0.01156502403318882,0
-353505554.0,1491755057.0,599040.0,121.0,200.0,993.0,21345.0,10.0,-0.2371027022600174,0.3855822682380676,-0.058688271790742874,-0.0029769381508231163,0.004891797434538603,-0.0014461440732702613,9.942989349365234,9.94298267364502,356.0,40.0,0.01156502403318882,0
-353505554.0,1491755057.0,599040.0,121.0,200.0,993.0,21345.0,10.0,-0.2371027022600174,0.3855822682380676,-0.058688271790742874,-0.0029769381508231163,0.004891797434538603,-0.0014461440732702613,9.942989349365234,9.94298267364502,356.0,40.0,0.01156502403318882,0
-353505703.0,1491754936.0,599040.0,121.0,200.0,993.0,21346.0,10.0,-0.23803555965423584,0.3867582678794861,-0.058960575610399246,-0.003529406152665615,0.004737307783216238,-0.0014328125398606062,9.94408893585205,9.94408130645752,356.0,40.0,0.011840974912047386,0
-353505703.0,1491754936.0,599040.0,121.0,200.0,993.0,21346.0,10.0,-0.23803555965423584,0.3867582678794861,-0.058960575610399246,-0.003529406152665615,0.004737307783216238,-0.0014328125398606062,9.94408893585205,9.94408130645752,356.0,40.0,0.011840974912047386,0
-353505852.0,1491754816.0,599040.0,121.0,200.0,993.0,21346.0,10.0,-0.23845484852790833,0.3870161175727844,-0.05902131646871567,-0.0018505160696804523,-0.001997089944779873,-0.0016767054330557585,9.948461532592773,9.948453903198242,356.0,40.0,0.01185773778706789,0
-353505852.0,1491754816.0,599040.0,121.0,200.0,993.0,21346.0,10.0,-0.23845484852790833,0.3870161175727844,-0.05902131646871567,-0.0018505160696804523,-0.001997089944779873,-0.0016767054330557585,9.948461532592773,9.948453903198242,356.0,40.0,0.01185773778706789,0
-353506000.0,1491754695.0,599040.0,121.0,200.0,993.0,21347.0,10.0,-0.2383352816104889,0.38679075241088867,-0.058920085430145264,-0.00047844540677033365,-0.00039582332829013467,-0.0014499733224511147,9.952384948730469,9.952376365661621,356.0,40.0,0.012778771109879017,0
-353506000.0,1491754695.0,599040.0,121.0,200.0,993.0,21347.0,10.0,-0.2383352816104889,0.38679075241088867,-0.058920085430145264,-0.00047844540677033365,-0.00039582332829013467,-0.0014499733224511147,9.952384948730469,9.952376365661621,356.0,40.0,0.012778771109879017,0
-353506298.0,1491754454.0,599040.0,121.0,200.0,993.0,21349.0,10.0,-0.2382221221923828,0.38675856590270996,-0.05893436446785927,-0.00036599632585421205,0.0014999154955148697,-0.00048163149040192366,9.955361366271973,9.955351829528809,356.0,40.0,0.013638080097734928,0
-353506298.0,1491754454.0,599040.0,121.0,200.0,993.0,21349.0,10.0,-0.2382221221923828,0.38675856590270996,-0.05893436446785927,-0.00036599632585421205,0.0014999154955148697,-0.00048163149040192366,9.955361366271973,9.955351829528809,356.0,40.0,0.013638080097734928,0
-353506298.0,1491754454.0,599040.0,121.0,200.0,993.0,21349.0,10.0,-0.2382221221923828,0.38675856590270996,-0.05893436446785927,-0.00036599632585421205,0.0014999154955148697,-0.00048163149040192366,9.955361366271973,9.955351829528809,356.0,40.0,0.013638080097734928,0
-353506447.0,1491754333.0,599040.0,121.0,200.0,993.0,21349.0,10.0,-0.23858454823493958,0.3875979483127594,-0.05903783068060875,-0.0004203067219350487,0.003050554543733597,-0.0012536424910649657,9.95857048034668,9.958560943603516,356.0,40.0,0.014171491377055645,0
-353506447.0,1491754333.0,599040.0,121.0,200.0,993.0,21349.0,10.0,-0.23858454823493958,0.3875979483127594,-0.05903783068060875,-0.0004203067219350487,0.003050554543733597,-0.0012536424910649657,9.95857048034668,9.958560943603516,356.0,40.0,0.014171491377055645,0
-353506596.0,1491754212.0,599040.0,121.0,200.0,994.0,21350.0,10.0,-0.23872962594032288,0.38783735036849976,-0.059097182005643845,0.0030131181702017784,-0.002817253116518259,-0.001008263323456049,9.963332176208496,9.9633207321167,356.0,40.0,0.014555640518665314,0
-353506596.0,1491754212.0,599040.0,121.0,200.0,994.0,21350.0,10.0,-0.23872962594032288,0.38783735036849976,-0.059097182005643845,0.0030131181702017784,-0.002817253116518259,-0.001008263323456049,9.963332176208496,9.9633207321167,356.0,40.0,0.014555640518665314,0
-353506744.0,1491754091.0,599040.0,121.0,200.0,994.0,21350.0,10.0,-0.23849177360534668,0.38766369223594666,-0.05901772901415825,-0.0025805761106312275,0.002726928098127246,-0.001091719139367342,9.964506149291992,9.964495658874512,356.0,40.0,0.014717858284711838,0
-353506744.0,1491754091.0,599040.0,121.0,200.0,994.0,21350.0,10.0,-0.23849177360534668,0.38766369223594666,-0.05901772901415825,-0.0025805761106312275,0.002726928098127246,-0.001091719139367342,9.964506149291992,9.964495658874512,356.0,40.0,0.014717858284711838,0
-353507042.0,1491753849.0,599030.0,121.0,200.0,995.0,21350.0,10.0,-0.239923894405365,0.389640748500824,-0.05952291935682297,-0.005345674231648445,0.008794010616838932,-0.0009167558746412396,9.966801643371582,9.966792106628418,356.0,40.0,0.0144793801009655,0
-353507042.0,1491753849.0,599030.0,121.0,200.0,995.0,21350.0,10.0,-0.239923894405365,0.389640748500824,-0.05952291935682297,-0.005345674231648445,0.008794010616838932,-0.0009167558746412396,9.966801643371582,9.966792106628418,356.0,40.0,0.0144793801009655,0
-353507192.0,1491753728.0,599030.0,121.0,200.0,995.0,21350.0,10.0,-0.24135485291481018,0.3916366696357727,-0.06000596284866333,-0.009562610648572445,0.013818544335663319,-0.000854133628308773,9.97415542602539,9.974145889282227,356.0,40.0,0.013765725307166576,0
-353507192.0,1491753728.0,599030.0,121.0,200.0,995.0,21350.0,10.0,-0.24135485291481018,0.3916366696357727,-0.06000596284866333,-0.009562610648572445,0.013818544335663319,-0.000854133628308773,9.97415542602539,9.974145889282227,356.0,40.0,0.013765725307166576,0
-353507341.0,1491753607.0,599030.0,121.0,200.0,996.0,21349.0,10.0,-0.24257095158100128,0.3931868374347687,-0.06040605530142784,-0.0026215114630758762,0.002501998096704483,-0.0009190305136144161,9.988911628723145,9.988901138305664,356.0,40.0,0.014356309548020363,0
-353507341.0,1491753607.0,599030.0,121.0,200.0,996.0,21349.0,10.0,-0.24257095158100128,0.3931868374347687,-0.06040605530142784,-0.0026215114630758762,0.002501998096704483,-0.0009190305136144161,9.988911628723145,9.988901138305664,356.0,40.0,0.014356309548020363,0
-353507341.0,1491753607.0,599030.0,121.0,200.0,996.0,21349.0,10.0,-0.24257095158100128,0.3931868374347687,-0.06040605530142784,-0.0026215114630758762,0.002501998096704483,-0.0009190305136144161,9.988911628723145,9.988901138305664,356.0,40.0,0.014356309548020363,0
-353507491.0,1491753486.0,599030.0,121.0,200.0,998.0,21349.0,10.0,-0.2422192096710205,0.3925207555294037,-0.06023183837532997,0.002409307984635234,-0.005199078470468521,-0.0008910294272936881,10.0040283203125,10.004016876220703,356.0,40.0,0.01500627864152193,0
-353507491.0,1491753486.0,599030.0,121.0,200.0,998.0,21349.0,10.0,-0.2422192096710205,0.3925207555294037,-0.06023183837532997,0.002409307984635234,-0.005199078470468521,-0.0008910294272936881,10.0040283203125,10.004016876220703,356.0,40.0,0.01500627864152193,0
-353507790.0,1491753243.0,599030.0,121.0,200.0,1000.0,21349.0,10.0,-0.2411087602376938,0.3908821940422058,-0.05979621410369873,0.00775468535721302,-0.008770335465669632,-0.0005227182991802692,10.013958930969238,10.013943672180176,356.0,40.0,0.017129430547356606,0
-353507790.0,1491753243.0,599030.0,121.0,200.0,1000.0,21349.0,10.0,-0.2411087602376938,0.3908821940422058,-0.05979621410369873,0.00775468535721302,-0.008770335465669632,-0.0005227182991802692,10.013958930969238,10.013943672180176,356.0,40.0,0.017129430547356606,0
-353507941.0,1491753121.0,599030.0,121.0,200.0,1001.0,21350.0,10.0,-0.23962818086147308,0.3894108235836029,-0.05930988863110542,0.00200540479272604,-0.002582119544968009,-0.0005348456325009465,10.015155792236328,10.015140533447266,356.0,40.0,0.017307976260781288,0
-353507941.0,1491753121.0,599030.0,121.0,200.0,1001.0,21350.0,10.0,-0.23962818086147308,0.3894108235836029,-0.05930988863110542,0.00200540479272604,-0.002582119544968009,-0.0005348456325009465,10.015155792236328,10.015140533447266,356.0,40.0,0.017307976260781288,0
-353508091.0,1491753000.0,599030.0,121.0,200.0,1001.0,21350.0,10.0,-0.23918189108371735,0.3890435993671417,-0.059150632470846176,0.0007798079750500619,-0.001237180083990097,-0.0005789495189674199,10.01369571685791,10.013680458068848,356.0,40.0,0.017268991097807884,0
-353508091.0,1491753000.0,599030.0,121.0,200.0,1001.0,21350.0,10.0,-0.23918189108371735,0.3890435993671417,-0.059150632470846176,0.0007798079750500619,-0.001237180083990097,-0.0005789495189674199,10.01369571685791,10.013680458068848,356.0,40.0,0.017268991097807884,0
-353508240.0,1491752877.0,599030.0,121.0,200.0,1001.0,21350.0,10.0,-0.23896241188049316,0.38884711265563965,-0.05906311422586441,0.0002449103049002588,-0.001493621151894331,-0.0006247524870559573,10.011590003967285,10.011574745178223,356.0,40.0,0.017751164734363556,0
-353508240.0,1491752877.0,599030.0,121.0,200.0,1001.0,21350.0,10.0,-0.23896241188049316,0.38884711265563965,-0.05906311422586441,0.0002449103049002588,-0.001493621151894331,-0.0006247524870559573,10.011590003967285,10.011574745178223,356.0,40.0,0.017751164734363556,0
-353508540.0,1491752634.0,599030.0,121.0,200.0,1000.0,21350.0,10.0,-0.2380528301000595,0.388088196516037,-0.05884122475981712,0.0033778403885662556,-0.004634247627109289,-0.0005885392893105745,10.007950782775879,10.0079345703125,356.0,40.0,0.018092593178153038,0
-353508540.0,1491752634.0,599030.0,121.0,200.0,1000.0,21350.0,10.0,-0.2380528301000595,0.388088196516037,-0.05884122475981712,0.0033778403885662556,-0.004634247627109289,-0.0005885392893105745,10.007950782775879,10.0079345703125,356.0,40.0,0.018092593178153038,0
-353508540.0,1491752634.0,599030.0,121.0,200.0,1000.0,21350.0,10.0,-0.2380528301000595,0.388088196516037,-0.05884122475981712,0.0033778403885662556,-0.004634247627109289,-0.0005885392893105745,10.007950782775879,10.0079345703125,356.0,40.0,0.018092593178153038,0
-353508690.0,1491752513.0,599030.0,121.0,200.0,1000.0,21350.0,10.0,-0.23726795613765717,0.38767898082733154,-0.058684296905994415,0.003351915627717972,-0.0017588478513062,-0.0005746955284848809,10.00151252746582,10.001497268676758,356.0,40.0,0.01754552312195301,0
-353508690.0,1491752513.0,599030.0,121.0,200.0,1000.0,21350.0,10.0,-0.23726795613765717,0.38767898082733154,-0.058684296905994415,0.003351915627717972,-0.0017588478513062,-0.0005746955284848809,10.00151252746582,10.001497268676758,356.0,40.0,0.01754552312195301,0
-353508841.0,1491752391.0,599030.0,121.0,200.0,1000.0,21349.0,10.0,-0.23779457807540894,0.3882623314857483,-0.05882750451564789,0.0006454949616454542,-0.0005318419425748289,-0.0005493615753948689,9.997063636779785,9.997049331665039,356.0,40.0,0.0168302021920681,0
-353508841.0,1491752391.0,599030.0,121.0,200.0,1000.0,21349.0,10.0,-0.23779457807540894,0.3882623314857483,-0.05882750451564789,0.0006454949616454542,-0.0005318419425748289,-0.0005493615753948689,9.997063636779785,9.997049331665039,356.0,40.0,0.0168302021920681,0
-353508990.0,1491752269.0,599030.0,121.0,200.0,999.0,21349.0,10.0,-0.2378939539194107,0.38801249861717224,-0.058720603585243225,-0.00042970714275725186,0.0007859644247218966,-0.00030685949604958296,9.994348526000977,9.994333267211914,356.0,40.0,0.016824990510940552,0
-353508990.0,1491752269.0,599030.0,121.0,200.0,999.0,21349.0,10.0,-0.2378939539194107,0.38801249861717224,-0.058720603585243225,-0.00042970714275725186,0.0007859644247218966,-0.00030685949604958296,9.994348526000977,9.994333267211914,356.0,40.0,0.016824990510940552,0
-353509289.0,1491752026.0,599040.0,121.0,200.0,999.0,21348.0,10.0,-0.23789291083812714,0.3878394067287445,-0.05863723158836365,-0.001364013645797968,0.0007291634101420641,-0.0005243479972705245,9.992057800292969,9.992043495178223,356.0,40.0,0.016725389286875725,0
-353509289.0,1491752026.0,599040.0,121.0,200.0,999.0,21348.0,10.0,-0.23789291083812714,0.3878394067287445,-0.05863723158836365,-0.001364013645797968,0.0007291634101420641,-0.0005243479972705245,9.992057800292969,9.992043495178223,356.0,40.0,0.016725389286875725,0
-353509439.0,1491751904.0,599040.0,121.0,200.0,998.0,21348.0,10.0,-0.23778554797172546,0.3878822922706604,-0.058619674295186996,-0.0032285465858876705,0.004494012799113989,-0.0005594603717327118,9.989605903625488,9.989592552185059,356.0,40.0,0.016340212896466255,0
-353509439.0,1491751904.0,599040.0,121.0,200.0,998.0,21348.0,10.0,-0.23778554797172546,0.3878822922706604,-0.058619674295186996,-0.0032285465858876705,0.004494012799113989,-0.0005594603717327118,9.989605903625488,9.989592552185059,356.0,40.0,0.016340212896466255,0
-353509588.0,1491751783.0,599040.0,121.0,200.0,998.0,21348.0,10.0,-0.2380792200565338,0.3885301947593689,-0.05876775458455086,0.00019062572391703725,0.0011000055819749832,-0.00031383184250444174,9.988927841186523,9.98891544342041,356.0,40.0,0.015660643577575684,0
-353509588.0,1491751783.0,599040.0,121.0,200.0,998.0,21348.0,10.0,-0.2380792200565338,0.3885301947593689,-0.05876775458455086,0.00019062572391703725,0.0011000055819749832,-0.00031383184250444174,9.988927841186523,9.98891544342041,356.0,40.0,0.015660643577575684,0
-353509738.0,1491751662.0,599040.0,121.0,200.0,998.0,21348.0,10.0,-0.23749251663684845,0.3880736827850342,-0.05858132615685463,0.004409861750900745,-0.0062247999012470245,-0.0004051645228173584,9.988649368286133,9.98863697052002,356.0,40.0,0.015218554995954037,0
-353509738.0,1491751662.0,599040.0,121.0,200.0,998.0,21348.0,10.0,-0.23749251663684845,0.3880736827850342,-0.05858132615685463,0.004409861750900745,-0.0062247999012470245,-0.0004051645228173584,9.988649368286133,9.98863697052002,356.0,40.0,0.015218554995954037,0
-353510038.0,1491751420.0,599040.0,121.0,200.0,998.0,21347.0,10.0,-0.23711258172988892,0.3877441883087158,-0.05848383530974388,0.0018601765623316169,-0.001726042595691979,-0.0004691408830694854,9.986205101013184,9.986194610595703,356.0,40.0,0.014773210510611534,0
-353510038.0,1491751420.0,599040.0,121.0,200.0,998.0,21347.0,10.0,-0.23711258172988892,0.3877441883087158,-0.05848383530974388,0.0018601765623316169,-0.001726042595691979,-0.0004691408830694854,9.986205101013184,9.986194610595703,356.0,40.0,0.014773210510611534,0
-353510038.0,1491751420.0,599040.0,121.0,200.0,998.0,21347.0,10.0,-0.23711258172988892,0.3877441883087158,-0.05848383530974388,0.0018601765623316169,-0.001726042595691979,-0.0004691408830694854,9.986205101013184,9.986194610595703,356.0,40.0,0.014773210510611534,0
-353510187.0,1491751298.0,599040.0,121.0,200.0,998.0,21347.0,10.0,-0.23725144565105438,0.3877539038658142,-0.058462731540203094,0.0004019268963020295,-0.0017071026377379894,-0.00043040799209848046,9.984249114990234,9.98423957824707,356.0,40.0,0.014187279157340527,0
-353510187.0,1491751298.0,599040.0,121.0,200.0,998.0,21347.0,10.0,-0.23725144565105438,0.3877539038658142,-0.058462731540203094,0.0004019268963020295,-0.0017071026377379894,-0.00043040799209848046,9.984249114990234,9.98423957824707,356.0,40.0,0.014187279157340527,0
-353510337.0,1491751176.0,599040.0,121.0,200.0,997.0,21346.0,10.0,-0.2377251386642456,0.38810789585113525,-0.05852594971656799,-0.004114367067813873,0.0014071408659219742,-0.0004433724097907543,9.981780052185059,9.981771469116211,356.0,40.0,0.013721825554966927,0
-353510337.0,1491751176.0,599040.0,121.0,200.0,997.0,21346.0,10.0,-0.2377251386642456,0.38810789585113525,-0.05852594971656799,-0.004114367067813873,0.0014071408659219742,-0.0004433724097907543,9.981780052185059,9.981771469116211,356.0,40.0,0.013721825554966927,0
-353510486.0,1491751055.0,599040.0,121.0,200.0,997.0,21346.0,10.0,-0.23845559358596802,0.38902223110198975,-0.058720871806144714,-0.0034691207110881805,0.006608984433114529,-0.0002870431053452194,9.98021125793457,9.980201721191406,356.0,40.0,0.013567257672548294,0
-353510486.0,1491751055.0,599040.0,121.0,200.0,997.0,21346.0,10.0,-0.23845559358596802,0.38902223110198975,-0.058720871806144714,-0.0034691207110881805,0.006608984433114529,-0.0002870431053452194,9.98021125793457,9.980201721191406,356.0,40.0,0.013567257672548294,0
-353510785.0,1491750813.0,599040.0,121.0,200.0,998.0,21346.0,10.0,-0.2390681803226471,0.3901377022266388,-0.0589664950966835,-0.0016893614083528519,0.002966436790302396,-0.00040144979720935225,9.98263168334961,9.982623100280762,356.0,40.0,0.013201541267335415,0
-353510785.0,1491750813.0,599040.0,121.0,200.0,998.0,21346.0,10.0,-0.2390681803226471,0.3901377022266388,-0.0589664950966835,-0.0016893614083528519,0.002966436790302396,-0.00040144979720935225,9.98263168334961,9.982623100280762,356.0,40.0,0.013201541267335415,0
-353510785.0,1491750813.0,599040.0,121.0,200.0,998.0,21346.0,10.0,-0.2390681803226471,0.3901377022266388,-0.0589664950966835,-0.0016893614083528519,0.002966436790302396,-0.00040144979720935225,9.98263168334961,9.982623100280762,356.0,40.0,0.013201541267335415,0
-353510935.0,1491750692.0,599040.0,121.0,200.0,998.0,21346.0,10.0,-0.24038098752498627,0.39143750071525574,-0.05929750204086304,-0.003972689155489206,0.003719463711604476,-0.00048594773397780955,9.98823070526123,9.9882230758667,356.0,40.0,0.012571368366479874,0
-353510935.0,1491750692.0,599040.0,121.0,200.0,998.0,21346.0,10.0,-0.24038098752498627,0.39143750071525574,-0.05929750204086304,-0.003972689155489206,0.003719463711604476,-0.00048594773397780955,9.98823070526123,9.9882230758667,356.0,40.0,0.012571368366479874,0
-353511084.0,1491750571.0,599040.0,121.0,200.0,999.0,21346.0,10.0,-0.2416561245918274,0.3925836980342865,-0.05955164507031441,-0.0033437861129641533,0.0034814674872905016,-0.00019604596309363842,9.998735427856445,9.998726844787598,356.0,40.0,0.01323865819722414,0
-353511084.0,1491750571.0,599040.0,121.0,200.0,999.0,21346.0,10.0,-0.2416561245918274,0.3925836980342865,-0.05955164507031441,-0.0033437861129641533,0.0034814674872905016,-0.00019604596309363842,9.998735427856445,9.998726844787598,356.0,40.0,0.01323865819722414,0
-353511235.0,1491750449.0,599040.0,121.0,200.0,1000.0,21346.0,10.0,-0.24163632094860077,0.3927367925643921,-0.05951826274394989,0.003229631809517741,-0.004204309545457363,-0.000436002534115687,10.010637283325195,10.010627746582031,356.0,40.0,0.013130523264408112,0
-353511235.0,1491750449.0,599040.0,121.0,200.0,1000.0,21346.0,10.0,-0.24163632094860077,0.3927367925643921,-0.05951826274394989,0.003229631809517741,-0.004204309545457363,-0.000436002534115687,10.010637283325195,10.010627746582031,356.0,40.0,0.013130523264408112,0
-353511534.0,1491750205.0,599040.0,121.0,200.0,1002.0,21347.0,10.0,-0.2399735301733017,0.39079830050468445,-0.059004638344049454,0.007625609636306763,-0.006941849831491709,-0.0002393858740106225,10.017197608947754,10.01718807220459,356.0,40.0,0.014078685082495213,0
-353511534.0,1491750205.0,599040.0,121.0,200.0,1002.0,21347.0,10.0,-0.2399735301733017,0.39079830050468445,-0.059004638344049454,0.007625609636306763,-0.006941849831491709,-0.0002393858740106225,10.017197608947754,10.01718807220459,356.0,40.0,0.014078685082495213,0
-353511534.0,1491750205.0,599040.0,121.0,200.0,1002.0,21347.0,10.0,-0.2399735301733017,0.39079830050468445,-0.059004638344049454,0.007625609636306763,-0.006941849831491709,-0.0002393858740106225,10.017197608947754,10.01718807220459,356.0,40.0,0.014078685082495213,0
-353511685.0,1491750084.0,599040.0,121.0,200.0,1002.0,21348.0,10.0,-0.23875834047794342,0.38976946473121643,-0.05873521789908409,0.0029874735046178102,-0.002752025378867984,-0.0006593114230781794,10.01619815826416,10.016189575195312,356.0,40.0,0.013403244316577911,0
-353511685.0,1491750084.0,599040.0,121.0,200.0,1002.0,21348.0,10.0,-0.23875834047794342,0.38976946473121643,-0.05873521789908409,0.0029874735046178102,-0.002752025378867984,-0.0006593114230781794,10.01619815826416,10.016189575195312,356.0,40.0,0.013403244316577911,0
-353511835.0,1491749962.0,599040.0,121.0,200.0,1002.0,21348.0,10.0,-0.23844566941261292,0.3896067142486572,-0.058733806014060974,-0.00199518701992929,0.0016888107638806105,-0.0006692042225040495,10.01308536529541,10.013076782226562,356.0,40.0,0.013173278421163559,0
-353511835.0,1491749962.0,599040.0,121.0,200.0,1002.0,21348.0,10.0,-0.23844566941261292,0.3896067142486572,-0.058733806014060974,-0.00199518701992929,0.0016888107638806105,-0.0006692042225040495,10.01308536529541,10.013076782226562,356.0,40.0,0.013173278421163559,0
-353511986.0,1491749840.0,599040.0,121.0,200.0,1002.0,21348.0,10.0,-0.23826463520526886,0.3899309039115906,-0.0587504617869854,0.0014455962227657437,0.0001902171061374247,9.748549200594425e-05,10.0112886428833,10.011280059814453,356.0,40.0,0.013252285309135914,0
-353511986.0,1491749840.0,599040.0,121.0,200.0,1002.0,21348.0,10.0,-0.23826463520526886,0.3899309039115906,-0.0587504617869854,0.0014455962227657437,0.0001902171061374247,9.748549200594425e-05,10.0112886428833,10.011280059814453,356.0,40.0,0.013252285309135914,0
-353512286.0,1491749596.0,599040.0,121.0,200.0,1002.0,21347.0,10.0,-0.2379402220249176,0.3895971477031708,-0.05857958272099495,0.0004926052642986178,-0.0021153115667402744,-0.0002791397855617106,10.00941276550293,10.009404182434082,356.0,40.0,0.013158362358808517,0
-353512286.0,1491749596.0,599040.0,121.0,200.0,1002.0,21347.0,10.0,-0.2379402220249176,0.3895971477031708,-0.05857958272099495,0.0004926052642986178,-0.0021153115667402744,-0.0002791397855617106,10.00941276550293,10.009404182434082,356.0,40.0,0.013158362358808517,0
-353512437.0,1491749475.0,599040.0,121.0,200.0,1001.0,21347.0,10.0,-0.23778347671031952,0.3893495202064514,-0.058464109897613525,0.00013092104927636683,-0.0010440193582326174,-0.0003872735833283514,10.00776195526123,10.007752418518066,356.0,40.0,0.013486186042428017,0
-353512437.0,1491749475.0,599040.0,121.0,200.0,1001.0,21347.0,10.0,-0.23778347671031952,0.3893495202064514,-0.058464109897613525,0.00013092104927636683,-0.0010440193582326174,-0.0003872735833283514,10.00776195526123,10.007752418518066,356.0,40.0,0.013486186042428017,0
-353512587.0,1491749353.0,599040.0,121.0,200.0,1001.0,21346.0,10.0,-0.23769202828407288,0.38898566365242004,-0.05835795775055885,-2.5305082090198994e-05,-0.0032817109022289515,-0.00044404147774912417,10.006110191345215,10.00610065460205,356.0,40.0,0.014168576337397099,0
-353512587.0,1491749353.0,599040.0,121.0,200.0,1001.0,21346.0,10.0,-0.23769202828407288,0.38898566365242004,-0.05835795775055885,-2.5305082090198994e-05,-0.0032817109022289515,-0.00044404147774912417,10.006110191345215,10.00610065460205,356.0,40.0,0.014168576337397099,0
-353512587.0,1491749353.0,599040.0,121.0,200.0,1001.0,21346.0,10.0,-0.23769202828407288,0.38898566365242004,-0.05835795775055885,-2.5305082090198994e-05,-0.0032817109022289515,-0.00044404147774912417,10.006110191345215,10.00610065460205,356.0,40.0,0.014168576337397099,0
-353512736.0,1491749232.0,599040.0,121.0,200.0,1001.0,21346.0,10.0,-0.23759664595127106,0.3877269923686981,-0.05802243575453758,0.0005476599326357245,-0.0028453695122152567,-0.00036258308682590723,10.002172470092773,10.002163887023926,356.0,40.0,0.013809804804623127,0
-353512736.0,1491749232.0,599040.0,121.0,200.0,1001.0,21346.0,10.0,-0.23759664595127106,0.3877269923686981,-0.05802243575453758,0.0005476599326357245,-0.0028453695122152567,-0.00036258308682590723,10.002172470092773,10.002163887023926,356.0,40.0,0.013809804804623127,0
-353513037.0,1491748989.0,599040.0,121.0,200.0,1000.0,21347.0,10.0,-0.23711585998535156,0.3869563937187195,-0.05777667090296745,0.0022953124716877937,-1.6764970496296883e-06,-0.00020104448776692152,9.99597454071045,9.995965957641602,356.0,40.0,0.013303441926836967,0
-353513037.0,1491748989.0,599040.0,121.0,200.0,1000.0,21347.0,10.0,-0.23711585998535156,0.3869563937187195,-0.05777667090296745,0.0022953124716877937,-1.6764970496296883e-06,-0.00020104448776692152,9.99597454071045,9.995965957641602,356.0,40.0,0.013303441926836967,0
-353513186.0,1491748867.0,599040.0,121.0,200.0,999.0,21348.0,10.0,-0.2369469255208969,0.3870205879211426,-0.057761888951063156,0.002196268877014518,0.0009596399613656104,-0.00024132762337103486,9.990431785583496,9.990423202514648,356.0,40.0,0.012703009881079197,0
-353513186.0,1491748867.0,599040.0,121.0,200.0,999.0,21348.0,10.0,-0.2369469255208969,0.3870205879211426,-0.057761888951063156,0.002196268877014518,0.0009596399613656104,-0.00024132762337103486,9.990431785583496,9.990423202514648,356.0,40.0,0.012703009881079197,0
-353513336.0,1491748746.0,599040.0,121.0,200.0,999.0,21349.0,10.0,-0.23677481710910797,0.3872341513633728,-0.05778973549604416,0.001923300325870514,0.0014627407072111964,-0.00029319958412088454,9.986270904541016,9.986263275146484,356.0,40.0,0.012219955213367939,0
-353513336.0,1491748746.0,599040.0,121.0,200.0,999.0,21349.0,10.0,-0.23677481710910797,0.3872341513633728,-0.05778973549604416,0.001923300325870514,0.0014627407072111964,-0.00029319958412088454,9.986270904541016,9.986263275146484,356.0,40.0,0.012219955213367939,0
-353513486.0,1491748624.0,599040.0,121.0,200.0,998.0,21349.0,10.0,-0.236782506108284,0.3875078558921814,-0.05783722177147865,0.0019959481433033943,-0.0037603131495416164,-0.0004905134555883706,9.98416519165039,9.98415756225586,356.0,40.0,0.01219459343701601,0
-353513486.0,1491748624.0,599040.0,121.0,200.0,998.0,21349.0,10.0,-0.236782506108284,0.3875078558921814,-0.05783722177147865,0.0019959481433033943,-0.0037603131495416164,-0.0004905134555883706,9.98416519165039,9.98415756225586,356.0,40.0,0.01219459343701601,0
-353513785.0,1491748381.0,599050.0,121.0,200.0,998.0,21349.0,10.0,-0.2366035282611847,0.38744595646858215,-0.05781345069408417,-0.004264416638761759,0.0027636424638330936,-0.0005481577245518565,9.979496955871582,9.97948932647705,356.0,40.0,0.012416585348546505,0
-353513785.0,1491748381.0,599050.0,121.0,200.0,998.0,21349.0,10.0,-0.2366035282611847,0.38744595646858215,-0.05781345069408417,-0.004264416638761759,0.0027636424638330936,-0.0005481577245518565,9.979496955871582,9.97948932647705,356.0,40.0,0.012416585348546505,0
-353513785.0,1491748381.0,599050.0,121.0,200.0,998.0,21349.0,10.0,-0.2366035282611847,0.38744595646858215,-0.05781345069408417,-0.004264416638761759,0.0027636424638330936,-0.0005481577245518565,9.979496955871582,9.97948932647705,356.0,40.0,0.012416585348546505,0
-353513935.0,1491748260.0,599050.0,121.0,200.0,997.0,21349.0,10.0,-0.23767730593681335,0.389071524143219,-0.05818336457014084,-0.006085715722292662,0.007550662383437157,-0.0004220689879730344,9.976428985595703,9.976423263549805,356.0,40.0,0.011548924259841442,0
-353513935.0,1491748260.0,599050.0,121.0,200.0,997.0,21349.0,10.0,-0.23767730593681335,0.389071524143219,-0.05818336457014084,-0.006085715722292662,0.007550662383437157,-0.0004220689879730344,9.976428985595703,9.976423263549805,356.0,40.0,0.011548924259841442,0
-353514084.0,1491748139.0,599050.0,121.0,200.0,997.0,21348.0,10.0,-0.23853649199008942,0.39046913385391235,-0.05850354954600334,-0.0027008771430701017,0.003714828984811902,-0.00039546628249809146,9.978816032409668,9.97881031036377,356.0,40.0,0.010918003506958485,0
-353514084.0,1491748139.0,599050.0,121.0,200.0,997.0,21348.0,10.0,-0.23853649199008942,0.39046913385391235,-0.05850354954600334,-0.0027008771430701017,0.003714828984811902,-0.00039546628249809146,9.978816032409668,9.97881031036377,356.0,40.0,0.010918003506958485,0
-353514234.0,1491748017.0,599050.0,121.0,200.0,998.0,21348.0,10.0,-0.24020496010780334,0.3920871317386627,-0.058935169130563736,-0.004169833846390247,0.005100439302623272,-0.00044344033813104033,9.986072540283203,9.986067771911621,356.0,40.0,0.00991677213460207,0
-353514234.0,1491748017.0,599050.0,121.0,200.0,998.0,21348.0,10.0,-0.24020496010780334,0.3920871317386627,-0.058935169130563736,-0.004169833846390247,0.005100439302623272,-0.00044344033813104033,9.986072540283203,9.986067771911621,356.0,40.0,0.00991677213460207,0
-353514533.0,1491747775.0,599050.0,121.0,200.0,999.0,21347.0,10.0,-0.24037152528762817,0.3920729160308838,-0.05890923738479614,0.002190234139561653,-0.00468356953933835,-0.000416446418967098,9.996660232543945,9.99665355682373,356.0,40.0,0.010630743578076363,0
-353514533.0,1491747775.0,599050.0,121.0,200.0,999.0,21347.0,10.0,-0.24037152528762817,0.3920729160308838,-0.05890923738479614,0.002190234139561653,-0.00468356953933835,-0.000416446418967098,9.996660232543945,9.99665355682373,356.0,40.0,0.010630743578076363,0
-353514533.0,1491747775.0,599050.0,121.0,200.0,999.0,21347.0,10.0,-0.24037152528762817,0.3920729160308838,-0.05890923738479614,0.002190234139561653,-0.00468356953933835,-0.000416446418967098,9.996660232543945,9.99665355682373,356.0,40.0,0.010630743578076363,0
-353514682.0,1491747653.0,599050.0,121.0,200.0,1000.0,21347.0,10.0,-0.23998260498046875,0.39174848794937134,-0.05882011726498604,-0.00046812629443593323,-0.0017712587723508477,-0.0005669225938618183,10.003808975219727,10.003802299499512,356.0,40.0,0.010372085496783257,0
-353514682.0,1491747653.0,599050.0,121.0,200.0,1000.0,21347.0,10.0,-0.23998260498046875,0.39174848794937134,-0.05882011726498604,-0.00046812629443593323,-0.0017712587723508477,-0.0005669225938618183,10.003808975219727,10.003802299499512,356.0,40.0,0.010372085496783257,0
-353514833.0,1491747532.0,599050.0,121.0,200.0,1001.0,21347.0,10.0,-0.23955897986888885,0.391508549451828,-0.058737631887197495,0.00223756255581975,-0.002474309643730521,-0.0003329353057779372,10.008905410766602,10.00890064239502,356.0,40.0,0.010256720706820488,0
-353514833.0,1491747532.0,599050.0,121.0,200.0,1001.0,21347.0,10.0,-0.23955897986888885,0.391508549451828,-0.058737631887197495,0.00223756255581975,-0.002474309643730521,-0.0003329353057779372,10.008905410766602,10.00890064239502,356.0,40.0,0.010256720706820488,0
-353514983.0,1491747409.0,599050.0,121.0,200.0,1001.0,21347.0,10.0,-0.23947572708129883,0.391493022441864,-0.05869739502668381,0.0029908542055636644,-0.003239252371713519,-0.00028110298444516957,10.012892723083496,10.012887954711914,356.0,40.0,0.010207739658653736,0
-353514983.0,1491747409.0,599050.0,121.0,200.0,1001.0,21347.0,10.0,-0.23947572708129883,0.391493022441864,-0.05869739502668381,0.0029908542055636644,-0.003239252371713519,-0.00028110298444516957,10.012892723083496,10.012887954711914,356.0,40.0,0.010207739658653736,0
-353515284.0,1491747166.0,599050.0,121.0,200.0,1002.0,21347.0,10.0,-0.23849748075008392,0.3903837203979492,-0.05837733671069145,0.0019243945134803653,-0.003885586280375719,-0.00035928410943597555,10.01476001739502,10.014755249023438,356.0,40.0,0.010160431265830994,0
-353515284.0,1491747166.0,599050.0,121.0,200.0,1002.0,21347.0,10.0,-0.23849748075008392,0.3903837203979492,-0.05837733671069145,0.0019243945134803653,-0.003885586280375719,-0.00035928410943597555,10.01476001739502,10.014755249023438,356.0,40.0,0.010160431265830994,0
-353515434.0,1491747045.0,599050.0,121.0,200.0,1002.0,21347.0,10.0,-0.23777075111865997,0.38959836959838867,-0.058146193623542786,0.0016118497587740421,-0.0025014476850628853,-0.00034413751563988626,10.01319694519043,10.013192176818848,356.0,40.0,0.009732727892696857,0
-353515434.0,1491747045.0,599050.0,121.0,200.0,1002.0,21347.0,10.0,-0.23777075111865997,0.38959836959838867,-0.058146193623542786,0.0016118497587740421,-0.0025014476850628853,-0.00034413751563988626,10.01319694519043,10.013192176818848,356.0,40.0,0.009732727892696857,0
-353515584.0,1491746923.0,599050.0,121.0,200.0,1002.0,21347.0,10.0,-0.23744560778141022,0.3892509341239929,-0.058044176548719406,0.0006075857672840357,-0.0012782708508893847,-0.0004104296676814556,10.010394096374512,10.010388374328613,356.0,40.0,0.010484022088348866,0
-353515584.0,1491746923.0,599050.0,121.0,200.0,1002.0,21347.0,10.0,-0.23744560778141022,0.3892509341239929,-0.058044176548719406,0.0006075857672840357,-0.0012782708508893847,-0.0004104296676814556,10.010394096374512,10.010388374328613,356.0,40.0,0.010484022088348866,0
-353515584.0,1491746923.0,599050.0,121.0,200.0,1002.0,21347.0,10.0,-0.23744560778141022,0.3892509341239929,-0.058044176548719406,0.0006075857672840357,-0.0012782708508893847,-0.0004104296676814556,10.010394096374512,10.010388374328613,356.0,40.0,0.010484022088348866,0
-353515734.0,1491746801.0,599050.0,121.0,200.0,1001.0,21347.0,10.0,-0.237308531999588,0.38882267475128174,-0.05791747197508812,0.0005325717502273619,-0.0030630845576524734,-0.0003734159981831908,10.006608963012695,10.006603240966797,356.0,40.0,0.010701378807425499,0
-353515734.0,1491746801.0,599050.0,121.0,200.0,1001.0,21347.0,10.0,-0.237308531999588,0.38882267475128174,-0.05791747197508812,0.0005325717502273619,-0.0030630845576524734,-0.0003734159981831908,10.006608963012695,10.006603240966797,356.0,40.0,0.010701378807425499,0
-353516034.0,1491746557.0,599050.0,121.0,200.0,1001.0,21347.0,10.0,-0.23701854050159454,0.3883354365825653,-0.05774165317416191,0.0036273144651204348,-0.005806111264973879,-0.0002846761199180037,10.002243041992188,10.002237319946289,356.0,40.0,0.010112077929079533,0
-353516034.0,1491746557.0,599050.0,121.0,200.0,1001.0,21347.0,10.0,-0.23701854050159454,0.3883354365825653,-0.05774165317416191,0.0036273144651204348,-0.005806111264973879,-0.0002846761199180037,10.002243041992188,10.002237319946289,356.0,40.0,0.010112077929079533,0
-353516184.0,1491746436.0,599050.0,121.0,200.0,1000.0,21347.0,10.0,-0.2363365739583969,0.38764476776123047,-0.05752462148666382,0.002375904470682144,-0.002074925461784005,-0.0003671871090773493,9.996565818786621,9.996562004089355,356.0,40.0,0.009822661988437176,0
-353516184.0,1491746436.0,599050.0,121.0,200.0,1000.0,21347.0,10.0,-0.2363365739583969,0.38764476776123047,-0.05752462148666382,0.002375904470682144,-0.002074925461784005,-0.0003671871090773493,9.996565818786621,9.996562004089355,356.0,40.0,0.009822661988437176,0
-353516334.0,1491746314.0,599050.0,121.0,200.0,1000.0,21347.0,10.0,-0.23615944385528564,0.38783571124076843,-0.05757959932088852,0.001699576387181878,0.0005915007786825299,-0.00047150638420134783,9.99123764038086,9.991232872009277,356.0,40.0,0.009409546852111816,0
-353516334.0,1491746314.0,599050.0,121.0,200.0,1000.0,21347.0,10.0,-0.23615944385528564,0.38783571124076843,-0.05757959932088852,0.001699576387181878,0.0005915007786825299,-0.00047150638420134783,9.99123764038086,9.991232872009277,356.0,40.0,0.009409546852111816,0
-353516484.0,1491746193.0,599050.0,121.0,200.0,999.0,21347.0,10.0,-0.2363058626651764,0.3880932033061981,-0.05764419957995415,-0.0013047376414760947,0.0014060779940336943,-0.00036612909752875566,9.98727798461914,9.987273216247559,356.0,40.0,0.009178250096738338,0
-353516484.0,1491746193.0,599050.0,121.0,200.0,999.0,21347.0,10.0,-0.2363058626651764,0.3880932033061981,-0.05764419957995415,-0.0013047376414760947,0.0014060779940336943,-0.00036612909752875566,9.98727798461914,9.987273216247559,356.0,40.0,0.009178250096738338,0
-353516784.0,1491745950.0,599060.0,121.0,200.0,998.0,21346.0,10.0,-0.2362501621246338,0.38778749108314514,-0.05753793567419052,0.0025919792242348194,-0.0030311450827866793,-0.00021774135529994965,9.985393524169922,9.985389709472656,356.0,40.0,0.009199820458889008,0
-353516784.0,1491745950.0,599060.0,121.0,200.0,998.0,21346.0,10.0,-0.2362501621246338,0.38778749108314514,-0.05753793567419052,0.0025919792242348194,-0.0030311450827866793,-0.00021774135529994965,9.985393524169922,9.985389709472656,356.0,40.0,0.009199820458889008,0
-353516784.0,1491745950.0,599060.0,121.0,200.0,998.0,21346.0,10.0,-0.2362501621246338,0.38778749108314514,-0.05753793567419052,0.0025919792242348194,-0.0030311450827866793,-0.00021774135529994965,9.985393524169922,9.985389709472656,356.0,40.0,0.009199820458889008,0
-353516933.0,1491745829.0,599060.0,121.0,200.0,998.0,21346.0,10.0,-0.23592805862426758,0.38733717799186707,-0.057376679033041,0.0022044864017516375,-0.0022679311223328114,-0.0003717578947544098,9.983031272888184,9.983026504516602,356.0,40.0,0.008987126871943474,0
-353516933.0,1491745829.0,599060.0,121.0,200.0,998.0,21346.0,10.0,-0.23592805862426758,0.38733717799186707,-0.057376679033041,0.0022044864017516375,-0.0022679311223328114,-0.0003717578947544098,9.983031272888184,9.983026504516602,356.0,40.0,0.008987126871943474,0
-353517083.0,1491745708.0,599060.0,121.0,200.0,997.0,21345.0,10.0,-0.23563431203365326,0.3870435357093811,-0.05714762955904007,0.0016547240084037185,-0.00027796567883342505,8.404051186516881e-05,9.979507446289062,9.979504585266113,356.0,40.0,0.008525351993739605,0
-353517083.0,1491745708.0,599060.0,121.0,200.0,997.0,21345.0,10.0,-0.23563431203365326,0.3870435357093811,-0.05714762955904007,0.0016547240084037185,-0.00027796567883342505,8.404051186516881e-05,9.979507446289062,9.979504585266113,356.0,40.0,0.008525351993739605,0
-353517232.0,1491745586.0,599060.0,121.0,200.0,997.0,21345.0,10.0,-0.23565737903118134,0.38695526123046875,-0.05713764205574989,-0.0023448432330042124,0.002075602998957038,-0.0006055817357264459,9.975240707397461,9.975237846374512,356.0,40.0,0.00788294430822134,0
-353517232.0,1491745586.0,599060.0,121.0,200.0,997.0,21345.0,10.0,-0.23565737903118134,0.38695526123046875,-0.05713764205574989,-0.0023448432330042124,0.002075602998957038,-0.0006055817357264459,9.975240707397461,9.975237846374512,356.0,40.0,0.00788294430822134,0
-353517531.0,1491745344.0,599060.0,121.0,200.0,996.0,21345.0,10.0,-0.23643594980239868,0.38739004731178284,-0.05739431455731392,-0.003661936614662409,-0.0007485823589377105,-0.0010291181970387697,9.973381996154785,9.973379135131836,356.0,40.0,0.007771107368171215,0
-353517531.0,1491745344.0,599060.0,121.0,200.0,996.0,21345.0,10.0,-0.23643594980239868,0.38739004731178284,-0.05739431455731392,-0.003661936614662409,-0.0007485823589377105,-0.0010291181970387697,9.973381996154785,9.973379135131836,356.0,40.0,0.007771107368171215,0
-353517680.0,1491745223.0,599060.0,121.0,200.0,996.0,21345.0,10.0,-0.23624709248542786,0.38718441128730774,-0.057268816977739334,-0.0009642000077292323,0.00047675694804638624,-5.035469075664878e-05,9.972396850585938,9.972393035888672,356.0,40.0,0.007728347089141607,0
-353517680.0,1491745223.0,599060.0,121.0,200.0,996.0,21345.0,10.0,-0.23624709248542786,0.38718441128730774,-0.057268816977739334,-0.0009642000077292323,0.00047675694804638624,-5.035469075664878e-05,9.972396850585938,9.972393035888672,356.0,40.0,0.007728347089141607,0
-353517830.0,1491745102.0,599060.0,121.0,200.0,996.0,21346.0,10.0,-0.23654036223888397,0.38761207461357117,-0.05739695951342583,-0.0032987273298203945,0.0038835054729133844,-0.0007880292250774801,9.97100830078125,9.9710054397583,356.0,40.0,0.007440379820764065,0
-353517830.0,1491745102.0,599060.0,121.0,200.0,996.0,21346.0,10.0,-0.23654036223888397,0.38761207461357117,-0.05739695951342583,-0.0032987273298203945,0.0038835054729133844,-0.0007880292250774801,9.97100830078125,9.9710054397583,356.0,40.0,0.007440379820764065,0
-353517979.0,1491744981.0,599060.0,121.0,200.0,996.0,21346.0,10.0,-0.23691146075725555,0.38815951347351074,-0.05754446983337402,-0.0036833875346928835,0.003612761851400137,-0.0003565185470506549,9.971675872802734,9.971673011779785,356.0,40.0,0.0073564862832427025,0
-353517979.0,1491744981.0,599060.0,121.0,200.0,996.0,21346.0,10.0,-0.23691146075725555,0.38815951347351074,-0.05754446983337402,-0.0036833875346928835,0.003612761851400137,-0.0003565185470506549,9.971675872802734,9.971673011779785,356.0,40.0,0.0073564862832427025,0
-353518278.0,1491744739.0,599060.0,121.0,200.0,996.0,21346.0,10.0,-0.23740139603614807,0.3887457251548767,-0.05763649940490723,0.0004039629711769521,-0.00040842220187187195,-5.738378968089819e-05,9.974712371826172,9.974708557128906,356.0,40.0,0.007596415001899004,0
-353518278.0,1491744739.0,599060.0,121.0,200.0,996.0,21346.0,10.0,-0.23740139603614807,0.3887457251548767,-0.05763649940490723,0.0004039629711769521,-0.00040842220187187195,-5.738378968089819e-05,9.974712371826172,9.974708557128906,356.0,40.0,0.007596415001899004,0
-353518278.0,1491744739.0,599060.0,121.0,200.0,996.0,21346.0,10.0,-0.23740139603614807,0.3887457251548767,-0.05763649940490723,0.0004039629711769521,-0.00040842220187187195,-5.738378968089819e-05,9.974712371826172,9.974708557128906,356.0,40.0,0.007596415001899004,0
-353518427.0,1491744618.0,599060.0,121.0,200.0,996.0,21346.0,10.0,-0.23794785141944885,0.38938504457473755,-0.05779820680618286,-0.00542479706928134,0.005361082497984171,-0.001097543048672378,9.97452163696289,9.974518775939941,356.0,40.0,0.007392148952931166,0
-353518427.0,1491744618.0,599060.0,121.0,200.0,996.0,21346.0,10.0,-0.23794785141944885,0.38938504457473755,-0.05779820680618286,-0.00542479706928134,0.005361082497984171,-0.001097543048672378,9.97452163696289,9.974518775939941,356.0,40.0,0.007392148952931166,0
-353518576.0,1491744497.0,599060.0,121.0,200.0,996.0,21346.0,10.0,-0.23921464383602142,0.3910892605781555,-0.05833205208182335,-0.008715515956282616,0.00723688630387187,-0.000738297589123249,9.977670669555664,9.977667808532715,356.0,40.0,0.006257285829633474,0
-353518576.0,1491744497.0,599060.0,121.0,200.0,996.0,21346.0,10.0,-0.23921464383602142,0.3910892605781555,-0.05833205208182335,-0.008715515956282616,0.00723688630387187,-0.000738297589123249,9.977670669555664,9.977667808532715,356.0,40.0,0.006257285829633474,0
-353518726.0,1491744376.0,599060.0,121.0,200.0,997.0,21346.0,10.0,-0.2410876452922821,0.39302772283554077,-0.05875462666153908,-0.005878794938325882,0.0059854090213775635,-1.620559487491846e-05,9.987415313720703,9.98741340637207,356.0,40.0,0.006172293331474066,0
-353518726.0,1491744376.0,599060.0,121.0,200.0,997.0,21346.0,10.0,-0.2410876452922821,0.39302772283554077,-0.05875462666153908,-0.005878794938325882,0.0059854090213775635,-1.620559487491846e-05,9.987415313720703,9.98741340637207,356.0,40.0,0.006172293331474066,0
-353519025.0,1491744134.0,599060.0,121.0,200.0,999.0,21346.0,10.0,-0.24207861721515656,0.39409762620925903,-0.05896497890353203,-0.0031716914381831884,0.005055899266153574,-0.0005412547616288066,10.001221656799316,10.001219749450684,356.0,40.0,0.005766618996858597,0
-353519025.0,1491744134.0,599060.0,121.0,200.0,999.0,21346.0,10.0,-0.24207861721515656,0.39409762620925903,-0.05896497890353203,-0.0031716914381831884,0.005055899266153574,-0.0005412547616288066,10.001221656799316,10.001219749450684,356.0,40.0,0.005766618996858597,0
-353519025.0,1491744134.0,599060.0,121.0,200.0,999.0,21346.0,10.0,-0.24207861721515656,0.39409762620925903,-0.05896497890353203,-0.0031716914381831884,0.005055899266153574,-0.0005412547616288066,10.001221656799316,10.001219749450684,356.0,40.0,0.005766618996858597,0
-353519175.0,1491744012.0,599060.0,121.0,200.0,1001.0,21347.0,10.0,-0.24175533652305603,0.39384251832962036,-0.0588972270488739,0.0033604507334530354,-0.0030626067891716957,-0.00031261518597602844,10.015135765075684,10.015134811401367,356.0,40.0,0.006763086654245853,0
-353519175.0,1491744012.0,599060.0,121.0,200.0,1001.0,21347.0,10.0,-0.24175533652305603,0.39384251832962036,-0.0588972270488739,0.0033604507334530354,-0.0030626067891716957,-0.00031261518597602844,10.015135765075684,10.015134811401367,356.0,40.0,0.006763086654245853,0
-353519325.0,1491743890.0,599060.0,121.0,200.0,1002.0,21347.0,10.0,-0.2407849282026291,0.3929787576198578,-0.058606501668691635,0.0025559887290000916,-0.00425293343141675,-0.0002868631563615054,10.024456024169922,10.024453163146973,356.0,40.0,0.0069795711897313595,0
-353519325.0,1491743890.0,599060.0,121.0,200.0,1002.0,21347.0,10.0,-0.2407849282026291,0.3929787576198578,-0.058606501668691635,0.0025559887290000916,-0.00425293343141675,-0.0002868631563615054,10.024456024169922,10.024453163146973,356.0,40.0,0.0069795711897313595,0
-353519476.0,1491743769.0,599060.0,121.0,200.0,1003.0,21348.0,10.0,-0.24017660319805145,0.3919493556022644,-0.05834603309631348,0.003574702888727188,-0.0031046580988913774,-0.00037881144089624286,10.029769897460938,10.029766082763672,356.0,40.0,0.008286679163575172,0
-353519476.0,1491743769.0,599060.0,121.0,200.0,1003.0,21348.0,10.0,-0.24017660319805145,0.3919493556022644,-0.05834603309631348,0.003574702888727188,-0.0031046580988913774,-0.00037881144089624286,10.029769897460938,10.029766082763672,356.0,40.0,0.008286679163575172,0
-353519777.0,1491743525.0,599060.0,121.0,200.0,1004.0,21348.0,10.0,-0.23882286250591278,0.3909478187561035,-0.0580674484372139,0.006207287777215242,-0.006926643196493387,-0.00036852696212008595,10.030399322509766,10.0303955078125,356.0,40.0,0.008534887805581093,0
-353519777.0,1491743525.0,599060.0,121.0,200.0,1004.0,21348.0,10.0,-0.23882286250591278,0.3909478187561035,-0.0580674484372139,0.006207287777215242,-0.006926643196493387,-0.00036852696212008595,10.030399322509766,10.0303955078125,356.0,40.0,0.008534887805581093,0
-353519927.0,1491743402.0,599060.0,121.0,200.0,1004.0,21348.0,10.0,-0.23733152449131012,0.3894571363925934,-0.05769478157162666,0.004049070179462433,-0.005359172821044922,-0.000555874896235764,10.026907920837402,10.026904106140137,356.0,40.0,0.00806050281971693,0
-353519927.0,1491743402.0,599060.0,121.0,200.0,1004.0,21348.0,10.0,-0.23733152449131012,0.3894571363925934,-0.05769478157162666,0.004049070179462433,-0.005359172821044922,-0.000555874896235764,10.026907920837402,10.026904106140137,356.0,40.0,0.00806050281971693,0
-353520077.0,1491743280.0,599060.0,121.0,200.0,1003.0,21348.0,10.0,-0.220006063580513,0.3510168790817261,-0.07293727248907089,0.20896020531654358,-0.31060412526130676,-0.3001018464565277,9.99145793914795,9.991450309753418,355.0,39.0,0.011799037456512451,0
-353520077.0,1491743280.0,599060.0,121.0,200.0,1003.0,21348.0,10.0,-0.220006063580513,0.3510168790817261,-0.07293727248907089,0.20896020531654358,-0.31060412526130676,-0.3001018464565277,9.99145793914795,9.991450309753418,355.0,39.0,0.011799037456512451,0
-353520228.0,1491743159.0,599060.0,121.0,200.0,999.0,21347.0,10.0,-0.1763097047805786,0.20449620485305786,-0.24027949571609497,0.4624191224575043,-0.5109175443649292,-1.0538688898086548,9.729060173034668,9.729020118713379,346.0,36.0,0.02820655144751072,0
-353520228.0,1491743159.0,599060.0,121.0,200.0,999.0,21347.0,10.0,-0.1763097047805786,0.20449620485305786,-0.24027949571609497,0.4624191224575043,-0.5109175443649292,-1.0538688898086548,9.729060173034668,9.729020118713379,346.0,36.0,0.02820655144751072,0
-353520522.0,1491742922.0,599070.0,121.0,200.0,942.0,21294.0,10.0,-0.1164667010307312,0.06835205852985382,-0.5225145816802979,0.2094162553548813,-0.23165324330329895,-1.2309412956237793,9.098060607910156,9.098039627075195,330.0,35.0,0.019276469945907593,0
-353520522.0,1491742922.0,599070.0,121.0,200.0,942.0,21294.0,10.0,-0.1164667010307312,0.06835205852985382,-0.5225145816802979,0.2094162553548813,-0.23165324330329895,-1.2309412956237793,9.098060607910156,9.098039627075195,330.0,35.0,0.019276469945907593,0
-353520522.0,1491742922.0,599070.0,121.0,200.0,942.0,21294.0,10.0,-0.1164667010307312,0.06835205852985382,-0.5225145816802979,0.2094162553548813,-0.23165324330329895,-1.2309412956237793,9.098060607910156,9.098039627075195,330.0,35.0,0.019276469945907593,0
-353520660.0,1491742813.0,599070.0,121.0,200.0,885.0,21236.0,10.0,-0.11425670236349106,-0.0018339516827836633,-0.8168675899505615,-0.03155166655778885,-0.10821660608053207,-1.162885308265686,8.319095611572266,8.319095611572266,313.0,35.0,-0.00014434175682254136,0
-353520660.0,1491742813.0,599070.0,121.0,200.0,885.0,21236.0,10.0,-0.11425670236349106,-0.0018339516827836633,-0.8168675899505615,-0.03155166655778885,-0.10821660608053207,-1.162885308265686,8.319095611572266,8.319095611572266,313.0,35.0,-0.00014434175682254136,0
-353520790.0,1491742713.0,599070.0,121.0,200.0,823.0,21204.0,10.0,-0.1137607991695404,-0.048976607620716095,-1.091160535812378,-4.5265755034051836e-05,-0.010281039401888847,-1.0751975774765015,7.613309383392334,7.613303184509277,297.0,35.0,-0.009970239363610744,0
-353520790.0,1491742713.0,599070.0,121.0,200.0,823.0,21204.0,10.0,-0.1137607991695404,-0.048976607620716095,-1.091160535812378,-4.5265755034051836e-05,-0.010281039401888847,-1.0751975774765015,7.613309383392334,7.613303184509277,297.0,35.0,-0.009970239363610744,0
-353520910.0,1491742620.0,599070.0,121.0,200.0,767.0,21234.0,10.0,-0.08794011920690536,-0.05796424299478531,-1.3542507886886597,0.07997533679008484,0.130323588848114,-1.0408082008361816,7.045135498046875,7.045121192932129,282.0,35.0,-0.013993702828884125,0
-353520910.0,1491742620.0,599070.0,121.0,200.0,767.0,21234.0,10.0,-0.08794011920690536,-0.05796424299478531,-1.3542507886886597,0.07997533679008484,0.130323588848114,-1.0408082008361816,7.045135498046875,7.045121192932129,282.0,35.0,-0.013993702828884125,0
-353521127.0,1491742446.0,599060.0,121.0,200.0,675.0,21388.0,10.0,-0.047942716628313065,-0.034812524914741516,-1.6166690587997437,0.12966656684875488,0.176385298371315,-1.0482542514801025,6.546262741088867,6.546247959136963,267.0,36.0,-0.013835194520652294,0
-353521127.0,1491742446.0,599060.0,121.0,200.0,675.0,21388.0,10.0,-0.047942716628313065,-0.034812524914741516,-1.6166690587997437,0.12966656684875488,0.176385298371315,-1.0482542514801025,6.546262741088867,6.546247959136963,267.0,36.0,-0.013835194520652294,0
-353521224.0,1491742366.0,599060.0,121.0,200.0,634.0,21415.0,10.0,-0.007071553263813257,0.00259590451605618,-1.8814417123794556,0.15006771683692932,0.1714387685060501,-1.0583314895629883,6.014507293701172,6.01449728012085,252.0,36.0,-0.01124334055930376,0
-353521224.0,1491742366.0,599060.0,121.0,200.0,634.0,21415.0,10.0,-0.007071553263813257,0.00259590451605618,-1.8814417123794556,0.15006771683692932,0.1714387685060501,-1.0583314895629883,6.014507293701172,6.01449728012085,252.0,36.0,-0.01124334055930376,0
-353521316.0,1491742290.0,599060.0,121.0,200.0,590.0,21398.0,10.0,0.02091081440448761,0.044190749526023865,-2.1451923847198486,0.12108665704727173,0.1515067219734192,-1.0583786964416504,5.4066338539123535,5.406628608703613,237.0,36.0,-0.007403362076729536,0
-353521316.0,1491742290.0,599060.0,121.0,200.0,590.0,21398.0,10.0,0.02091081440448761,0.044190749526023865,-2.1451923847198486,0.12108665704727173,0.1515067219734192,-1.0583786964416504,5.4066338539123535,5.406628608703613,237.0,36.0,-0.007403362076729536,0
-353521400.0,1491742221.0,599060.0,121.0,200.0,540.0,21360.0,10.0,0.02540714666247368,0.08615569770336151,-2.408299446105957,0.05553245171904564,0.13515305519104004,-1.0504955053329468,4.740666389465332,4.740666389465332,222.0,36.0,-0.0015120088355615735,0
-353521400.0,1491742221.0,599060.0,121.0,200.0,540.0,21360.0,10.0,0.02540714666247368,0.08615569770336151,-2.408299446105957,0.05553245171904564,0.13515305519104004,-1.0504955053329468,4.740666389465332,4.740666389465332,222.0,36.0,-0.0015120088355615735,0
-353521546.0,1491742102.0,599050.0,121.0,200.0,433.0,21343.0,10.0,0.006768196355551481,0.12209294736385345,-2.617363452911377,-0.017932528629899025,0.12410764396190643,-0.5151042342185974,4.061208724975586,4.061205863952637,210.0,36.0,0.004946480970829725,0
-353521546.0,1491742102.0,599050.0,121.0,200.0,433.0,21343.0,10.0,0.006768196355551481,0.12209294736385345,-2.617363452911377,-0.017932528629899025,0.12410764396190643,-0.5151042342185974,4.061208724975586,4.061205863952637,210.0,36.0,0.004946480970829725,0
-353521546.0,1491742102.0,599050.0,121.0,200.0,433.0,21343.0,10.0,0.006768196355551481,0.12209294736385345,-2.617363452911377,-0.017932528629899025,0.12410764396190643,-0.5151042342185974,4.061208724975586,4.061205863952637,210.0,36.0,0.004946480970829725,0
-353521607.0,1491742053.0,599050.0,121.0,200.0,378.0,21379.0,10.0,-0.004869726020842791,0.1527916043996811,-2.643913984298706,-0.03567032516002655,0.12043280154466629,0.13480518758296967,3.3910374641418457,3.391021251678467,208.0,36.0,0.01041815523058176,0
-353521607.0,1491742053.0,599050.0,121.0,200.0,378.0,21379.0,10.0,-0.004869726020842791,0.1527916043996811,-2.643913984298706,-0.03567032516002655,0.12043280154466629,0.13480518758296967,3.3910374641418457,3.391021251678467,208.0,36.0,0.01041815523058176,0
-353521659.0,1491742009.0,599050.0,121.0,200.0,324.0,21421.0,10.0,-0.002491552848368883,0.18253971636295319,-2.5934250354766846,-0.014991999603807926,0.11369645595550537,0.18571078777313232,2.7201733589172363,2.7201383113861084,211.0,37.0,0.013762662187218666,0
-353521659.0,1491742009.0,599050.0,121.0,200.0,324.0,21421.0,10.0,-0.002491552848368883,0.18253971636295319,-2.5934250354766846,-0.014991999603807926,0.11369645595550537,0.18571078777313232,2.7201733589172363,2.7201383113861084,211.0,37.0,0.013762662187218666,0
-353521704.0,1491741973.0,599050.0,121.0,200.0,270.0,21457.0,10.0,0.0013240473344922066,0.20946083962917328,-2.5642881393432617,-0.0046263146214187145,0.10169919580221176,0.0512397363781929,2.0482218265533447,2.048166513442993,213.0,37.0,0.015029401518404484,0
-353521704.0,1491741973.0,599050.0,121.0,200.0,270.0,21457.0,10.0,0.0013240473344922066,0.20946083962917328,-2.5642881393432617,-0.0046263146214187145,0.10169919580221176,0.0512397363781929,2.0482218265533447,2.048166513442993,213.0,37.0,0.015029401518404484,0
-353521767.0,1491741918.0,599060.0,121.0,200.0,161.0,21547.0,10.0,0.0012972349068149924,0.23383933305740356,-2.562243700027466,-0.0017207186901941895,0.09176335483789444,-0.017581701278686523,1.374455213546753,1.3743754625320435,213.0,37.0,0.014795377850532532,0
-353521767.0,1491741918.0,599060.0,121.0,200.0,161.0,21547.0,10.0,0.0012972349068149924,0.23383933305740356,-2.562243700027466,-0.0017207186901941895,0.09176335483789444,-0.017581701278686523,1.374455213546753,1.3743754625320435,213.0,37.0,0.014795377850532532,0
-353521786.0,1491741900.0,599060.0,121.0,200.0,107.0,21652.0,10.0,-0.00016527084517292678,0.218365877866745,-2.5674386024475098,-0.00020446577400434762,-0.2621878385543823,-0.01900685578584671,0.7218925356864929,0.7217451333999634,212.0,37.0,0.014587008394300938,0
-353521786.0,1491741900.0,599060.0,121.0,200.0,107.0,21652.0,10.0,-0.00016527084517292678,0.218365877866745,-2.5674386024475098,-0.00020446577400434762,-0.2621878385543823,-0.01900685578584671,0.7218925356864929,0.7217451333999634,212.0,37.0,0.014587008394300938,0
-353521798.0,1491741890.0,599060.0,121.0,200.0,58.0,21912.0,10.0,-0.00017916499928105623,0.1297539919614792,-2.569880485534668,0.0006491289241239429,-0.35495299100875854,-0.00452445587143302,0.27067673206329346,0.27029919624328613,212.0,36.0,0.014291643165051937,0
-353521798.0,1491741890.0,599060.0,121.0,200.0,58.0,21912.0,10.0,-0.00017916499928105623,0.1297539919614792,-2.569880485534668,0.0006491289241239429,-0.35495299100875854,-0.00452445587143302,0.27067673206329346,0.27029919624328613,212.0,36.0,0.014291643165051937,0
-353521798.0,1491741890.0,599060.0,121.0,200.0,58.0,21912.0,10.0,-0.00017916499928105623,0.1297539919614792,-2.569880485534668,0.0006491289241239429,-0.35495299100875854,-0.00452445587143302,0.27067673206329346,0.27029919624328613,212.0,36.0,0.014291643165051937,0
-353521803.0,1491741885.0,599060.0,121.0,200.0,22.0,22843.0,10.0,-9.305431740358472e-05,0.06116432324051857,-2.5695128440856934,-0.00039664487121626735,-0.20699751377105713,0.003285094629973173,0.07636053115129471,0.07582229375839233,212.0,36.0,0.009050504304468632,0
-353521803.0,1491741885.0,599060.0,121.0,200.0,22.0,22843.0,10.0,-9.305431740358472e-05,0.06116432324051857,-2.5695128440856934,-0.00039664487121626735,-0.20699751377105713,0.003285094629973173,0.07636053115129471,0.07582229375839233,212.0,36.0,0.009050504304468632,0
-353521803.0,1491741882.0,599060.0,121.0,200.0,13.0,907.0,10.0,-3.0146329663693905e-05,0.026264920830726624,-2.568565607070923,0.0004994006594642997,-0.09672370553016663,0.0028994835447520018,0.09436799585819244,0.0942104309797287,212.0,36.0,0.005451014265418053,0
-353521803.0,1491741882.0,599060.0,121.0,200.0,13.0,907.0,10.0,-3.0146329663693905e-05,0.026264920830726624,-2.568565607070923,0.0004994006594642997,-0.09672370553016663,0.0028994835447520018,0.09436799585819244,0.0942104309797287,212.0,36.0,0.005451014265418053,0
-353521801.0,1491741883.0,599060.0,121.0,200.0,18.0,1678.0,10.0,-0.00043955480214208364,0.009882601909339428,-2.5681586265563965,-0.0012461843434721231,-0.042997363954782486,0.0009806726593524218,0.12276016920804977,0.12267392128705978,212.0,36.0,0.004600613843649626,0
-353521801.0,1491741883.0,599060.0,121.0,200.0,18.0,1678.0,10.0,-0.00043955480214208364,0.009882601909339428,-2.5681586265563965,-0.0012461843434721231,-0.042997363954782486,0.0009806726593524218,0.12276016920804977,0.12267392128705978,212.0,36.0,0.004600613843649626,0
-353521798.0,1491741883.0,599060.0,121.0,200.0,20.0,1927.0,10.0,-0.0007143511320464313,0.0037653441540896893,-2.5680904388427734,-0.0010083827655762434,-0.013683573342859745,0.00019738025730475783,0.13130509853363037,0.13120974600315094,212.0,36.0,0.0050026895478367805,0
-353521798.0,1491741883.0,599060.0,121.0,200.0,20.0,1927.0,10.0,-0.0007143511320464313,0.0037653441540896893,-2.5680904388427734,-0.0010083827655762434,-0.013683573342859745,0.00019738025730475783,0.13130509853363037,0.13120974600315094,212.0,36.0,0.0050026895478367805,0
-353521794.0,1491741884.0,599060.0,121.0,200.0,21.0,2046.0,10.0,-0.0012331587495282292,0.0016852024709805846,-2.5680155754089355,-0.001357794157229364,-0.007150862365961075,0.0012139265891164541,0.13273189961910248,0.13252396881580353,212.0,36.0,0.007426775060594082,0
-353521794.0,1491741884.0,599060.0,121.0,200.0,21.0,2046.0,10.0,-0.0012331587495282292,0.0016852024709805846,-2.5680155754089355,-0.001357794157229364,-0.007150862365961075,0.0012139265891164541,0.13273189961910248,0.13252396881580353,212.0,36.0,0.007426775060594082,0
-353521787.0,1491741888.0,599060.0,121.0,200.0,20.0,2214.0,10.0,-0.0015504760667681694,0.000894565018825233,-2.5677521228790283,0.0010711007053032517,-0.0033243445213884115,0.0016467589884996414,0.13137975335121155,0.13105587661266327,212.0,36.0,0.009219126775860786,0
-353521787.0,1491741888.0,599060.0,121.0,200.0,20.0,2214.0,10.0,-0.0015504760667681694,0.000894565018825233,-2.5677521228790283,0.0010711007053032517,-0.0033243445213884115,0.0016467589884996414,0.13137975335121155,0.13105587661266327,212.0,36.0,0.009219126775860786,0
-353521787.0,1491741888.0,599060.0,121.0,200.0,20.0,2214.0,10.0,-0.0015504760667681694,0.000894565018825233,-2.5677521228790283,0.0010711007053032517,-0.0033243445213884115,0.0016467589884996414,0.13137975335121155,0.13105587661266327,212.0,36.0,0.009219126775860786,0
-353521784.0,1491741890.0,599060.0,121.0,200.0,20.0,2298.0,10.0,-0.001473303185775876,0.0003636646142695099,-2.567617654800415,0.00035441204090602696,-0.0009409827180206776,0.0004733051173388958,0.13024857640266418,0.12984882295131683,212.0,36.0,0.010196940042078495,0
-353521784.0,1491741890.0,599060.0,121.0,200.0,20.0,2298.0,10.0,-0.001473303185775876,0.0003636646142695099,-2.567617654800415,0.00035441204090602696,-0.0009409827180206776,0.0004733051173388958,0.13024857640266418,0.12984882295131683,212.0,36.0,0.010196940042078495,0
-353521780.0,1491741892.0,599060.0,121.0,200.0,19.0,2375.0,10.0,-0.001422676257789135,0.00018693583842832595,-2.5676419734954834,0.00014901088434271514,-0.005359693896025419,0.0003268812142778188,0.12866246700286865,0.1282290667295456,212.0,36.0,0.01055149082094431,0
-353521780.0,1491741892.0,599060.0,121.0,200.0,19.0,2375.0,10.0,-0.001422676257789135,0.00018693583842832595,-2.5676419734954834,0.00014901088434271514,-0.005359693896025419,0.0003268812142778188,0.12866246700286865,0.1282290667295456,212.0,36.0,0.01055149082094431,0
-353521777.0,1491741894.0,599060.0,121.0,200.0,18.0,2445.0,10.0,-0.001382251619361341,-0.0015802639536559582,-2.5676352977752686,-2.305765519849956e-05,-0.0077018714509904385,0.0007446202216669917,0.12460393458604813,0.12418131530284882,212.0,36.0,0.010253822430968285,0
-353521777.0,1491741894.0,599060.0,121.0,200.0,18.0,2445.0,10.0,-0.001382251619361341,-0.0015802639536559582,-2.5676352977752686,-2.305765519849956e-05,-0.0077018714509904385,0.0007446202216669917,0.12460393458604813,0.12418131530284882,212.0,36.0,0.010253822430968285,0
-353521771.0,1491741897.0,599070.0,121.0,200.0,16.0,2552.0,10.0,-0.0013667754828929901,-0.002849278971552849,-2.5673792362213135,-0.00010034207662101835,-0.004318042192608118,0.0016876213485375047,0.11669088900089264,0.11631782352924347,212.0,36.0,0.009323525242507458,0
-353521771.0,1491741897.0,599070.0,121.0,200.0,16.0,2552.0,10.0,-0.0013667754828929901,-0.002849278971552849,-2.5673792362213135,-0.00010034207662101835,-0.004318042192608118,0.0016876213485375047,0.11669088900089264,0.11631782352924347,212.0,36.0,0.009323525242507458,0
-353521771.0,1491741897.0,599070.0,121.0,200.0,16.0,2552.0,10.0,-0.0013667754828929901,-0.002849278971552849,-2.5673792362213135,-0.00010034207662101835,-0.004318042192608118,0.0016876213485375047,0.11669088900089264,0.11631782352924347,212.0,36.0,0.009323525242507458,0
-353521768.0,1491741898.0,599070.0,121.0,200.0,15.0,2590.0,10.0,-0.0013578255893662572,-0.0035165997687727213,-2.5669312477111816,-0.0001544574333820492,-0.0027306752745062113,0.0022416035644710064,0.10802289098501205,0.10768923163414001,212.0,36.0,0.008483847603201866,0
-353521768.0,1491741898.0,599070.0,121.0,200.0,15.0,2590.0,10.0,-0.0013578255893662572,-0.0035165997687727213,-2.5669312477111816,-0.0001544574333820492,-0.0027306752745062113,0.0022416035644710064,0.10802289098501205,0.10768923163414001,212.0,36.0,0.008483847603201866,0
-353521766.0,1491741900.0,599070.0,121.0,200.0,14.0,2625.0,10.0,-0.0013817759463563561,-0.004026674199849367,-2.566391706466675,0.0005485523142851889,-0.003295385278761387,0.0018705333350226283,0.09810598939657211,0.09784525632858276,212.0,36.0,0.007147957105189562,0
-353521766.0,1491741900.0,599070.0,121.0,200.0,14.0,2625.0,10.0,-0.0013817759463563561,-0.004026674199849367,-2.566391706466675,0.0005485523142851889,-0.003295385278761387,0.0018705333350226283,0.09810598939657211,0.09784525632858276,212.0,36.0,0.007147957105189562,0
-353521764.0,1491741901.0,599070.0,121.0,200.0,13.0,2659.0,10.0,-0.0013967544073238969,-0.004211622755974531,-2.566197156906128,-0.0004842609050683677,-0.0004958321806043386,0.0006043331231921911,0.08705922216176987,0.08687759935855865,212.0,36.0,0.005620614159852266,0
-353521764.0,1491741901.0,599070.0,121.0,200.0,13.0,2659.0,10.0,-0.0013967544073238969,-0.004211622755974531,-2.566197156906128,-0.0004842609050683677,-0.0004958321806043386,0.0006043331231921911,0.08705922216176987,0.08687759935855865,212.0,36.0,0.005620614159852266,0
-353521760.0,1491741903.0,599070.0,121.0,200.0,10.0,2725.0,10.0,-0.001146280555985868,-0.0040158056654036045,-2.5658867359161377,-0.001884651486761868,0.0016785396728664637,0.0012748902663588524,0.0764555111527443,0.07632488757371902,212.0,36.0,0.0044672139920294285,0
-353521760.0,1491741903.0,599070.0,121.0,200.0,10.0,2725.0,10.0,-0.001146280555985868,-0.0040158056654036045,-2.5658867359161377,-0.001884651486761868,0.0016785396728664637,0.0012748902663588524,0.0764555111527443,0.07632488757371902,212.0,36.0,0.0044672139920294285,0
-353521759.0,1491741904.0,599070.0,121.0,200.0,9.0,2747.0,10.0,-0.001193731790408492,-0.003646359546110034,-2.565657377243042,-0.0008428693981841207,0.0023289720993489027,0.0004889860283583403,0.067148856818676,0.06705273687839508,212.0,36.0,0.00359160709194839,0
-353521759.0,1491741904.0,599070.0,121.0,200.0,9.0,2747.0,10.0,-0.001193731790408492,-0.003646359546110034,-2.565657377243042,-0.0008428693981841207,0.0023289720993489027,0.0004889860283583403,0.067148856818676,0.06705273687839508,212.0,36.0,0.00359160709194839,0
-353521757.0,1491741905.0,599070.0,121.0,200.0,8.0,2774.0,10.0,-0.0010906561510637403,-0.003077490022405982,-2.5654146671295166,0.00015529149095527828,0.0012342359405010939,0.0011596271069720387,0.059018418192863464,0.058919478207826614,213.0,36.0,0.003415933810174465,0
-353521757.0,1491741905.0,599070.0,121.0,200.0,8.0,2774.0,10.0,-0.0010906561510637403,-0.003077490022405982,-2.5654146671295166,0.00015529149095527828,0.0012342359405010939,0.0011596271069720387,0.059018418192863464,0.058919478207826614,213.0,36.0,0.003415933810174465,0
-353521757.0,1491741905.0,599070.0,121.0,200.0,8.0,2774.0,10.0,-0.0010906561510637403,-0.003077490022405982,-2.5654146671295166,0.00015529149095527828,0.0012342359405010939,0.0011596271069720387,0.059018418192863464,0.058919478207826614,213.0,36.0,0.003415933810174465,0
-353521755.0,1491741906.0,599070.0,121.0,200.0,7.0,2807.0,10.0,-0.0010801790049299598,-0.002664466854184866,-2.5652058124542236,-0.0005880402168259025,-0.00038902225787751377,-7.421616464853287e-05,0.05270880460739136,0.05261742323637009,213.0,36.0,0.003102278569713235,0
-353521755.0,1491741906.0,599070.0,121.0,200.0,7.0,2807.0,10.0,-0.0010801790049299598,-0.002664466854184866,-2.5652058124542236,-0.0005880402168259025,-0.00038902225787751377,-7.421616464853287e-05,0.05270880460739136,0.05261742323637009,213.0,36.0,0.003102278569713235,0
-353521753.0,1491741908.0,599070.0,121.0,200.0,6.0,2901.0,10.0,-0.0013685912126675248,-0.0028169264551252127,-2.5650298595428467,-0.00029581537819467485,-0.0028707883320748806,0.0010417279554530978,0.04715019464492798,0.0470588319003582,213.0,36.0,0.002933868672698736,0
-353521753.0,1491741908.0,599070.0,121.0,200.0,6.0,2901.0,10.0,-0.0013685912126675248,-0.0028169264551252127,-2.5650298595428467,-0.00029581537819467485,-0.0028707883320748806,0.0010417279554530978,0.04715019464492798,0.0470588319003582,213.0,36.0,0.002933868672698736,0
-353521752.0,1491741908.0,599080.0,121.0,200.0,5.0,2988.0,10.0,-0.0010624324204400182,-0.0029199474956840277,-2.564826488494873,-0.00010746474436018616,0.0001956219202838838,9.793438948690891e-08,0.041898876428604126,0.04180416837334633,213.0,36.0,0.0028155806940048933,0
-353521752.0,1491741908.0,599080.0,121.0,200.0,5.0,2988.0,10.0,-0.0010624324204400182,-0.0029199474956840277,-2.564826488494873,-0.00010746474436018616,0.0001956219202838838,9.793438948690891e-08,0.041898876428604126,0.04180416837334633,213.0,36.0,0.0028155806940048933,0
-353521752.0,1491741909.0,599080.0,121.0,200.0,4.0,3065.0,10.0,-0.0009417434921488166,-0.002541921567171812,-2.5647053718566895,-0.0001909224665723741,0.0021065473556518555,0.0008424604311585426,0.03670469671487808,0.0366256907582283,213.0,36.0,0.0024070097133517265,0
-353521752.0,1491741909.0,599080.0,121.0,200.0,4.0,3065.0,10.0,-0.0009417434921488166,-0.002541921567171812,-2.5647053718566895,-0.0001909224665723741,0.0021065473556518555,0.0008424604311585426,0.03670469671487808,0.0366256907582283,213.0,36.0,0.0024070097133517265,0
-353521751.0,1491741909.0,599080.0,121.0,200.0,4.0,3116.0,10.0,-0.0007489738636650145,-0.0020816917531192303,-2.564401149749756,0.0022342409938573837,0.002477206289768219,0.00047431598068214953,0.03253589943051338,0.03247356042265892,213.0,36.0,0.00201314315199852,0
-353521751.0,1491741909.0,599080.0,121.0,200.0,4.0,3116.0,10.0,-0.0007489738636650145,-0.0020816917531192303,-2.564401149749756,0.0022342409938573837,0.002477206289768219,0.00047431598068214953,0.03253589943051338,0.03247356042265892,213.0,36.0,0.00201314315199852,0
-353521749.0,1491741911.0,599080.0,121.0,200.0,3.0,3160.0,10.0,-0.0005601512384600937,-0.001731070107780397,-2.564366340637207,0.0009790488984435797,0.0013721073046326637,0.0002876137150451541,0.029368503019213676,0.02932744100689888,213.0,36.0,0.0015525107737630606,0
-353521749.0,1491741911.0,599080.0,121.0,200.0,3.0,3160.0,10.0,-0.0005601512384600937,-0.001731070107780397,-2.564366340637207,0.0009790488984435797,0.0013721073046326637,0.0002876137150451541,0.029368503019213676,0.02932744100689888,213.0,36.0,0.0015525107737630606,0
-353521749.0,1491741911.0,599080.0,121.0,200.0,3.0,3160.0,10.0,-0.0005601512384600937,-0.001731070107780397,-2.564366340637207,0.0009790488984435797,0.0013721073046326637,0.0002876137150451541,0.029368503019213676,0.02932744100689888,213.0,36.0,0.0015525107737630606,0
-353521749.0,1491741911.0,599080.0,121.0,200.0,3.0,3101.0,10.0,-0.0004721631994470954,-0.0016570527805015445,-2.5640785694122314,-0.0015611611306667328,0.0008634411497041583,0.0012017397675663233,0.02661910466849804,0.026593128219246864,213.0,36.0,0.0011756706517189741,0
-353521749.0,1491741911.0,599080.0,121.0,200.0,3.0,3101.0,10.0,-0.0004721631994470954,-0.0016570527805015445,-2.5640785694122314,-0.0015611611306667328,0.0008634411497041583,0.0012017397675663233,0.02661910466849804,0.026593128219246864,213.0,36.0,0.0011756706517189741,0
-353521749.0,1491741911.0,599080.0,121.0,200.0,2.0,2990.0,10.0,-0.0005311545683071017,-0.0015549981035292149,-2.563971996307373,0.0005539738340303302,0.0006896338891237974,-0.00039532085065729916,0.023992951959371567,0.023965749889612198,213.0,36.0,0.0011421527015045285,0
-353521749.0,1491741911.0,599080.0,121.0,200.0,2.0,2990.0,10.0,-0.0005311545683071017,-0.0015549981035292149,-2.563971996307373,0.0005539738340303302,0.0006896338891237974,-0.00039532085065729916,0.023992951959371567,0.023965749889612198,213.0,36.0,0.0011421527015045285,0
-353521749.0,1491741912.0,599080.0,121.0,200.0,2.0,2878.0,10.0,-0.0005995332612656057,-0.0013616406358778477,-2.5638270378112793,-0.000277005136013031,0.0025066661182790995,0.0010059135966002941,0.021717006340622902,0.021704815328121185,213.0,36.0,0.0007276249816641212,0
-353521749.0,1491741912.0,599080.0,121.0,200.0,2.0,2878.0,10.0,-0.0005995332612656057,-0.0013616406358778477,-2.5638270378112793,-0.000277005136013031,0.0025066661182790995,0.0010059135966002941,0.021717006340622902,0.021704815328121185,213.0,36.0,0.0007276249816641212,0
-353521748.0,1491741912.0,599080.0,121.0,200.0,2.0,2687.0,10.0,-0.0006213703891262412,-0.0009716606000438333,-2.5635299682617188,0.0003894785768352449,0.0018828720785677433,0.00041377381421625614,0.020370911806821823,0.02036140114068985,213.0,36.0,0.0006223650998435915,0
-353521748.0,1491741912.0,599080.0,121.0,200.0,2.0,2687.0,10.0,-0.0006213703891262412,-0.0009716606000438333,-2.5635299682617188,0.0003894785768352449,0.0018828720785677433,0.00041377381421625614,0.020370911806821823,0.02036140114068985,213.0,36.0,0.0006223650998435915,0
-353521748.0,1491741912.0,599080.0,121.0,200.0,1.0,2623.0,10.0,-0.0007454957813024521,-0.0008146599866449833,-2.563514232635498,-0.0010170266032218933,0.0011851544259116054,0.00015791680198162794,0.019510209560394287,0.0195001307874918,213.0,36.0,0.0006270804442465305,0
-353521748.0,1491741912.0,599080.0,121.0,200.0,1.0,2623.0,10.0,-0.0007454957813024521,-0.0008146599866449833,-2.563514232635498,-0.0010170266032218933,0.0011851544259116054,0.00015791680198162794,0.019510209560394287,0.0195001307874918,213.0,36.0,0.0006270804442465305,0
-353521747.0,1491741913.0,599080.0,121.0,200.0,1.0,2614.0,10.0,-0.0007749132346361876,-0.0008571795769967139,-2.5632684230804443,0.00236969580873847,-0.0015668952837586403,0.0009591153357177973,0.018964214250445366,0.01896011084318161,213.0,36.0,0.0003943879855796695,0
-353521747.0,1491741913.0,599080.0,121.0,200.0,1.0,2614.0,10.0,-0.0007749132346361876,-0.0008571795769967139,-2.5632684230804443,0.00236969580873847,-0.0015668952837586403,0.0009591153357177973,0.018964214250445366,0.01896011084318161,213.0,36.0,0.0003943879855796695,0
-353521747.0,1491741913.0,599080.0,121.0,200.0,1.0,2651.0,10.0,-0.0005532971699722111,-0.0008526273304596543,-2.563202142715454,-0.00031748408218845725,0.0031265991274267435,0.00014724439824931324,0.01812751218676567,0.018125835806131363,213.0,36.0,0.00024652876891195774,0
-353521747.0,1491741913.0,599080.0,121.0,200.0,1.0,2651.0,10.0,-0.0005532971699722111,-0.0008526273304596543,-2.563202142715454,-0.00031748408218845725,0.0031265991274267435,0.00014724439824931324,0.01812751218676567,0.018125835806131363,213.0,36.0,0.00024652876891195774,0
-353521746.0,1491741913.0,599070.0,121.0,200.0,1.0,2542.0,10.0,-0.0005680790054611862,-0.0008108957554213703,-2.562983751296997,-0.0003086306678596884,0.0015796507941558957,0.0011771190911531448,0.017356902360916138,0.017351467162370682,213.0,36.0,0.00043439678847789764,0
-353521746.0,1491741913.0,599070.0,121.0,200.0,1.0,2542.0,10.0,-0.0005680790054611862,-0.0008108957554213703,-2.562983751296997,-0.0003086306678596884,0.0015796507941558957,0.0011771190911531448,0.017356902360916138,0.017351467162370682,213.0,36.0,0.00043439678847789764,0
-353521746.0,1491741913.0,599070.0,121.0,200.0,1.0,2542.0,10.0,-0.0005680790054611862,-0.0008108957554213703,-2.562983751296997,-0.0003086306678596884,0.0015796507941558957,0.0011771190911531448,0.017356902360916138,0.017351467162370682,213.0,36.0,0.00043439678847789764,0
-353521746.0,1491741913.0,599070.0,121.0,200.0,1.0,2455.0,10.0,-0.00047507043927907944,-0.0005983321461826563,-2.562775135040283,-0.0008447394357062876,0.0009078401490114629,-0.00011711039405781776,0.016500016674399376,0.0164923258125782,213.0,36.0,0.0005037251976318657,0
-353521746.0,1491741913.0,599070.0,121.0,200.0,1.0,2455.0,10.0,-0.00047507043927907944,-0.0005983321461826563,-2.562775135040283,-0.0008447394357062876,0.0009078401490114629,-0.00011711039405781776,0.016500016674399376,0.0164923258125782,213.0,36.0,0.0005037251976318657,0
-353521746.0,1491741913.0,599070.0,121.0,200.0,1.0,2365.0,10.0,-0.0006513536791317165,-0.0011061603436246514,-2.562751054763794,-0.0009828403126448393,-0.002922233659774065,0.0001553187903482467,0.015469493344426155,0.01543128676712513,213.0,36.0,0.0010865555377677083,0
-353521746.0,1491741913.0,599070.0,121.0,200.0,1.0,2365.0,10.0,-0.0006513536791317165,-0.0011061603436246514,-2.562751054763794,-0.0009828403126448393,-0.002922233659774065,0.0001553187903482467,0.015469493344426155,0.01543128676712513,213.0,36.0,0.0010865555377677083,0
-353521746.0,1491741913.0,599070.0,121.0,200.0,1.0,2301.0,10.0,-0.000785211508627981,-0.0011893986957147717,-2.5626132488250732,-0.000610838585998863,0.0001519426004961133,0.00043311718036420643,0.01458726916462183,0.01447076816111803,213.0,36.0,0.0018399066757410765,0
-353521746.0,1491741913.0,599070.0,121.0,200.0,1.0,2301.0,10.0,-0.000785211508627981,-0.0011893986957147717,-2.5626132488250732,-0.000610838585998863,0.0001519426004961133,0.00043311718036420643,0.01458726916462183,0.01447076816111803,213.0,36.0,0.0018399066757410765,0
-353521744.0,1491741913.0,599070.0,121.0,200.0,1.0,2404.0,10.0,-0.0008664580527693033,-0.0011013292241841555,-2.5623867511749268,0.00045789769501425326,0.0008720293990336359,0.0008140065474435687,0.014068991877138615,0.013933027163147926,213.0,36.0,0.001951230107806623,0
-353521744.0,1491741913.0,599070.0,121.0,200.0,1.0,2404.0,10.0,-0.0008664580527693033,-0.0011013292241841555,-2.5623867511749268,0.00045789769501425326,0.0008720293990336359,0.0008140065474435687,0.014068991877138615,0.013933027163147926,213.0,36.0,0.001951230107806623,0
-353521744.0,1491741913.0,599070.0,121.0,200.0,1.0,2404.0,10.0,-0.0008664580527693033,-0.0011013292241841555,-2.5623867511749268,0.00045789769501425326,0.0008720293990336359,0.0008140065474435687,0.014068991877138615,0.013933027163147926,213.0,36.0,0.001951230107806623,0
-353521744.0,1491741913.0,599070.0,121.0,200.0,1.0,2657.0,10.0,-0.0014924037968739867,-0.0011227179784327745,-2.5623221397399902,-0.0030204534996300936,-0.0011085160076618195,0.0004258874978404492,0.014125478453934193,0.013977106660604477,213.0,36.0,0.0020419717766344547,0
-353521744.0,1491741913.0,599070.0,121.0,200.0,1.0,2657.0,10.0,-0.0014924037968739867,-0.0011227179784327745,-2.5623221397399902,-0.0030204534996300936,-0.0011085160076618195,0.0004258874978404492,0.014125478453934193,0.013977106660604477,213.0,36.0,0.0020419717766344547,0
-353521744.0,1491741913.0,599070.0,121.0,200.0,1.0,3299.0,10.0,-0.0017593401717022061,-0.0015674836467951536,-2.562195062637329,0.0005194561090320349,-0.0011708256788551807,0.00037536921445280313,0.015599215403199196,0.015355468727648258,213.0,36.0,0.002746832324191928,0
-353521744.0,1491741913.0,599070.0,121.0,200.0,1.0,3299.0,10.0,-0.0017593401717022061,-0.0015674836467951536,-2.562195062637329,0.0005194561090320349,-0.0011708256788551807,0.00037536921445280313,0.015599215403199196,0.015355468727648258,213.0,36.0,0.002746832324191928,0
-353521744.0,1491741913.0,599080.0,121.0,200.0,1.0,4415.0,10.0,-0.0016011701663956046,-0.0016978592611849308,-2.561941623687744,0.00024597521405667067,-3.9303413359448314e-05,0.0012125959619879723,0.017114806920289993,0.016898218542337418,213.0,36.0,0.002714199014008045,0
-353521744.0,1491741913.0,599080.0,121.0,200.0,1.0,4415.0,10.0,-0.0016011701663956046,-0.0016978592611849308,-2.561941623687744,0.00024597521405667067,-3.9303413359448314e-05,0.0012125959619879723,0.017114806920289993,0.016898218542337418,213.0,36.0,0.002714199014008045,0
-353521744.0,1491741915.0,599080.0,121.0,200.0,0.0,7132.0,10.0,-0.0011663225013762712,-0.0015317673096433282,-2.561863422393799,0.0032912243623286486,0.000466791883809492,-0.00030681691714562476,0.018506772816181183,0.01836327835917473,213.0,36.0,0.002300126012414694,0
-353521744.0,1491741915.0,599080.0,121.0,200.0,0.0,7132.0,10.0,-0.0011663225013762712,-0.0015317673096433282,-2.561863422393799,0.0032912243623286486,0.000466791883809492,-0.00030681691714562476,0.018506772816181183,0.01836327835917473,213.0,36.0,0.002300126012414694,0
-353521744.0,1491741915.0,599080.0,121.0,200.0,0.0,8126.0,10.0,-0.0008614110993221402,-0.0011895650532096624,-2.561738967895508,0.0013470806879922748,7.745825860183686e-05,0.001066527678631246,0.01903788559138775,0.0189420934766531,213.0,36.0,0.0019074040465056896,0
-353521744.0,1491741915.0,599080.0,121.0,200.0,0.0,8126.0,10.0,-0.0008614110993221402,-0.0011895650532096624,-2.561738967895508,0.0013470806879922748,7.745825860183686e-05,0.001066527678631246,0.01903788559138775,0.0189420934766531,213.0,36.0,0.0019074040465056896,0
-353521744.0,1491741915.0,599080.0,121.0,200.0,0.0,8647.0,10.0,-0.00024114976986311376,-0.0011795476311817765,-2.5614826679229736,0.0005711368867196143,-0.0009033270180225372,0.0003702520043589175,0.018770240247249603,0.018716780468821526,213.0,36.0,0.0014156450051814318,0
-353521744.0,1491741915.0,599080.0,121.0,200.0,0.0,8647.0,10.0,-0.00024114976986311376,-0.0011795476311817765,-2.5614826679229736,0.0005711368867196143,-0.0009033270180225372,0.0003702520043589175,0.018770240247249603,0.018716780468821526,213.0,36.0,0.0014156450051814318,0
-353521744.0,1491741915.0,599080.0,121.0,200.0,0.0,8774.0,10.0,0.00021800164540763944,-0.0012226488906890154,-2.5615346431732178,0.0016107333358377218,0.0007843642379157245,5.195595440454781e-05,0.017239194363355637,0.017207084223628044,213.0,36.0,0.0010517031187191606,0
-353521744.0,1491741915.0,599080.0,121.0,200.0,0.0,8774.0,10.0,0.00021800164540763944,-0.0012226488906890154,-2.5615346431732178,0.0016107333358377218,0.0007843642379157245,5.195595440454781e-05,0.017239194363355637,0.017207084223628044,213.0,36.0,0.0010517031187191606,0
-353521744.0,1491741916.0,599080.0,121.0,200.0,0.0,7991.0,10.0,0.0004536611959338188,-0.0011668393854051828,-2.561347723007202,-0.000880077772308141,0.0005951544153504074,0.0011390685103833675,0.015183188952505589,0.01515104342252016,213.0,36.0,0.0009874645620584488,0
-353521744.0,1491741916.0,599080.0,121.0,200.0,0.0,7991.0,10.0,0.0004536611959338188,-0.0011668393854051828,-2.561347723007202,-0.000880077772308141,0.0005951544153504074,0.0011390685103833675,0.015183188952505589,0.01515104342252016,213.0,36.0,0.0009874645620584488,0
-353521744.0,1491741916.0,599080.0,121.0,200.0,0.0,7991.0,10.0,0.0004536611959338188,-0.0011668393854051828,-2.561347723007202,-0.000880077772308141,0.0005951544153504074,0.0011390685103833675,0.015183188952505589,0.01515104342252016,213.0,36.0,0.0009874645620584488,0
-353521744.0,1491741916.0,599080.0,121.0,200.0,0.0,6700.0,10.0,-7.026208913885057e-05,-0.001096502528525889,-2.5611460208892822,-0.001697797211818397,-1.1458090739324689e-05,5.471694748848677e-05,0.013605888932943344,0.013586313463747501,213.0,36.0,0.000729602703358978,0
-353521744.0,1491741916.0,599080.0,121.0,200.0,0.0,6700.0,10.0,-7.026208913885057e-05,-0.001096502528525889,-2.5611460208892822,-0.001697797211818397,-1.1458090739324689e-05,5.471694748848677e-05,0.013605888932943344,0.013586313463747501,213.0,36.0,0.000729602703358978,0
-353521744.0,1491741916.0,599080.0,121.0,200.0,0.0,5267.0,10.0,-0.0004418854950927198,-0.0010251323692500591,-2.561201810836792,-0.0018954621627926826,-0.0009648107225075364,0.00034732953645288944,0.01315433531999588,0.013141662813723087,213.0,36.0,0.0005772709846496582,0
-353521744.0,1491741916.0,599080.0,121.0,200.0,0.0,5267.0,10.0,-0.0004418854950927198,-0.0010251323692500591,-2.561201810836792,-0.0018954621627926826,-0.0009648107225075364,0.00034732953645288944,0.01315433531999588,0.013141662813723087,213.0,36.0,0.0005772709846496582,0
-353521743.0,1491741916.0,599080.0,121.0,200.0,0.0,4628.0,10.0,-0.0005996958934701979,-0.0010295627871528268,-2.560985565185547,0.0008507581660524011,-0.00022318545961752534,0.001150474650785327,0.013319932855665684,0.013303237035870552,213.0,36.0,0.0006667277775704861,0
-353521743.0,1491741916.0,599080.0,121.0,200.0,0.0,4628.0,10.0,-0.0005996958934701979,-0.0010295627871528268,-2.560985565185547,0.0008507581660524011,-0.00022318545961752534,0.001150474650785327,0.013319932855665684,0.013303237035870552,213.0,36.0,0.0006667277775704861,0
-353521743.0,1491741916.0,599080.0,121.0,200.0,0.0,5209.0,10.0,-0.00020073895575478673,-0.001152021810412407,-2.5607972145080566,0.0009354920475743711,-0.0007632893393747509,3.7644844269379973e-05,0.013082069344818592,0.013063855469226837,213.0,36.0,0.0006901261513121426,0
-353521743.0,1491741916.0,599080.0,121.0,200.0,0.0,5209.0,10.0,-0.00020073895575478673,-0.001152021810412407,-2.5607972145080566,0.0009354920475743711,-0.0007632893393747509,3.7644844269379973e-05,0.013082069344818592,0.013063855469226837,213.0,36.0,0.0006901261513121426,0
-353521743.0,1491741916.0,599080.0,121.0,200.0,0.0,4799.0,10.0,-0.00016611182945780456,-0.0014651272213086486,-2.560742139816284,-0.00030883177532814443,-0.0012232285225763917,0.0007209610776044428,0.01225997693836689,0.012252384796738625,213.0,36.0,0.00043140733032487333,0
-353521743.0,1491741916.0,599080.0,121.0,200.0,0.0,4799.0,10.0,-0.00016611182945780456,-0.0014651272213086486,-2.560742139816284,-0.00030883177532814443,-0.0012232285225763917,0.0007209610776044428,0.01225997693836689,0.012252384796738625,213.0,36.0,0.00043140733032487333,0
-353521743.0,1491741916.0,599080.0,121.0,200.0,0.0,3712.0,10.0,-0.0004501178627833724,-0.0017350808484479785,-2.5605576038360596,-0.0012939489679411054,-0.0013795739505439997,0.00021875224774703383,0.012484238483011723,0.012474726885557175,213.0,36.0,0.00048723971121944487,0
-353521743.0,1491741916.0,599080.0,121.0,200.0,0.0,3712.0,10.0,-0.0004501178627833724,-0.0017350808484479785,-2.5605576038360596,-0.0012939489679411054,-0.0013795739505439997,0.00021875224774703383,0.012484238483011723,0.012474726885557175,213.0,36.0,0.00048723971121944487,0
-353521743.0,1491741916.0,599080.0,121.0,200.0,0.0,22433.0,10.0,-0.0008186219492927194,-0.0016364315524697304,-2.5605597496032715,-0.0017454114276915789,0.0035232410300523043,0.000319066020892933,0.013813216239213943,0.013803784735500813,213.0,36.0,0.0005103531875647604,0
-353521743.0,1491741916.0,599080.0,121.0,200.0,0.0,22433.0,10.0,-0.0008186219492927194,-0.0016364315524697304,-2.5605597496032715,-0.0017454114276915789,0.0035232410300523043,0.000319066020892933,0.013813216239213943,0.013803784735500813,213.0,36.0,0.0005103531875647604,0
-353521743.0,1491741916.0,599080.0,121.0,200.0,0.0,19034.0,10.0,-0.0008549340418539941,-0.0012925697956234217,-2.560333013534546,0.0014154836535453796,-0.0002860734239220619,0.0009280387312173843,0.015159644186496735,0.015153735876083374,213.0,36.0,0.0004231899220030755,0
-353521743.0,1491741916.0,599080.0,121.0,200.0,0.0,19034.0,10.0,-0.0008549340418539941,-0.0012925697956234217,-2.560333013534546,0.0014154836535453796,-0.0002860734239220619,0.0009280387312173843,0.015159644186496735,0.015153735876083374,213.0,36.0,0.0004231899220030755,0
-353521743.0,1491741916.0,599080.0,121.0,200.0,0.0,19034.0,10.0,-0.0008549340418539941,-0.0012925697956234217,-2.560333013534546,0.0014154836535453796,-0.0002860734239220619,0.0009280387312173843,0.015159644186496735,0.015153735876083374,213.0,36.0,0.0004231899220030755,0
-353521743.0,1491741916.0,599080.0,121.0,200.0,0.0,18289.0,10.0,-0.0006717870710417628,-0.0011893602786585689,-2.5602920055389404,-0.0009434790699742734,0.002492762403562665,5.631451494991779e-05,0.015602967701852322,0.015597730875015259,213.0,36.0,0.00040425019687972963,0
-353521743.0,1491741916.0,599080.0,121.0,200.0,0.0,18289.0,10.0,-0.0006717870710417628,-0.0011893602786585689,-2.5602920055389404,-0.0009434790699742734,0.002492762403562665,5.631451494991779e-05,0.015602967701852322,0.015597730875015259,213.0,36.0,0.00040425019687972963,0
-353521743.0,1491741916.0,599080.0,121.0,200.0,0.0,17917.0,10.0,-0.0005847480497322977,-0.0009555635042488575,-2.560152292251587,0.003265626495704055,0.0010821125470101833,0.0002824289840646088,0.015934903174638748,0.015929359942674637,213.0,36.0,0.0004202561976853758,0
-353521743.0,1491741916.0,599080.0,121.0,200.0,0.0,17917.0,10.0,-0.0005847480497322977,-0.0009555635042488575,-2.560152292251587,0.003265626495704055,0.0010821125470101833,0.0002824289840646088,0.015934903174638748,0.015929359942674637,213.0,36.0,0.0004202561976853758,0
-353521743.0,1491741916.0,599080.0,121.0,200.0,0.0,17548.0,10.0,-0.0004869449185207486,-0.0008626935305073857,-2.560101270675659,-0.00025302718859165907,0.0006691516027785838,0.0006565060466527939,0.015480116941034794,0.015476803295314312,213.0,36.0,0.00032029818976297975,0
-353521743.0,1491741916.0,599080.0,121.0,200.0,0.0,17548.0,10.0,-0.0004869449185207486,-0.0008626935305073857,-2.560101270675659,-0.00025302718859165907,0.0006691516027785838,0.0006565060466527939,0.015480116941034794,0.015476803295314312,213.0,36.0,0.00032029818976297975,0
-353521743.0,1491741916.0,599080.0,121.0,200.0,0.0,16930.0,10.0,-0.00046724796993657947,-0.0008701236802153289,-2.5598626136779785,0.0009858276462182403,-0.0010040565393865108,0.000795440748333931,0.015039047226309776,0.015033283270895481,213.0,36.0,0.00041634749504737556,0
-353521743.0,1491741916.0,599080.0,121.0,200.0,0.0,16930.0,10.0,-0.00046724796993657947,-0.0008701236802153289,-2.5598626136779785,0.0009858276462182403,-0.0010040565393865108,0.000795440748333931,0.015039047226309776,0.015033283270895481,213.0,36.0,0.00041634749504737556,0
-353521743.0,1491741916.0,599080.0,121.0,200.0,0.0,16763.0,10.0,-0.0002443548873998225,-0.0010220465483143926,-2.559887647628784,0.0016495875315740705,-0.0005625269841402769,-0.0006226205150596797,0.014428500086069107,0.014423432759940624,213.0,36.0,0.0003823669394478202,0
-353521743.0,1491741916.0,599080.0,121.0,200.0,0.0,16763.0,10.0,-0.0002443548873998225,-0.0010220465483143926,-2.559887647628784,0.0016495875315740705,-0.0005625269841402769,-0.0006226205150596797,0.014428500086069107,0.014423432759940624,213.0,36.0,0.0003823669394478202,0
-353521743.0,1491741916.0,599080.0,121.0,200.0,0.0,16819.0,10.0,-0.0003323063428979367,-0.0009524214547127485,-2.559800386428833,-0.00042552154627628624,-0.001236487994901836,0.0008822482777759433,0.01390798669308424,0.013905573636293411,213.0,36.0,0.00025909821852110326,0
-353521743.0,1491741916.0,599080.0,121.0,200.0,0.0,16819.0,10.0,-0.0003323063428979367,-0.0009524214547127485,-2.559800386428833,-0.00042552154627628624,-0.001236487994901836,0.0008822482777759433,0.01390798669308424,0.013905573636293411,213.0,36.0,0.00025909821852110326,0
-353521743.0,1491741916.0,599080.0,121.0,200.0,0.0,16819.0,10.0,-0.0003323063428979367,-0.0009524214547127485,-2.559800386428833,-0.00042552154627628624,-0.001236487994901836,0.0008822482777759433,0.01390798669308424,0.013905573636293411,213.0,36.0,0.00025909821852110326,0
-353521743.0,1491741916.0,599080.0,121.0,200.0,0.0,16926.0,10.0,-0.00034984995727427304,-0.0007924544042907655,-2.559542655944824,-0.0015281112864613533,0.0010297817643731833,0.0003873154928442091,0.013529680669307709,0.013528022915124893,213.0,36.0,0.00021179461327847093,0
-353521743.0,1491741916.0,599080.0,121.0,200.0,0.0,16926.0,10.0,-0.00034984995727427304,-0.0007924544042907655,-2.559542655944824,-0.0015281112864613533,0.0010297817643731833,0.0003873154928442091,0.013529680669307709,0.013528022915124893,213.0,36.0,0.00021179461327847093,0
-353521743.0,1491741916.0,599080.0,121.0,200.0,0.0,16711.0,10.0,-0.0004420446348376572,-0.0007632599445059896,-2.5595643520355225,-0.001111309276893735,-0.0005330935819074512,0.0001148584415204823,0.0129571333527565,0.01295162457972765,213.0,36.0,0.0003777940582949668,0
-353521743.0,1491741916.0,599080.0,121.0,200.0,0.0,16711.0,10.0,-0.0004420446348376572,-0.0007632599445059896,-2.5595643520355225,-0.001111309276893735,-0.0005330935819074512,0.0001148584415204823,0.0129571333527565,0.01295162457972765,213.0,36.0,0.0003777940582949668,0
-353521744.0,1491741916.0,599080.0,121.0,200.0,0.0,16479.0,10.0,-0.0005962971481494606,-0.0010392506374046206,-2.5593581199645996,0.0005300868069753051,-0.0006987618980929255,0.0010910918936133385,0.012912452220916748,0.012905564159154892,213.0,36.0,0.00042169797234237194,0
-353521744.0,1491741916.0,599080.0,121.0,200.0,0.0,16479.0,10.0,-0.0005962971481494606,-0.0010392506374046206,-2.5593581199645996,0.0005300868069753051,-0.0006987618980929255,0.0010910918936133385,0.012912452220916748,0.012905564159154892,213.0,36.0,0.00042169797234237194,0
-353521744.0,1491741916.0,599080.0,121.0,200.0,0.0,16341.0,10.0,-0.0004368880472611636,-0.0009045841288752854,-2.5593419075012207,0.002122499980032444,0.0003511217364575714,-0.0006104375934228301,0.013362322933971882,0.01335899904370308,213.0,36.0,0.0002980182762257755,0
-353521744.0,1491741916.0,599080.0,121.0,200.0,0.0,16341.0,10.0,-0.0004368880472611636,-0.0009045841288752854,-2.5593419075012207,0.002122499980032444,0.0003511217364575714,-0.0006104375934228301,0.013362322933971882,0.01335899904370308,213.0,36.0,0.0002980182762257755,0
-353521744.0,1491741916.0,599080.0,121.0,200.0,0.0,16262.0,10.0,-0.0003869153733830899,-0.0006268879515118897,-2.5593464374542236,-0.0001778341393219307,0.0021156417205929756,0.0005161111475899816,0.013357565738260746,0.013357262127101421,213.0,36.0,8.974388765636832e-05,0
-353521744.0,1491741916.0,599080.0,121.0,200.0,0.0,16262.0,10.0,-0.0003869153733830899,-0.0006268879515118897,-2.5593464374542236,-0.0001778341393219307,0.0021156417205929756,0.0005161111475899816,0.013357565738260746,0.013357262127101421,213.0,36.0,8.974388765636832e-05,0
-353521744.0,1491741916.0,599070.0,121.0,200.0,0.0,15888.0,10.0,-0.00014390148862730712,-0.0004954488249495625,-2.5591444969177246,0.003968324512243271,0.0011953143402934074,0.0003861749719362706,0.012958048842847347,0.012954873964190483,213.0,36.0,0.00028679787646979094,0
-353521744.0,1491741916.0,599070.0,121.0,200.0,0.0,15888.0,10.0,-0.00014390148862730712,-0.0004954488249495625,-2.5591444969177246,0.003968324512243271,0.0011953143402934074,0.0003861749719362706,0.012958048842847347,0.012954873964190483,213.0,36.0,0.00028679787646979094,0
-353521744.0,1491741916.0,599070.0,121.0,200.0,0.0,15888.0,10.0,-0.00014390148862730712,-0.0004954488249495625,-2.5591444969177246,0.003968324512243271,0.0011953143402934074,0.0003861749719362706,0.012958048842847347,0.012954873964190483,213.0,36.0,0.00028679787646979094,0
-353521744.0,1491741916.0,599070.0,121.0,200.0,0.0,15580.0,10.0,0.00018668081611394882,-0.0002807698620017618,-2.5591208934783936,0.00074564985698089,0.0001501860242569819,-0.00017388106789439917,0.011372208595275879,0.011366144753992558,213.0,36.0,0.0003713257610797882,0
-353521744.0,1491741916.0,599070.0,121.0,200.0,0.0,15580.0,10.0,0.00018668081611394882,-0.0002807698620017618,-2.5591208934783936,0.00074564985698089,0.0001501860242569819,-0.00017388106789439917,0.011372208595275879,0.011366144753992558,213.0,36.0,0.0003713257610797882,0
-353521744.0,1491741916.0,599070.0,121.0,200.0,0.0,15285.0,10.0,0.000357202923623845,-0.0004030626150779426,-2.559018611907959,0.00042108376510441303,-0.0011564281303435564,0.0008170880610123277,0.009607448242604733,0.009587767533957958,213.0,36.0,0.0006146121304482222,0
-353521744.0,1491741916.0,599070.0,121.0,200.0,0.0,15285.0,10.0,0.000357202923623845,-0.0004030626150779426,-2.559018611907959,0.00042108376510441303,-0.0011564281303435564,0.0008170880610123277,0.009607448242604733,0.009587767533957958,213.0,36.0,0.0006146121304482222,0
-353521745.0,1491741917.0,599070.0,121.0,200.0,0.0,15122.0,10.0,9.57549418671988e-05,-0.0008018788648769259,-2.558866024017334,-0.0006116899312473834,3.391114296391606e-05,0.00015208852710202336,0.008870265446603298,0.008775406517088413,213.0,36.0,0.0012937798164784908,0
-353521745.0,1491741917.0,599070.0,121.0,200.0,0.0,15122.0,10.0,9.57549418671988e-05,-0.0008018788648769259,-2.558866024017334,-0.0006116899312473834,3.391114296391606e-05,0.00015208852710202336,0.008870265446603298,0.008775406517088413,213.0,36.0,0.0012937798164784908,0
-353521746.0,1491741917.0,599070.0,121.0,200.0,0.0,15542.0,10.0,0.00012122610496589914,-0.00031976847094483674,-2.5587079524993896,0.002085555111989379,0.001359886839054525,0.0002035125799011439,0.00869040284305811,0.008565209805965424,213.0,36.0,0.0014697881415486336,0
-353521746.0,1491741917.0,599070.0,121.0,200.0,0.0,15542.0,10.0,0.00012122610496589914,-0.00031976847094483674,-2.5587079524993896,0.002085555111989379,0.001359886839054525,0.0002035125799011439,0.00869040284305811,0.008565209805965424,213.0,36.0,0.0014697881415486336,0
-353521746.0,1491741917.0,599070.0,121.0,200.0,0.0,15336.0,10.0,0.0004588599258568138,-2.2269377950578928e-05,-2.5587284564971924,0.001707410323433578,0.0018990313401445746,-0.000256475992500782,0.007768866140395403,0.0074493661522865295,213.0,36.0,0.002205043099820614,0
-353521746.0,1491741917.0,599070.0,121.0,200.0,0.0,15336.0,10.0,0.0004588599258568138,-2.2269377950578928e-05,-2.5587284564971924,0.001707410323433578,0.0018990313401445746,-0.000256475992500782,0.007768866140395403,0.0074493661522865295,213.0,36.0,0.002205043099820614,0
-353521746.0,1491741917.0,599070.0,121.0,200.0,0.0,14593.0,10.0,0.0007952334126457572,0.00012467516353353858,-2.558683395385742,0.0009176685125567019,-0.000396199815440923,0.0005121572175994515,0.005790208000689745,0.005405327770859003,213.0,36.0,0.002075797412544489,0
-353521746.0,1491741917.0,599070.0,121.0,200.0,0.0,14593.0,10.0,0.0007952334126457572,0.00012467516353353858,-2.558683395385742,0.0009176685125567019,-0.000396199815440923,0.0005121572175994515,0.005790208000689745,0.005405327770859003,213.0,36.0,0.002075797412544489,0
-353521746.0,1491741917.0,599080.0,121.0,200.0,0.0,11545.0,10.0,0.0008557128021493554,0.00022002063633408397,-2.5586397647857666,-9.051576489582658e-05,-0.001195440418086946,-0.00037199724465608597,0.003575409995391965,0.0028884534258395433,213.0,36.0,0.002107224427163601,0
-353521746.0,1491741917.0,599080.0,121.0,200.0,0.0,11545.0,10.0,0.0008557128021493554,0.00022002063633408397,-2.5586397647857666,-9.051576489582658e-05,-0.001195440418086946,-0.00037199724465608597,0.003575409995391965,0.0028884534258395433,213.0,36.0,0.002107224427163601,0
-353521746.0,1491741917.0,599080.0,121.0,200.0,0.0,35792.0,10.0,0.0007794428966008127,6.990844121901318e-05,-2.558501958847046,0.0004323041648603976,-0.0008617155835963786,0.0005530339549295604,0.001880075316876173,0.0010368897346779704,213.0,36.0,0.0015682929661124945,0
-353521746.0,1491741917.0,599080.0,121.0,200.0,0.0,35792.0,10.0,0.0007794428966008127,6.990844121901318e-05,-2.558501958847046,0.0004323041648603976,-0.0008617155835963786,0.0005530339549295604,0.001880075316876173,0.0010368897346779704,213.0,36.0,0.0015682929661124945,0
-353521746.0,1491741917.0,599080.0,121.0,200.0,0.0,35792.0,10.0,0.0007794428966008127,6.990844121901318e-05,-2.558501958847046,0.0004323041648603976,-0.0008617155835963786,0.0005530339549295604,0.001880075316876173,0.0010368897346779704,213.0,36.0,0.0015682929661124945,0
-353521746.0,1491741917.0,599080.0,121.0,200.0,0.0,35204.0,10.0,0.0005420244415290654,-0.00016371789388358593,-2.558518648147583,-0.0025153595488518476,-0.0010543997632339597,-0.0006816986715421081,0.002010870724916458,0.001472477219067514,213.0,36.0,0.0013694565277546644,0
-353521746.0,1491741917.0,599080.0,121.0,200.0,0.0,35204.0,10.0,0.0005420244415290654,-0.00016371789388358593,-2.558518648147583,-0.0025153595488518476,-0.0010543997632339597,-0.0006816986715421081,0.002010870724916458,0.001472477219067514,213.0,36.0,0.0013694565277546644,0
-353521746.0,1491741917.0,599080.0,121.0,200.0,0.0,34919.0,10.0,2.7945910915150307e-05,-0.0003497984434943646,-2.5584328174591064,0.0007325762999244034,-0.00010645916336216033,0.0007982221432030201,0.0018877758411690593,0.0016558984061703086,213.0,36.0,0.0009064757614396513,0
-353521746.0,1491741917.0,599080.0,121.0,200.0,0.0,34919.0,10.0,2.7945910915150307e-05,-0.0003497984434943646,-2.5584328174591064,0.0007325762999244034,-0.00010645916336216033,0.0007982221432030201,0.0018877758411690593,0.0016558984061703086,213.0,36.0,0.0009064757614396513,0
-353521746.0,1491741917.0,599080.0,121.0,200.0,0.0,34878.0,10.0,0.000132141649373807,-0.00023016337945591658,-2.558197498321533,5.3722644224762917e-05,0.0014797834446653724,0.00021603782079182565,0.0017645261250436306,0.0015962186735123396,213.0,36.0,0.0007520895451307297,0
-353521746.0,1491741917.0,599080.0,121.0,200.0,0.0,34878.0,10.0,0.000132141649373807,-0.00023016337945591658,-2.558197498321533,5.3722644224762917e-05,0.0014797834446653724,0.00021603782079182565,0.0017645261250436306,0.0015962186735123396,213.0,36.0,0.0007520895451307297,0
-353521746.0,1491741917.0,599080.0,121.0,200.0,0.0,35060.0,10.0,0.00026276911376044154,-0.00043802798609249294,-2.558238983154297,0.0005836330819875002,-0.0015393339563161135,-0.00031988276168704033,0.002045752014964819,0.0018473038217052817,213.0,36.0,0.0008789598941802979,0
-353521746.0,1491741917.0,599080.0,121.0,200.0,0.0,35060.0,10.0,0.00026276911376044154,-0.00043802798609249294,-2.558238983154297,0.0005836330819875002,-0.0015393339563161135,-0.00031988276168704033,0.002045752014964819,0.0018473038217052817,213.0,36.0,0.0008789598941802979,0
-353521746.0,1491741917.0,599080.0,121.0,200.0,0.0,35060.0,10.0,0.00026276911376044154,-0.00043802798609249294,-2.558238983154297,0.0005836330819875002,-0.0015393339563161135,-0.00031988276168704033,0.002045752014964819,0.0018473038217052817,213.0,36.0,0.0008789598941802979,0
-353521746.0,1491741917.0,599080.0,121.0,200.0,0.0,34842.0,10.0,0.0002100677666021511,-0.0007383656338788569,-2.558082103729248,0.00032564246794208884,0.0005885832360945642,0.00045821780804544687,0.0021246327087283134,0.0020411580335348845,213.0,36.0,0.0005896927323192358,0
-353521746.0,1491741917.0,599080.0,121.0,200.0,0.0,34842.0,10.0,0.0002100677666021511,-0.0007383656338788569,-2.558082103729248,0.00032564246794208884,0.0005885832360945642,0.00045821780804544687,0.0021246327087283134,0.0020411580335348845,213.0,36.0,0.0005896927323192358,0
-353521746.0,1491741917.0,599080.0,121.0,200.0,0.0,34296.0,10.0,0.00011359987547621131,-0.0006706001004204154,-2.558109998703003,0.00019900179177056998,-0.0005159008433111012,-0.0003158539184369147,0.001999517669901252,0.0019774099346250296,213.0,36.0,0.00029651346267201006,0
-353521746.0,1491741917.0,599080.0,121.0,200.0,0.0,34296.0,10.0,0.00011359987547621131,-0.0006706001004204154,-2.558109998703003,0.00019900179177056998,-0.0005159008433111012,-0.0003158539184369147,0.001999517669901252,0.0019774099346250296,213.0,36.0,0.00029651346267201006,0
-353521746.0,1491741917.0,599080.0,121.0,200.0,0.0,33728.0,10.0,0.00017169068451039493,-0.0006510274833999574,-2.557988405227661,-0.00146085349842906,0.001565319369547069,0.000620829057879746,0.0023385616950690746,0.0022673204075545073,213.0,36.0,0.0005728255491703749,0
-353521746.0,1491741917.0,599080.0,121.0,200.0,0.0,33728.0,10.0,0.00017169068451039493,-0.0006510274833999574,-2.557988405227661,-0.00146085349842906,0.001565319369547069,0.000620829057879746,0.0023385616950690746,0.0022673204075545073,213.0,36.0,0.0005728255491703749,0
-353521746.0,1491741917.0,599080.0,121.0,200.0,0.0,32588.0,10.0,-0.00017188135825563222,-0.0004767787177115679,-2.557987689971924,-0.002403818303719163,0.0013302743900567293,-0.0002538163389544934,0.00206513493321836,0.0020547357853502035,213.0,36.0,0.00020698732987511903,0
-353521746.0,1491741917.0,599080.0,121.0,200.0,0.0,32588.0,10.0,-0.00017188135825563222,-0.0004767787177115679,-2.557987689971924,-0.002403818303719163,0.0013302743900567293,-0.0002538163389544934,0.00206513493321836,0.0020547357853502035,213.0,36.0,0.00020698732987511903,0
-353521746.0,1491741917.0,599080.0,121.0,200.0,0.0,32490.0,10.0,-0.00024836190277710557,-0.0002544596791267395,-2.5578713417053223,0.0017300035106018186,0.0027267260011285543,0.00038801791379228234,0.0016777536366134882,0.001622217008844018,213.0,36.0,0.0004280995635781437,0
-353521746.0,1491741917.0,599080.0,121.0,200.0,0.0,32490.0,10.0,-0.00024836190277710557,-0.0002544596791267395,-2.5578713417053223,0.0017300035106018186,0.0027267260011285543,0.00038801791379228234,0.0016777536366134882,0.001622217008844018,213.0,36.0,0.0004280995635781437,0
-353521746.0,1491741917.0,599080.0,121.0,200.0,0.0,32858.0,10.0,0.0001452569995308295,-0.0002884729183278978,-2.557668685913086,-0.0002650333917699754,4.000925400760025e-06,0.0004817587905563414,0.0012435992248356342,0.0012083061737939715,213.0,36.0,0.0002941687707789242,0
-353521746.0,1491741917.0,599080.0,121.0,200.0,0.0,32858.0,10.0,0.0001452569995308295,-0.0002884729183278978,-2.557668685913086,-0.0002650333917699754,4.000925400760025e-06,0.0004817587905563414,0.0012435992248356342,0.0012083061737939715,213.0,36.0,0.0002941687707789242,0
-353521746.0,1491741917.0,599080.0,121.0,200.0,0.0,33355.0,10.0,0.0003835932584479451,-0.0003076645953115076,-2.5577032566070557,0.0003010917571373284,-0.0005424973205663264,-0.0006076767458580434,0.0011322131613269448,0.0009636766626499593,213.0,36.0,0.0005943349679000676,0
-353521746.0,1491741917.0,599080.0,121.0,200.0,0.0,33355.0,10.0,0.0003835932584479451,-0.0003076645953115076,-2.5577032566070557,0.0003010917571373284,-0.0005424973205663264,-0.0006076767458580434,0.0011322131613269448,0.0009636766626499593,213.0,36.0,0.0005943349679000676,0
-353521745.0,1491741917.0,599080.0,121.0,200.0,0.0,32808.0,10.0,0.0001459266059100628,-0.0003692932950798422,-2.5576555728912354,-0.0011676248395815492,-0.0016473850701004267,0.0005894354544579983,0.0010087251430377364,0.000957343727350235,213.0,36.0,0.0003178357146680355,0
-353521745.0,1491741917.0,599080.0,121.0,200.0,0.0,32808.0,10.0,0.0001459266059100628,-0.0003692932950798422,-2.5576555728912354,-0.0011676248395815492,-0.0016473850701004267,0.0005894354544579983,0.0010087251430377364,0.000957343727350235,213.0,36.0,0.0003178357146680355,0
-353521745.0,1491741917.0,599080.0,121.0,200.0,0.0,32808.0,10.0,0.0001459266059100628,-0.0003692932950798422,-2.5576555728912354,-0.0011676248395815492,-0.0016473850701004267,0.0005894354544579983,0.0010087251430377364,0.000957343727350235,213.0,36.0,0.0003178357146680355,0
-353521744.0,1491741917.0,599080.0,121.0,200.0,0.0,32279.0,10.0,0.0003183517255820334,-0.0004970251466147602,-2.5575921535491943,0.0027523385360836983,-0.0004719740536529571,-0.0005370675353333354,0.0009558761375956237,0.0009096523863263428,213.0,36.0,0.0002936524397227913,0
-353521744.0,1491741917.0,599080.0,121.0,200.0,0.0,32279.0,10.0,0.0003183517255820334,-0.0004970251466147602,-2.5575921535491943,0.0027523385360836983,-0.0004719740536529571,-0.0005370675353333354,0.0009558761375956237,0.0009096523863263428,213.0,36.0,0.0002936524397227913,0
-353521744.0,1491741917.0,599080.0,121.0,200.0,0.0,31247.0,10.0,0.0003776761586777866,-0.0006478066788986325,-2.5576322078704834,0.00032026797998696566,-0.0018058455316349864,0.0004231580242048949,0.0015066774794831872,0.0014982171123847365,213.0,36.0,0.00015944335609674454,0
-353521744.0,1491741917.0,599080.0,121.0,200.0,0.0,31247.0,10.0,0.0003776761586777866,-0.0006478066788986325,-2.5576322078704834,0.00032026797998696566,-0.0018058455316349864,0.0004231580242048949,0.0015066774794831872,0.0014982171123847365,213.0,36.0,0.00015944335609674454,0
-353521744.0,1491741917.0,599080.0,121.0,200.0,0.0,29567.0,10.0,-0.0001670833007665351,-0.0011329500703141093,-2.5574889183044434,-0.0011186316842213273,-0.001959436573088169,-0.0001758242433425039,0.0019109450513496995,0.0018823558930307627,213.0,36.0,0.00032931327586993575,0
-353521744.0,1491741917.0,599080.0,121.0,200.0,0.0,29567.0,10.0,-0.0001670833007665351,-0.0011329500703141093,-2.5574889183044434,-0.0011186316842213273,-0.001959436573088169,-0.0001758242433425039,0.0019109450513496995,0.0018823558930307627,213.0,36.0,0.00032931327586993575,0
-353521744.0,1491741917.0,599080.0,121.0,200.0,0.0,23346.0,10.0,-0.0004839872708544135,-0.0012676725164055824,-2.5575203895568848,-0.000663327460642904,-0.0006234400207176805,0.0002851714671123773,0.002433801768347621,0.0024322408717125654,213.0,36.0,8.71521478984505e-05,0
-353521744.0,1491741917.0,599080.0,121.0,200.0,0.0,23346.0,10.0,-0.0004839872708544135,-0.0012676725164055824,-2.5575203895568848,-0.000663327460642904,-0.0006234400207176805,0.0002851714671123773,0.002433801768347621,0.0024322408717125654,213.0,36.0,8.71521478984505e-05,0
-353521744.0,1491741917.0,599080.0,121.0,200.0,0.0,23346.0,10.0,-0.0004839872708544135,-0.0012676725164055824,-2.5575203895568848,-0.000663327460642904,-0.0006234400207176805,0.0002851714671123773,0.002433801768347621,0.0024322408717125654,213.0,36.0,8.71521478984505e-05,0
-353521744.0,1491741917.0,599080.0,121.0,200.0,0.0,21089.0,10.0,-0.0006101509789004922,-0.0011431481689214706,-2.557298421859741,-0.0011514584766700864,0.001076042652130127,0.0005806797416880727,0.0037501854822039604,0.003721607383340597,213.0,36.0,0.0004620898689609021,0
-353521744.0,1491741917.0,599080.0,121.0,200.0,0.0,21089.0,10.0,-0.0006101509789004922,-0.0011431481689214706,-2.557298421859741,-0.0011514584766700864,0.001076042652130127,0.0005806797416880727,0.0037501854822039604,0.003721607383340597,213.0,36.0,0.0004620898689609021,0
-353521744.0,1491741917.0,599080.0,121.0,200.0,0.0,19889.0,10.0,-0.0005262460908852518,-0.0009582714410498738,-2.557347536087036,0.0017382710939273238,0.001849016291089356,-0.0006106187356635928,0.004962556529790163,0.004958095494657755,213.0,36.0,0.00021038178238086402,0
-353521744.0,1491741917.0,599080.0,121.0,200.0,0.0,19889.0,10.0,-0.0005262460908852518,-0.0009582714410498738,-2.557347536087036,0.0017382710939273238,0.001849016291089356,-0.0006106187356635928,0.004962556529790163,0.004958095494657755,213.0,36.0,0.00021038178238086402,0
-353521744.0,1491741917.0,599080.0,121.0,200.0,0.0,19182.0,10.0,-0.00023890640295576304,-0.0009249171707779169,-2.5572314262390137,0.000916534976568073,0.00015734077896922827,0.0008086750749498606,0.006080391816794872,0.006076513323932886,213.0,36.0,0.00021715322509407997,0
-353521744.0,1491741917.0,599080.0,121.0,200.0,0.0,19182.0,10.0,-0.00023890640295576304,-0.0009249171707779169,-2.5572314262390137,0.000916534976568073,0.00015734077896922827,0.0008086750749498606,0.006080391816794872,0.006076513323932886,213.0,36.0,0.00021715322509407997,0
-353521744.0,1491741917.0,599080.0,121.0,200.0,1.0,18709.0,10.0,-0.00010544290853431448,-0.0006590230041183531,-2.5571000576019287,-0.0009278614306822419,0.0012344394344836473,-0.0004119272925890982,0.006590619217604399,0.006590231321752071,213.0,36.0,7.151341560529545e-05,0
-353521744.0,1491741917.0,599080.0,121.0,200.0,1.0,18709.0,10.0,-0.00010544290853431448,-0.0006590230041183531,-2.5571000576019287,-0.0009278614306822419,0.0012344394344836473,-0.0004119272925890982,0.006590619217604399,0.006590231321752071,213.0,36.0,7.151341560529545e-05,0
-353521744.0,1491741917.0,599080.0,121.0,200.0,1.0,18709.0,10.0,-0.00010544290853431448,-0.0006590230041183531,-2.5571000576019287,-0.0009278614306822419,0.0012344394344836473,-0.0004119272925890982,0.006590619217604399,0.006590231321752071,213.0,36.0,7.151341560529545e-05,0
-353521744.0,1491741917.0,599080.0,121.0,200.0,1.0,18638.0,10.0,0.0001801014004740864,-0.0006135425646789372,-2.5571608543395996,0.0017727696103975177,-0.0014488924061879516,9.850726928561926e-05,0.006535340566188097,0.0065352171659469604,213.0,36.0,4.0235907363239676e-05,1
-353521744.0,1491741917.0,599080.0,121.0,200.0,1.0,18638.0,10.0,0.0001801014004740864,-0.0006135425646789372,-2.5571608543395996,0.0017727696103975177,-0.0014488924061879516,9.850726928561926e-05,0.006535340566188097,0.0065352171659469604,213.0,36.0,4.0235907363239676e-05,1
-353521745.0,1491741917.0,599030.0,121.0,200.0,1.0,18613.0,10.0,4.7704601456644014e-05,-0.00037017877912148833,-2.5570755004882812,-0.0011308839311823249,0.00037438515573740005,0.00018893310334533453,2.4152262210845947,0.006257927045226097,213.0,0.0,-2.4152181148529053,1
-353521745.0,1491741917.0,599030.0,121.0,200.0,1.0,18613.0,10.0,4.7704601456644014e-05,-0.00037017877912148833,-2.5570755004882812,-0.0011308839311823249,0.00037438515573740005,0.00018893310334533453,2.4152262210845947,0.006257927045226097,213.0,0.0,-2.4152181148529053,1
-353521746.0,1491741917.0,598760.0,121.0,200.0,1.0,18622.0,10.0,-0.00023150249035097659,-0.00027247268008068204,-2.5569891929626465,-0.0010587646393105388,0.00047571599134244025,0.0001638898393139243,4.753544807434082,0.006439510732889175,213.0,0.0,-4.753540515899658,1
-353521746.0,1491741917.0,598760.0,121.0,200.0,1.0,18622.0,10.0,-0.00023150249035097659,-0.00027247268008068204,-2.5569891929626465,-0.0010587646393105388,0.00047571599134244025,0.0001638898393139243,4.753544807434082,0.006439510732889175,213.0,0.0,-4.753540515899658,1
-353521746.0,1491741917.0,597130.0,121.0,200.0,1.0,18576.0,10.0,-0.000503877701703459,-0.0001751764357322827,-2.5569000244140625,-0.00105959246866405,0.0004730160580947995,0.00021826551528647542,6.9124274253845215,0.006836282555013895,213.0,0.0,-6.912424087524414,1
-353521746.0,1491741917.0,597130.0,121.0,200.0,1.0,18576.0,10.0,-0.000503877701703459,-0.0001751764357322827,-2.5569000244140625,-0.00105959246866405,0.0004730160580947995,0.00021826551528647542,6.9124274253845215,0.006836282555013895,213.0,0.0,-6.912424087524414,1
-353521746.0,1491741917.0,597130.0,121.0,200.0,1.0,18576.0,10.0,-0.000503877701703459,-0.0001751764357322827,-2.5569000244140625,-0.00105959246866405,0.0004730160580947995,0.00021826551528647542,6.9124274253845215,0.006836282555013895,213.0,0.0,-6.912424087524414,1
-353521746.0,1491741917.0,595780.0,121.0,200.0,1.0,18484.0,10.0,-0.0007667294703423977,-7.096920307958499e-05,-2.556814193725586,-0.001056653680279851,0.0006351340562105179,0.00021890847710892558,8.835103988647461,0.007502902299165726,213.0,0.0,-8.835101127624512,1
-353521746.0,1491741917.0,595780.0,121.0,200.0,1.0,18484.0,10.0,-0.0007667294703423977,-7.096920307958499e-05,-2.556814193725586,-0.001056653680279851,0.0006351340562105179,0.00021890847710892558,8.835103988647461,0.007502902299165726,213.0,0.0,-8.835101127624512,1
-353521747.0,1491741917.0,594110.0,121.0,200.0,1.0,18310.0,10.0,-0.0010252040810883045,3.270037268521264e-05,-2.5567305088043213,-0.0010290120262652636,0.0004815116408281028,0.0001320097071584314,10.494263648986816,0.008429795503616333,213.0,0.0,-10.49425983428955,1
-353521747.0,1491741917.0,594110.0,121.0,200.0,1.0,18310.0,10.0,-0.0010252040810883045,3.270037268521264e-05,-2.5567305088043213,-0.0010290120262652636,0.0004815116408281028,0.0001320097071584314,10.494263648986816,0.008429795503616333,213.0,0.0,-10.49425983428955,1
-353521747.0,1491741917.0,592170.0,121.0,200.0,1.0,18031.0,10.0,-0.0012840430717915297,0.00012879929272457957,-2.556641101837158,-0.0010457406751811504,0.0004055927274748683,0.0002747695834841579,11.887940406799316,0.009843491949141026,213.0,0.0,-11.887935638427734,1
-353521747.0,1491741917.0,592170.0,121.0,200.0,1.0,18031.0,10.0,-0.0012840430717915297,0.00012879929272457957,-2.556641101837158,-0.0010457406751811504,0.0004055927274748683,0.0002747695834841579,11.887940406799316,0.009843491949141026,213.0,0.0,-11.887935638427734,1
-353521747.0,1491741917.0,587570.0,121.0,200.0,1.0,17146.0,10.0,-0.0015334622003138065,0.00022842033649794757,-2.556551218032837,-0.0010290035279467702,0.0004762269672937691,0.00018052260566037148,13.030915260314941,0.011660341173410416,213.0,0.0,-13.030908584594727,1
-353521747.0,1491741917.0,587570.0,121.0,200.0,1.0,17146.0,10.0,-0.0015334622003138065,0.00022842033649794757,-2.556551218032837,-0.0010290035279467702,0.0004762269672937691,0.00018052260566037148,13.030915260314941,0.011660341173410416,213.0,0.0,-13.030908584594727,1
-353521747.0,1491741917.0,587570.0,121.0,200.0,1.0,17146.0,10.0,-0.0015334622003138065,0.00022842033649794757,-2.556551218032837,-0.0010290035279467702,0.0004762269672937691,0.00018052260566037148,13.030915260314941,0.011660341173410416,213.0,0.0,-13.030908584594727,1
-353521748.0,1491741917.0,584980.0,121.0,200.0,1.0,16582.0,10.0,-0.0017760719638317823,0.0003264085971750319,-2.556466579437256,-0.0009746080031618476,0.0004182447446510196,0.00015810391050763428,13.953972816467285,0.014174648560583591,213.0,0.0,-13.953965187072754,1
-353521748.0,1491741917.0,584980.0,121.0,200.0,1.0,16582.0,10.0,-0.0017760719638317823,0.0003264085971750319,-2.556466579437256,-0.0009746080031618476,0.0004182447446510196,0.00015810391050763428,13.953972816467285,0.014174648560583591,213.0,0.0,-13.953965187072754,1
-353521748.0,1491741917.0,582240.0,121.0,200.0,2.0,15992.0,10.0,-0.0020260580349713564,0.00042586750350892544,-2.5563759803771973,-0.001014704117551446,0.0005285044899210334,0.00017141787975560874,14.68339729309082,0.017641164362430573,213.0,0.0,-14.683385848999023,1
-353521748.0,1491741917.0,582240.0,121.0,200.0,2.0,15992.0,10.0,-0.0020260580349713564,0.00042586750350892544,-2.5563759803771973,-0.001014704117551446,0.0005285044899210334,0.00017141787975560874,14.68339729309082,0.017641164362430573,213.0,0.0,-14.683385848999023,1
-353521748.0,1491741917.0,579370.0,121.0,200.0,2.0,15414.0,10.0,-0.002261285437270999,0.0005278763710521162,-2.5562820434570312,-0.0008858903893269598,0.0005126120522618294,0.00016423007764387876,15.254964828491211,0.021740438416600227,213.0,0.0,-15.254949569702148,1
-353521748.0,1491741917.0,579370.0,121.0,200.0,2.0,15414.0,10.0,-0.002261285437270999,0.0005278763710521162,-2.5562820434570312,-0.0008858903893269598,0.0005126120522618294,0.00016423007764387876,15.254964828491211,0.021740438416600227,213.0,0.0,-15.254949569702148,1
-353521749.0,1491741917.0,573350.0,121.0,200.0,2.0,14403.0,10.0,-0.0024964099284261465,0.0006199689232744277,-2.5561912059783936,-0.0009426138130947948,0.0004263590381015092,0.00017408194253221154,15.698659896850586,0.026600778102874756,213.0,0.0,-15.698637008666992,1
-353521749.0,1491741917.0,573350.0,121.0,200.0,2.0,14403.0,10.0,-0.0024964099284261465,0.0006199689232744277,-2.5561912059783936,-0.0009426138130947948,0.0004263590381015092,0.00017408194253221154,15.698659896850586,0.026600778102874756,213.0,0.0,-15.698637008666992,1
-353521749.0,1491741917.0,573350.0,121.0,200.0,2.0,14403.0,10.0,-0.0024964099284261465,0.0006199689232744277,-2.5561912059783936,-0.0009426138130947948,0.0004263590381015092,0.00017408194253221154,15.698659896850586,0.026600778102874756,213.0,0.0,-15.698637008666992,1
-353521749.0,1491741917.0,571040.0,121.0,200.0,1.0,14213.0,10.0,0.0002545480092521757,0.00019639095989987254,-2.556145429611206,0.003724439302459359,-0.00041329694795422256,9.767482697498053e-05,4.887126445770264,0.03021973930299282,213.0,0.0,4.887032985687256,1
-353521749.0,1491741917.0,571040.0,121.0,200.0,1.0,14213.0,10.0,0.0002545480092521757,0.00019639095989987254,-2.556145429611206,0.003724439302459359,-0.00041329694795422256,9.767482697498053e-05,4.887126445770264,0.03021973930299282,213.0,0.0,4.887032985687256,1
-353521749.0,1491741917.0,570700.0,121.0,200.0,0.0,32109.0,10.0,0.0004343274631537497,0.00015527798677794635,-2.556126356124878,0.00039043265860527754,0.00013192312326282263,1.986997085623443e-05,0.06346725672483444,0.016423523426055908,213.0,0.0,0.06130547076463699,1
-353521749.0,1491741917.0,570700.0,121.0,200.0,0.0,32109.0,10.0,0.0004343274631537497,0.00015527798677794635,-2.556126356124878,0.00039043265860527754,0.00013192312326282263,1.986997085623443e-05,0.06346725672483444,0.016423523426055908,213.0,0.0,0.06130547076463699,1
-353521749.0,1491741917.0,571190.0,121.0,200.0,0.0,32109.0,10.0,0.00039550053770653903,0.00012894310930278152,-2.5560786724090576,6.656096957158297e-05,0.000169578634086065,-2.8935697628185153e-05,0.5650390386581421,0.012768472544848919,213.0,0.0,-0.5648947358131409,1
-353521749.0,1491741917.0,571190.0,121.0,200.0,0.0,32109.0,10.0,0.00039550053770653903,0.00012894310930278152,-2.5560786724090576,6.656096957158297e-05,0.000169578634086065,-2.8935697628185153e-05,0.5650390386581421,0.012768472544848919,213.0,0.0,-0.5648947358131409,1
-353521749.0,1491741917.0,571130.0,121.0,200.0,0.0,14109.0,10.0,0.0004075347969774157,0.00010614872007863596,-2.556022882461548,6.856743129901588e-05,0.00013449147809296846,-1.6792051610536873e-05,0.029558463022112846,0.012663253583014011,213.0,0.0,0.026708513498306274,1
-353521749.0,1491741917.0,571130.0,121.0,200.0,0.0,14109.0,10.0,0.0004075347969774157,0.00010614872007863596,-2.556022882461548,6.856743129901588e-05,0.00013449147809296846,-1.6792051610536873e-05,0.029558463022112846,0.012663253583014011,213.0,0.0,0.026708513498306274,1
-353521749.0,1491741917.0,571140.0,121.0,200.0,0.0,32109.0,10.0,0.0003866738989017904,0.00010035956074716523,-2.555964708328247,3.559071046765894e-05,0.00014889106387272477,3.475937410257757e-05,0.10474613308906555,0.011050999164581299,213.0,0.0,-0.10416154563426971,1
-353521749.0,1491741917.0,571140.0,121.0,200.0,0.0,32109.0,10.0,0.0003866738989017904,0.00010035956074716523,-2.555964708328247,3.559071046765894e-05,0.00014889106387272477,3.475937410257757e-05,0.10474613308906555,0.011050999164581299,213.0,0.0,-0.10416154563426971,1
-353521749.0,1491741917.0,571150.0,121.0,200.0,0.0,32107.0,10.0,0.0003797349345404655,0.00010449797991896048,-2.55591082572937,0.00014322064816951752,0.00014276251022238284,7.566438580397516e-05,0.09949713200330734,0.010172474198043346,213.0,0.0,-0.0989757552742958,1
-353521749.0,1491741917.0,571150.0,121.0,200.0,0.0,32107.0,10.0,0.0003797349345404655,0.00010449797991896048,-2.55591082572937,0.00014322064816951752,0.00014276251022238284,7.566438580397516e-05,0.09949713200330734,0.010172474198043346,213.0,0.0,-0.0989757552742958,1
-353521749.0,1491741917.0,571140.0,121.0,200.0,0.0,14109.0,10.0,0.00038771520485170186,0.00010547741840127856,-2.5558624267578125,0.00013082780060358346,0.00015202609938569367,5.617839633487165e-06,0.07861891388893127,0.009696956723928452,213.0,0.0,-0.07801861315965652,1
-353521749.0,1491741917.0,571140.0,121.0,200.0,0.0,14109.0,10.0,0.00038771520485170186,0.00010547741840127856,-2.5558624267578125,0.00013082780060358346,0.00015202609938569367,5.617839633487165e-06,0.07861891388893127,0.009696956723928452,213.0,0.0,-0.07801861315965652,1
-353521749.0,1491741917.0,571140.0,121.0,200.0,0.0,32109.0,10.0,0.0003931077371817082,0.00011938602983718738,-2.5558102130889893,9.95137233985588e-05,0.00018674921011552215,3.536416625138372e-05,0.07402809709310532,0.009404998272657394,213.0,0.0,-0.07342823594808578,1
-353521749.0,1491741917.0,571140.0,121.0,200.0,0.0,32109.0,10.0,0.0003931077371817082,0.00011938602983718738,-2.5558102130889893,9.95137233985588e-05,0.00018674921011552215,3.536416625138372e-05,0.07402809709310532,0.009404998272657394,213.0,0.0,-0.07342823594808578,1
-353521749.0,1491741917.0,571140.0,121.0,200.0,0.0,32109.0,10.0,0.0003931077371817082,0.00011938602983718738,-2.5558102130889893,9.95137233985588e-05,0.00018674921011552215,3.536416625138372e-05,0.07402809709310532,0.009404998272657394,213.0,0.0,-0.07342823594808578,1
-353521749.0,1491741917.0,571140.0,121.0,200.0,0.0,14109.0,10.0,0.00040595553582534194,0.00012669411080423743,-2.5557644367218018,9.636538743507117e-05,0.00016064100782386959,4.570794408209622e-05,0.06660446524620056,0.009047401137650013,213.0,0.0,-0.06598711758852005,1
-353521749.0,1491741917.0,571140.0,121.0,200.0,0.0,14109.0,10.0,0.00040595553582534194,0.00012669411080423743,-2.5557644367218018,9.636538743507117e-05,0.00016064100782386959,4.570794408209622e-05,0.06660446524620056,0.009047401137650013,213.0,0.0,-0.06598711758852005,1
-353521749.0,1491741917.0,571140.0,121.0,200.0,0.0,14109.0,10.0,0.00041706502088345587,0.00014004403783474118,-2.5557167530059814,0.00012707551650237292,0.0002260911132907495,8.815270848572254e-05,0.06130344420671463,0.008983205072581768,213.0,0.0,-0.060641687363386154,1
-353521749.0,1491741917.0,571140.0,121.0,200.0,0.0,14109.0,10.0,0.00041706502088345587,0.00014004403783474118,-2.5557167530059814,0.00012707551650237292,0.0002260911132907495,8.815270848572254e-05,0.06130344420671463,0.008983205072581768,213.0,0.0,-0.060641687363386154,1
-353521749.0,1491741917.0,571140.0,121.0,200.0,0.0,32109.0,10.0,0.00042744289385154843,0.00015569156676065177,-2.555663585662842,0.0001021471107378602,0.0001934374449774623,7.941367221064866e-05,0.0572272352874279,0.009019289165735245,213.0,0.0,-0.056512024253606796,1
-353521749.0,1491741917.0,571140.0,121.0,200.0,0.0,32109.0,10.0,0.00042744289385154843,0.00015569156676065177,-2.555663585662842,0.0001021471107378602,0.0001934374449774623,7.941367221064866e-05,0.0572272352874279,0.009019289165735245,213.0,0.0,-0.056512024253606796,1
-353521749.0,1491741917.0,571140.0,121.0,200.0,0.0,14109.0,10.0,0.00043719366658478975,0.000171411142218858,-2.5556066036224365,0.00013413577107712626,0.00018598158203531057,0.00010235948138870299,0.05355750396847725,0.009193217381834984,213.0,0.0,-0.05276259407401085,1
-353521749.0,1491741917.0,571140.0,121.0,200.0,0.0,14109.0,10.0,0.00043719366658478975,0.000171411142218858,-2.5556066036224365,0.00013413577107712626,0.00018598158203531057,0.00010235948138870299,0.05355750396847725,0.009193217381834984,213.0,0.0,-0.05276259407401085,1
-353521749.0,1491741917.0,571140.0,121.0,200.0,0.0,14109.0,10.0,0.00043719366658478975,0.000171411142218858,-2.5556066036224365,0.00013413577107712626,0.00018598158203531057,0.00010235948138870299,0.05355750396847725,0.009193217381834984,213.0,0.0,-0.05276259407401085,1
-353521749.0,1491741917.0,571140.0,121.0,200.0,0.0,14108.0,10.0,0.0004452788853086531,0.00018397434905637056,-2.5555496215820312,7.817010919097811e-05,0.00018813952920027077,9.16813442017883e-05,0.04953749477863312,0.009169460274279118,213.0,0.0,-0.048681460320949554,1
-353521749.0,1491741917.0,571140.0,121.0,200.0,0.0,14108.0,10.0,0.0004452788853086531,0.00018397434905637056,-2.5555496215820312,7.817010919097811e-05,0.00018813952920027077,9.16813442017883e-05,0.04953749477863312,0.009169460274279118,213.0,0.0,-0.048681460320949554,1
-353521749.0,1491741917.0,571140.0,121.0,200.0,0.0,32109.0,10.0,0.000453965796623379,0.00019736704416573048,-2.555494546890259,9.266049892175943e-05,0.00013418834714684635,9.578230674378574e-05,0.04611717909574509,0.009349829517304897,213.0,0.0,-0.045159436762332916,1
-353521749.0,1491741917.0,571140.0,121.0,200.0,0.0,32109.0,10.0,0.000453965796623379,0.00019736704416573048,-2.555494546890259,9.266049892175943e-05,0.00013418834714684635,9.578230674378574e-05,0.04611717909574509,0.009349829517304897,213.0,0.0,-0.045159436762332916,1
-353521749.0,1491741917.0,571140.0,121.0,200.0,0.0,14109.0,10.0,0.00046350789489224553,0.00021562085021287203,-2.5554449558258057,0.0001211093767778948,0.00023715014685876667,6.883491005282849e-05,0.0428282655775547,0.009673221968114376,213.0,0.0,-0.041721563786268234,1
-353521749.0,1491741917.0,571140.0,121.0,200.0,0.0,14109.0,10.0,0.00046350789489224553,0.00021562085021287203,-2.5554449558258057,0.0001211093767778948,0.00023715014685876667,6.883491005282849e-05,0.0428282655775547,0.009673221968114376,213.0,0.0,-0.041721563786268234,1
-353521749.0,1491741917.0,571140.0,121.0,200.0,0.0,32109.0,10.0,0.0004794076958205551,0.00022987581905908883,-2.555387496948242,7.047738472465426e-05,0.00019203654665034264,8.844313560985029e-05,0.039665792137384415,0.010073387995362282,213.0,0.0,-0.03836537152528763,1
-353521749.0,1491741917.0,571140.0,121.0,200.0,0.0,32109.0,10.0,0.0004794076958205551,0.00022987581905908883,-2.555387496948242,7.047738472465426e-05,0.00019203654665034264,8.844313560985029e-05,0.039665792137384415,0.010073387995362282,213.0,0.0,-0.03836537152528763,1
-353521749.0,1491741917.0,571140.0,121.0,200.0,0.0,32109.0,10.0,0.0004794076958205551,0.00022987581905908883,-2.555387496948242,7.047738472465426e-05,0.00019203654665034264,8.844313560985029e-05,0.039665792137384415,0.010073387995362282,213.0,0.0,-0.03836537152528763,1
-353521749.0,1491741917.0,571140.0,121.0,200.0,0.0,32109.0,10.0,0.0004919173661619425,0.0002432458713883534,-2.555330753326416,0.00011800759239122272,0.00016056610911618918,0.00015936665295157582,0.03649383410811424,0.010304448194801807,213.0,0.0,-0.035008832812309265,1
-353521749.0,1491741917.0,571140.0,121.0,200.0,0.0,32109.0,10.0,0.0004919173661619425,0.0002432458713883534,-2.555330753326416,0.00011800759239122272,0.00016056610911618918,0.00015936665295157582,0.03649383410811424,0.010304448194801807,213.0,0.0,-0.035008832812309265,1
-353521749.0,1491741917.0,571140.0,121.0,200.0,0.0,14109.0,10.0,0.0005015835049562156,0.0002607542264740914,-2.5552663803100586,0.00010361059685237706,0.0002531498612370342,0.00011059960525017232,0.033533163368701935,0.010537926107645035,213.0,0.0,-0.03183434158563614,1
-353521749.0,1491741917.0,571140.0,121.0,200.0,0.0,14109.0,10.0,0.0005015835049562156,0.0002607542264740914,-2.5552663803100586,0.00010361059685237706,0.0002531498612370342,0.00011059960525017232,0.033533163368701935,0.010537926107645035,213.0,0.0,-0.03183434158563614,1
-353521749.0,1491741917.0,571140.0,121.0,200.0,0.0,14109.0,10.0,0.0005094819935038686,0.0002700303157325834,-2.5552141666412354,7.601735705975443e-05,0.00021388012100942433,7.773334800731391e-05,0.03066876158118248,0.01090239454060793,213.0,0.0,-0.02866549789905548,1
-353521749.0,1491741917.0,571140.0,121.0,200.0,0.0,14109.0,10.0,0.0005094819935038686,0.0002700303157325834,-2.5552141666412354,7.601735705975443e-05,0.00021388012100942433,7.773334800731391e-05,0.03066876158118248,0.01090239454060793,213.0,0.0,-0.02866549789905548,1
-353521749.0,1491741917.0,571140.0,121.0,200.0,0.0,32108.0,10.0,0.0005175688420422375,0.00028558733174577355,-2.555155038833618,7.414069841615856e-06,0.00017048901645466685,0.00014847559214103967,0.028135480359196663,0.011312994174659252,213.0,0.0,-0.025760849937796593,1
-353521749.0,1491741917.0,571140.0,121.0,200.0,0.0,32108.0,10.0,0.0005175688420422375,0.00028558733174577355,-2.555155038833618,7.414069841615856e-06,0.00017048901645466685,0.00014847559214103967,0.028135480359196663,0.011312994174659252,213.0,0.0,-0.025760849937796593,1
-353521749.0,1491741917.0,571140.0,121.0,200.0,0.0,32108.0,10.0,0.0005175688420422375,0.00028558733174577355,-2.555155038833618,7.414069841615856e-06,0.00017048901645466685,0.00014847559214103967,0.028135480359196663,0.011312994174659252,213.0,0.0,-0.025760849937796593,1
-353521749.0,1491741917.0,571140.0,121.0,200.0,0.0,14109.0,10.0,0.0005214824923314154,0.0002958803088404238,-2.55509614944458,0.00012121965119149536,0.00022542531951330602,8.563481969758868e-05,0.02560357004404068,0.011539041064679623,213.0,0.0,-0.02285592630505562,1
-353521749.0,1491741917.0,571140.0,121.0,200.0,0.0,14109.0,10.0,0.0005214824923314154,0.0002958803088404238,-2.55509614944458,0.00012121965119149536,0.00022542531951330602,8.563481969758868e-05,0.02560357004404068,0.011539041064679623,213.0,0.0,-0.02285592630505562,1
-353521749.0,1491741917.0,571140.0,121.0,200.0,0.0,32117.0,10.0,0.0005353548913262784,0.00030520811560563743,-2.5550389289855957,7.266007014550269e-05,0.0001896512694656849,8.66241316543892e-05,0.023319756612181664,0.011712978594005108,213.0,0.0,-0.020164750516414642,1
-353521749.0,1491741917.0,571140.0,121.0,200.0,0.0,32117.0,10.0,0.0005353548913262784,0.00030520811560563743,-2.5550389289855957,7.266007014550269e-05,0.0001896512694656849,8.66241316543892e-05,0.023319756612181664,0.011712978594005108,213.0,0.0,-0.020164750516414642,1
-353521749.0,1491741917.0,571140.0,121.0,200.0,0.0,32109.0,10.0,0.0005431969766505063,0.00031339313136413693,-2.5549800395965576,0.00011973429354839027,0.00018555490532889962,0.00011140867718495429,0.021231133490800858,0.011995848268270493,213.0,0.0,-0.017517440021038055,1
-353521749.0,1491741917.0,571140.0,121.0,200.0,0.0,32109.0,10.0,0.0005431969766505063,0.00031339313136413693,-2.5549800395965576,0.00011973429354839027,0.00018555490532889962,0.00011140867718495429,0.021231133490800858,0.011995848268270493,213.0,0.0,-0.017517440021038055,1
-353521749.0,1491741917.0,571140.0,121.0,200.0,0.0,14064.0,10.0,0.000561719702091068,0.0003253502363804728,-2.5549211502075195,6.527647201437503e-05,0.00015334499767050147,0.0001810797257348895,0.01940305158495903,0.012320633977651596,213.0,0.0,-0.014989343471825123,1
-353521749.0,1491741917.0,571140.0,121.0,200.0,0.0,14064.0,10.0,0.000561719702091068,0.0003253502363804728,-2.5549211502075195,6.527647201437503e-05,0.00015334499767050147,0.0001810797257348895,0.01940305158495903,0.012320633977651596,213.0,0.0,-0.014989343471825123,1
-353521749.0,1491741917.0,571140.0,121.0,200.0,0.0,14064.0,10.0,0.000561719702091068,0.0003253502363804728,-2.5549211502075195,6.527647201437503e-05,0.00015334499767050147,0.0001810797257348895,0.01940305158495903,0.012320633977651596,213.0,0.0,-0.014989343471825123,1
-353521749.0,1491741917.0,571140.0,121.0,200.0,0.0,31873.0,10.0,0.0005758368060924113,0.00033244650694541633,-2.5548596382141113,0.00014889122394379228,0.00018733993056230247,0.0001342008326901123,0.01772644929587841,0.012445042841136456,213.0,0.0,-0.012623309157788754,1
-353521749.0,1491741917.0,571140.0,121.0,200.0,0.0,31873.0,10.0,0.0005758368060924113,0.00033244650694541633,-2.5548596382141113,0.00014889122394379228,0.00018733993056230247,0.0001342008326901123,0.01772644929587841,0.012445042841136456,213.0,0.0,-0.012623309157788754,1
-353521749.0,1491741917.0,571140.0,121.0,200.0,0.0,31104.0,10.0,0.0005882686818949878,0.00033832306507974863,-2.5547995567321777,0.00015862406871747226,0.00018119382730219513,0.0001796677097445354,0.016425026580691338,0.012661212123930454,213.0,0.0,-0.010463041253387928,1
-353521749.0,1491741917.0,571140.0,121.0,200.0,0.0,31104.0,10.0,0.0005882686818949878,0.00033832306507974863,-2.5547995567321777,0.00015862406871747226,0.00018119382730219513,0.0001796677097445354,0.016425026580691338,0.012661212123930454,213.0,0.0,-0.010463041253387928,1
-353521749.0,1491741917.0,571140.0,121.0,200.0,0.0,13290.0,10.0,0.000592621392570436,0.00034735200461000204,-2.554739475250244,0.000104596430901438,0.0002623548498377204,0.00018634047592058778,0.015402647666633129,0.012904745526611805,213.0,0.0,-0.008408869616687298,1
-353521749.0,1491741917.0,571140.0,121.0,200.0,0.0,13290.0,10.0,0.000592621392570436,0.00034735200461000204,-2.554739475250244,0.000104596430901438,0.0002623548498377204,0.00018634047592058778,0.015402647666633129,0.012904745526611805,213.0,0.0,-0.008408869616687298,1
-353521749.0,1491741917.0,571140.0,121.0,200.0,0.0,10411.0,10.0,0.0006065003108233213,0.000348627392668277,-2.554673910140991,0.00024434897932223976,0.0002048304013442248,0.0002760158386081457,0.014713885262608528,0.013204568065702915,213.0,0.0,-0.0064913625828921795,1
-353521749.0,1491741917.0,571140.0,121.0,200.0,0.0,10411.0,10.0,0.0006065003108233213,0.000348627392668277,-2.554673910140991,0.00024434897932223976,0.0002048304013442248,0.0002760158386081457,0.014713885262608528,0.013204568065702915,213.0,0.0,-0.0064913625828921795,1
-353521749.0,1491741917.0,571140.0,121.0,200.0,0.0,10411.0,10.0,0.0006065003108233213,0.000348627392668277,-2.554673910140991,0.00024434897932223976,0.0002048304013442248,0.0002760158386081457,0.014713885262608528,0.013204568065702915,213.0,0.0,-0.0064913625828921795,1
-353521749.0,1491741917.0,571140.0,121.0,200.0,0.0,10342.0,10.0,0.0006188783445395529,0.0003549361717887223,-2.5546133518218994,0.00018834962975233793,0.0001870960259111598,0.00019563747628126293,0.014043639414012432,0.01324265357106924,213.0,0.0,-0.0046750279143452644,1
-353521749.0,1491741917.0,571140.0,121.0,200.0,0.0,10342.0,10.0,0.0006188783445395529,0.0003549361717887223,-2.5546133518218994,0.00018834962975233793,0.0001870960259111598,0.00019563747628126293,0.014043639414012432,0.01324265357106924,213.0,0.0,-0.0046750279143452644,1
-353521749.0,1491741917.0,571140.0,121.0,200.0,0.0,10333.0,10.0,0.0006291150930337608,0.0003579908807296306,-2.5545506477355957,0.00010743370512500405,0.00022205339337233454,0.00016801097081042826,0.013570904731750488,0.013248665258288383,213.0,0.0,-0.0029397776816040277,1
-353521749.0,1491741917.0,571140.0,121.0,200.0,0.0,10333.0,10.0,0.0006291150930337608,0.0003579908807296306,-2.5545506477355957,0.00010743370512500405,0.00022205339337233454,0.00016801097081042826,0.013570904731750488,0.013248665258288383,213.0,0.0,-0.0029397776816040277,1
-353521749.0,1491741917.0,571140.0,121.0,200.0,0.0,10332.0,10.0,0.0006440290017053485,0.00036566308699548244,-2.5544955730438232,0.000130136773805134,0.00022572088346350938,0.00021574732090812176,0.013561926782131195,0.013500608503818512,213.0,0.0,-0.0012881939765065908,1
-353521749.0,1491741917.0,571140.0,121.0,200.0,0.0,10332.0,10.0,0.0006440290017053485,0.00036566308699548244,-2.5544955730438232,0.000130136773805134,0.00022572088346350938,0.00021574732090812176,0.013561926782131195,0.013500608503818512,213.0,0.0,-0.0012881939765065908,1
-353521749.0,1491741917.0,571140.0,121.0,200.0,0.0,10332.0,10.0,0.0006620489875786006,0.0003773739736061543,-2.554435968399048,0.00018367379379924387,0.00015234856982715428,0.00020228998619131744,0.013682194985449314,0.013680593110620975,213.0,0.0,0.00020936936198268086,1
-353521749.0,1491741917.0,571140.0,121.0,200.0,0.0,10332.0,10.0,0.0006620489875786006,0.0003773739736061543,-2.554435968399048,0.00018367379379924387,0.00015234856982715428,0.00020228998619131744,0.013682194985449314,0.013680593110620975,213.0,0.0,0.00020936936198268086,1
-353521749.0,1491741917.0,571140.0,121.0,200.0,0.0,10332.0,10.0,0.0006620489875786006,0.0003773739736061543,-2.554435968399048,0.00018367379379924387,0.00015234856982715428,0.00020228998619131744,0.013682194985449314,0.013680593110620975,213.0,0.0,0.00020936936198268086,1
-353521749.0,1491741917.0,571140.0,121.0,200.0,0.0,10332.0,10.0,0.0006656370824202895,0.00038093840703368187,-2.554375648498535,0.0001735576515784487,0.00024250101705547422,0.00016399368178099394,0.01379050500690937,0.013706482946872711,213.0,0.0,0.0015199902700260282,1
-353521749.0,1491741917.0,571140.0,121.0,200.0,0.0,10332.0,10.0,0.0006656370824202895,0.00038093840703368187,-2.554375648498535,0.0001735576515784487,0.00024250101705547422,0.00016399368178099394,0.01379050500690937,0.013706482946872711,213.0,0.0,0.0015199902700260282,1
-353521749.0,1491741917.0,571140.0,121.0,200.0,0.0,10332.0,10.0,0.0006781801348552108,0.0003844737948384136,-2.554309606552124,0.0001644245785428211,0.000249554606853053,0.00020112576021347195,0.01409284956753254,0.013816291466355324,213.0,0.0,0.002778218826279044,1
-353521749.0,1491741917.0,571140.0,121.0,200.0,0.0,10332.0,10.0,0.0006781801348552108,0.0003844737948384136,-2.554309606552124,0.0001644245785428211,0.000249554606853053,0.00020112576021347195,0.01409284956753254,0.013816291466355324,213.0,0.0,0.002778218826279044,1
-353521749.0,1491741917.0,571140.0,121.0,200.0,0.0,10332.0,10.0,0.0006910808151587844,0.000392514921259135,-2.5542430877685547,0.00023024799884296954,0.00023948532179929316,0.00020364207739476115,0.014538788236677647,0.014000625349581242,213.0,0.0,0.003919035661965609,1
-353521749.0,1491741917.0,571140.0,121.0,200.0,0.0,10332.0,10.0,0.0006910808151587844,0.000392514921259135,-2.5542430877685547,0.00023024799884296954,0.00023948532179929316,0.00020364207739476115,0.014538788236677647,0.014000625349581242,213.0,0.0,0.003919035661965609,1
-353521749.0,1491741917.0,571140.0,121.0,200.0,0.0,10332.0,10.0,0.0007019193144515157,0.0004030452109873295,-2.554171323776245,0.0001305587065871805,0.00018924417963717133,0.00017858445062302053,0.015047641471028328,0.01415281556546688,213.0,0.0,0.005111685022711754,1
-353521749.0,1491741917.0,571140.0,121.0,200.0,0.0,10332.0,10.0,0.0007019193144515157,0.0004030452109873295,-2.554171323776245,0.0001305587065871805,0.00018924417963717133,0.00017858445062302053,0.015047641471028328,0.01415281556546688,213.0,0.0,0.005111685022711754,1
-353521749.0,1491741917.0,571140.0,121.0,200.0,0.0,10332.0,10.0,0.0007116324850358069,0.0004055843746755272,-2.554105043411255,0.00010843074414879084,0.0002751254360191524,0.0002294297592015937,0.015470664948225021,0.014204869046807289,213.0,0.0,0.0061288815923035145,1
-353521749.0,1491741917.0,571140.0,121.0,200.0,0.0,10332.0,10.0,0.0007116324850358069,0.0004055843746755272,-2.554105043411255,0.00010843074414879084,0.0002751254360191524,0.0002294297592015937,0.015470664948225021,0.014204869046807289,213.0,0.0,0.0061288815923035145,1
-353521749.0,1491741917.0,571140.0,121.0,200.0,0.0,10332.0,10.0,0.0007242212304845452,0.000410173466661945,-2.5540480613708496,0.00020746351219713688,0.00028380047297105193,0.00017132183711510152,0.015993861481547356,0.014307278208434582,213.0,0.0,0.007148801814764738,1
-353521749.0,1491741917.0,571140.0,121.0,200.0,0.0,10332.0,10.0,0.0007242212304845452,0.000410173466661945,-2.5540480613708496,0.00020746351219713688,0.00028380047297105193,0.00017132183711510152,0.015993861481547356,0.014307278208434582,213.0,0.0,0.007148801814764738,1
-353521749.0,1491741917.0,571140.0,121.0,200.0,0.0,10332.0,10.0,0.0007344091427512467,0.00041518633952364326,-2.5539824962615967,0.00011782982619479299,0.0001743387256283313,0.00014038881636224687,0.016614632681012154,0.01447061076760292,213.0,0.0,0.008163787424564362,1
-353521749.0,1491741917.0,571140.0,121.0,200.0,0.0,10332.0,10.0,0.0007344091427512467,0.00041518633952364326,-2.5539824962615967,0.00011782982619479299,0.0001743387256283313,0.00014038881636224687,0.016614632681012154,0.01447061076760292,213.0,0.0,0.008163787424564362,1
-353521749.0,1491741917.0,571140.0,121.0,200.0,0.0,10332.0,10.0,0.0007439763867296278,0.0004189010651316494,-2.5539138317108154,0.00018486479530110955,0.00017786084208637476,0.00017936080985236913,0.017134996131062508,0.014653939753770828,213.0,0.0,0.008880887180566788,1
-353521749.0,1491741917.0,571140.0,121.0,200.0,0.0,10332.0,10.0,0.0007439763867296278,0.0004189010651316494,-2.5539138317108154,0.00018486479530110955,0.00017786084208637476,0.00017936080985236913,0.017134996131062508,0.014653939753770828,213.0,0.0,0.008880887180566788,1
-353521749.0,1491741917.0,571140.0,121.0,200.0,0.0,10332.0,10.0,0.0007439763867296278,0.0004189010651316494,-2.5539138317108154,0.00018486479530110955,0.00017786084208637476,0.00017936080985236913,0.017134996131062508,0.014653939753770828,213.0,0.0,0.008880887180566788,1
-353521749.0,1491741917.0,571140.0,121.0,200.0,0.0,10332.0,10.0,0.0007523062522523105,0.0004203530552331358,-2.5538482666015625,0.00018761653336696327,0.00019451593107078224,0.00027921918081119657,0.01755586639046669,0.014684464782476425,213.0,0.0,0.00962158851325512,1
-353521749.0,1491741917.0,571140.0,121.0,200.0,0.0,10332.0,10.0,0.0007523062522523105,0.0004203530552331358,-2.5538482666015625,0.00018761653336696327,0.00019451593107078224,0.00027921918081119657,0.01755586639046669,0.014684464782476425,213.0,0.0,0.00962158851325512,1
-353521749.0,1491741917.0,571140.0,121.0,200.0,0.0,10332.0,10.0,0.0007649504696018994,0.0004270373610779643,-2.5537896156311035,0.00012252901797182858,0.0002186111087212339,0.00015275318583007902,0.01797102577984333,0.01475334633141756,213.0,0.0,0.010261411778628826,1
-353521749.0,1491741917.0,571140.0,121.0,200.0,0.0,10332.0,10.0,0.0007649504696018994,0.0004270373610779643,-2.5537896156311035,0.00012252901797182858,0.0002186111087212339,0.00015275318583007902,0.01797102577984333,0.01475334633141756,213.0,0.0,0.010261411778628826,1
-353521749.0,1491741917.0,571140.0,121.0,200.0,0.0,10332.0,10.0,0.0007699214620515704,0.00042946526082232594,-2.5537188053131104,0.0002242832852061838,0.0001817953889258206,0.0002745221718214452,0.018486490473151207,0.014996267855167389,213.0,0.0,0.010810286737978458,1
-353521749.0,1491741917.0,571140.0,121.0,200.0,0.0,10332.0,10.0,0.0007699214620515704,0.00042946526082232594,-2.5537188053131104,0.0002242832852061838,0.0001817953889258206,0.0002745221718214452,0.018486490473151207,0.014996267855167389,213.0,0.0,0.010810286737978458,1
-353521749.0,1491741917.0,571140.0,121.0,200.0,0.0,10332.0,10.0,0.0007778620929457247,0.00043787111644633114,-2.553656816482544,0.00011466167052276433,0.000292661803541705,0.0002356870099902153,0.01909296028316021,0.015374782495200634,213.0,0.0,0.01132065337151289,1
-353521749.0,1491741917.0,571140.0,121.0,200.0,0.0,10332.0,10.0,0.0007778620929457247,0.00043787111644633114,-2.553656816482544,0.00011466167052276433,0.000292661803541705,0.0002356870099902153,0.01909296028316021,0.015374782495200634,213.0,0.0,0.01132065337151289,1
-353521749.0,1491741917.0,571140.0,121.0,200.0,0.0,10332.0,10.0,0.0007778620929457247,0.00043787111644633114,-2.553656816482544,0.00011466167052276433,0.000292661803541705,0.0002356870099902153,0.01909296028316021,0.015374782495200634,213.0,0.0,0.01132065337151289,1
-353521749.0,1491741917.0,571140.0,121.0,200.0,0.0,10332.0,10.0,0.0007793086697347462,0.0004405119107104838,-2.553591012954712,0.00013236977974884212,0.00026810381677933037,0.00027459528064355254,0.019428135827183723,0.015446681529283524,213.0,0.0,0.011783567257225513,1
-353521749.0,1491741917.0,571140.0,121.0,200.0,0.0,10332.0,10.0,0.0007793086697347462,0.0004405119107104838,-2.553591012954712,0.00013236977974884212,0.00026810381677933037,0.00027459528064355254,0.019428135827183723,0.015446681529283524,213.0,0.0,0.011783567257225513,1
-353521749.0,1491741917.0,571140.0,121.0,200.0,0.0,10332.0,10.0,0.0007850730908103287,0.00044333262485451996,-2.553532123565674,0.00021656998433172703,0.0002509820042178035,0.0001496260956628248,0.01981888897716999,0.015575632452964783,213.0,0.0,0.01225512195378542,1
-353521749.0,1491741917.0,571140.0,121.0,200.0,0.0,10332.0,10.0,0.0007850730908103287,0.00044333262485451996,-2.553532123565674,0.00021656998433172703,0.0002509820042178035,0.0001496260956628248,0.01981888897716999,0.015575632452964783,213.0,0.0,0.01225512195378542,1
-353521749.0,1491741917.0,571140.0,121.0,200.0,0.0,10332.0,10.0,0.0007914379821158946,0.00044533712207339704,-2.5534708499908447,0.00015138337039388716,0.00021572945115622133,0.00028617243515327573,0.020213328301906586,0.01576922833919525,213.0,0.0,0.012645556591451168,1
-353521749.0,1491741917.0,571140.0,121.0,200.0,0.0,10332.0,10.0,0.0007914379821158946,0.00044533712207339704,-2.5534708499908447,0.00015138337039388716,0.00021572945115622133,0.00028617243515327573,0.020213328301906586,0.01576922833919525,213.0,0.0,0.012645556591451168,1
-353521749.0,1491741917.0,571140.0,121.0,200.0,0.0,10332.0,10.0,0.000803234288468957,0.0004493007145356387,-2.553410768508911,0.00023847032571211457,0.00023117729870136827,0.0002234639396192506,0.020513450726866722,0.015912167727947235,213.0,0.0,0.01294622290879488,1
-353521749.0,1491741917.0,571140.0,121.0,200.0,0.0,10332.0,10.0,0.000803234288468957,0.0004493007145356387,-2.553410768508911,0.00023847032571211457,0.00023117729870136827,0.0002234639396192506,0.020513450726866722,0.015912167727947235,213.0,0.0,0.01294622290879488,1
-353521749.0,1491741917.0,571140.0,121.0,200.0,0.0,10332.0,10.0,0.000803234288468957,0.0004493007145356387,-2.553410768508911,0.00023847032571211457,0.00023117729870136827,0.0002234639396192506,0.020513450726866722,0.015912167727947235,213.0,0.0,0.01294622290879488,1
-353521749.0,1491741917.0,571140.0,121.0,200.0,0.0,10332.0,10.0,0.000809893012046814,0.0004446014645509422,-2.5533511638641357,0.00012032189988531172,0.00019077130127698183,0.0002588102943263948,0.021123673766851425,0.01586783304810524,213.0,0.0,0.013943510130047798,1
-353521749.0,1491741917.0,571140.0,121.0,200.0,0.0,10332.0,10.0,0.000809893012046814,0.0004446014645509422,-2.5533511638641357,0.00012032189988531172,0.00019077130127698183,0.0002588102943263948,0.021123673766851425,0.01586783304810524,213.0,0.0,0.013943510130047798,1
-353521749.0,1491741917.0,571140.0,121.0,200.0,0.0,10332.0,10.0,0.0008179704891517758,0.0004439146723598242,-2.553295135498047,0.0001571705797687173,0.00024215763551183045,0.00015206396346911788,0.022024182602763176,0.015988655388355255,213.0,0.0,0.015146865509450436,1
-353521749.0,1491741917.0,571140.0,121.0,200.0,0.0,10332.0,10.0,0.0008179704891517758,0.0004439146723598242,-2.553295135498047,0.0001571705797687173,0.00024215763551183045,0.00015206396346911788,0.022024182602763176,0.015988655388355255,213.0,0.0,0.015146865509450436,1
-353521749.0,1491741917.0,571140.0,121.0,200.0,0.0,10332.0,10.0,0.0008270822581835091,0.0004467622784432024,-2.5532326698303223,0.00015420836280100048,0.0002685877261683345,0.00019947628607042134,0.022930080071091652,0.01619543693959713,213.0,0.0,0.016232570633292198,1
-353521749.0,1491741917.0,571140.0,121.0,200.0,0.0,10332.0,10.0,0.0008270822581835091,0.0004467622784432024,-2.5532326698303223,0.00015420836280100048,0.0002685877261683345,0.00019947628607042134,0.022930080071091652,0.01619543693959713,213.0,0.0,0.016232570633292198,1
-353521749.0,1491741917.0,571140.0,121.0,200.0,0.0,10332.0,10.0,0.0008292580023407936,0.00044751210953108966,-2.5531673431396484,0.00017910526366904378,0.0002786647528409958,0.00026063426048494875,0.02366117760539055,0.016324549913406372,213.0,0.0,0.017127765342593193,1
-353521749.0,1491741917.0,571140.0,121.0,200.0,0.0,10332.0,10.0,0.0008292580023407936,0.00044751210953108966,-2.5531673431396484,0.00017910526366904378,0.0002786647528409958,0.00026063426048494875,0.02366117760539055,0.016324549913406372,213.0,0.0,0.017127765342593193,1
-353521749.0,1491741917.0,571140.0,121.0,200.0,0.0,10332.0,10.0,0.0008292580023407936,0.00044751210953108966,-2.5531673431396484,0.00017910526366904378,0.0002786647528409958,0.00026063426048494875,0.02366117760539055,0.016324549913406372,213.0,0.0,0.017127765342593193,1
-353521749.0,1491741917.0,571140.0,121.0,200.0,0.0,10332.0,10.0,0.0008305814117193222,0.0004451642744243145,-2.553101062774658,0.00013682307326234877,0.0001985088165383786,0.00027144578052684665,0.024084752425551414,0.016376152634620667,213.0,0.0,0.017660601064562798,1
-353521749.0,1491741917.0,571140.0,121.0,200.0,0.0,10332.0,10.0,0.0008305814117193222,0.0004451642744243145,-2.553101062774658,0.00013682307326234877,0.0001985088165383786,0.00027144578052684665,0.024084752425551414,0.016376152634620667,213.0,0.0,0.017660601064562798,1
-353521749.0,1491741917.0,571140.0,121.0,200.0,0.0,10332.0,10.0,0.0008293610299006104,0.0004472206346690655,-2.5530307292938232,0.00014690399984829128,0.00022897357121109962,0.00025353790260851383,0.02439982444047928,0.016447022557258606,213.0,0.0,0.01802350953221321,1
-353521749.0,1491741917.0,571140.0,121.0,200.0,0.0,10332.0,10.0,0.0008293610299006104,0.0004472206346690655,-2.5530307292938232,0.00014690399984829128,0.00022897357121109962,0.00025353790260851383,0.02439982444047928,0.016447022557258606,213.0,0.0,0.01802350953221321,1
-353521749.0,1491741917.0,571140.0,121.0,200.0,0.0,10332.0,10.0,0.000832971534691751,0.000445560144726187,-2.55295991897583,0.00014592806110158563,0.00022399064619094133,0.0002275067090522498,0.024590322747826576,0.01642460748553276,213.0,0.0,0.01830071583390236,1
-353521749.0,1491741917.0,571140.0,121.0,200.0,0.0,10332.0,10.0,0.000832971534691751,0.000445560144726187,-2.55295991897583,0.00014592806110158563,0.00022399064619094133,0.0002275067090522498,0.024590322747826576,0.01642460748553276,213.0,0.0,0.01830071583390236,1
-353521749.0,1491741917.0,571140.0,121.0,200.0,0.0,10332.0,10.0,0.0008380090584978461,0.00045147817581892014,-2.5528905391693115,0.00016211462207138538,0.00022048247046768665,0.00025636618374846876,0.024645226076245308,0.01640680991113186,213.0,0.0,0.018390316516160965,1
-353521749.0,1491741917.0,571140.0,121.0,200.0,0.0,10332.0,10.0,0.0008380090584978461,0.00045147817581892014,-2.5528905391693115,0.00016211462207138538,0.00022048247046768665,0.00025636618374846876,0.024645226076245308,0.01640680991113186,213.0,0.0,0.018390316516160965,1
-353521749.0,1491741917.0,571140.0,121.0,200.0,0.0,10332.0,10.0,0.0008371372241526842,0.00044720389996655285,-2.5528156757354736,0.00022533562150783837,0.0003153786528855562,0.0003516293945722282,0.024493541568517685,0.016238827258348465,213.0,0.0,0.018336685374379158,1
-353521749.0,1491741917.0,571140.0,121.0,200.0,0.0,10332.0,10.0,0.0008371372241526842,0.00044720389996655285,-2.5528156757354736,0.00022533562150783837,0.0003153786528855562,0.0003516293945722282,0.024493541568517685,0.016238827258348465,213.0,0.0,0.018336685374379158,1
-353521749.0,1491741917.0,571140.0,121.0,200.0,0.0,10332.0,10.0,0.0008386718109250069,0.0004474633024074137,-2.5527400970458984,0.00021662292419932783,0.00029687004280276597,0.0002342514635529369,0.024447688832879066,0.016207527369260788,213.0,0.0,0.018303157761693,1
-353521749.0,1491741917.0,571140.0,121.0,200.0,0.0,10332.0,10.0,0.0008386718109250069,0.0004474633024074137,-2.5527400970458984,0.00021662292419932783,0.00029687004280276597,0.0002342514635529369,0.024447688832879066,0.016207527369260788,213.0,0.0,0.018303157761693,1
-353521749.0,1491741917.0,571140.0,121.0,200.0,0.0,10332.0,10.0,0.0008464541751891375,0.0004475439200177789,-2.5526647567749023,0.00018174038268625736,0.0002892034244723618,0.0003275567723903805,0.0244376789778471,0.01632813736796379,213.0,0.0,0.018182191997766495,1
-353521749.0,1491741917.0,571140.0,121.0,200.0,0.0,10332.0,10.0,0.0008464541751891375,0.0004475439200177789,-2.5526647567749023,0.00018174038268625736,0.0002892034244723618,0.0003275567723903805,0.0244376789778471,0.01632813736796379,213.0,0.0,0.018182191997766495,1
-353521749.0,1491741917.0,571140.0,121.0,200.0,0.0,10332.0,10.0,0.0008533652289770544,0.0004531937011051923,-2.5525920391082764,0.00016485806554555893,0.00029310217360034585,0.00025334738893434405,0.02430115081369877,0.016407322138547897,213.0,0.0,0.01792611926794052,1
-353521749.0,1491741917.0,571140.0,121.0,200.0,0.0,10332.0,10.0,0.0008533652289770544,0.0004531937011051923,-2.5525920391082764,0.00016485806554555893,0.00029310217360034585,0.00025334738893434405,0.02430115081369877,0.016407322138547897,213.0,0.0,0.01792611926794052,1
-353521749.0,1491741917.0,571140.0,121.0,200.0,0.0,10332.0,10.0,0.0008533652289770544,0.0004531937011051923,-2.5525920391082764,0.00016485806554555893,0.00029310217360034585,0.00025334738893434405,0.02430115081369877,0.016407322138547897,213.0,0.0,0.01792611926794052,1
-353521749.0,1491741917.0,571140.0,121.0,200.0,0.0,10332.0,10.0,0.0008536328095942736,0.0004620737163349986,-2.552511215209961,0.00016467412933707237,0.00028016851865686476,0.0002618265280034393,0.02402080036699772,0.016305802389979362,213.0,0.0,0.01763858087360859,1
-353521749.0,1491741917.0,571140.0,121.0,200.0,0.0,10332.0,10.0,0.0008536328095942736,0.0004620737163349986,-2.552511215209961,0.00016467412933707237,0.00028016851865686476,0.0002618265280034393,0.02402080036699772,0.016305802389979362,213.0,0.0,0.01763858087360859,1
-353521749.0,1491741917.0,571140.0,121.0,200.0,0.0,10332.0,10.0,0.0008550803177058697,0.0004655137599911541,-2.552433490753174,0.00014729960821568966,0.0002645976492203772,0.00032143673161044717,0.02377421222627163,0.01632400043308735,213.0,0.0,0.017284099012613297,1
-353521749.0,1491741917.0,571140.0,121.0,200.0,0.0,10332.0,10.0,0.0008550803177058697,0.0004655137599911541,-2.552433490753174,0.00014729960821568966,0.0002645976492203772,0.00032143673161044717,0.02377421222627163,0.01632400043308735,213.0,0.0,0.017284099012613297,1
-353521749.0,1491741917.0,571140.0,121.0,200.0,0.0,10332.0,10.0,0.0008654193370603025,0.00046853412641212344,-2.552353620529175,0.0001180779654532671,0.00018519336299505085,0.00024935812689363956,0.023636266589164734,0.01648540422320366,213.0,0.0,0.01693825237452984,1
-353521749.0,1491741917.0,571140.0,121.0,200.0,0.0,10332.0,10.0,0.0008654193370603025,0.00046853412641212344,-2.552353620529175,0.0001180779654532671,0.00018519336299505085,0.00024935812689363956,0.023636266589164734,0.01648540422320366,213.0,0.0,0.01693825237452984,1
-353521749.0,1491741917.0,571140.0,121.0,200.0,0.0,10332.0,10.0,0.0008743564249016345,0.0004826562653761357,-2.552276372909546,0.0001515075855422765,0.0003425226313993335,0.0003098936867900193,0.023401739075779915,0.01664898917078972,213.0,0.0,0.016445443034172058,1
-353521749.0,1491741917.0,571140.0,121.0,200.0,0.0,10332.0,10.0,0.0008743564249016345,0.0004826562653761357,-2.552276372909546,0.0001515075855422765,0.0003425226313993335,0.0003098936867900193,0.023401739075779915,0.01664898917078972,213.0,0.0,0.016445443034172058,1
-353521749.0,1491741917.0,571140.0,121.0,200.0,0.0,10332.0,10.0,0.0008743564249016345,0.0004826562653761357,-2.552276372909546,0.0001515075855422765,0.0003425226313993335,0.0003098936867900193,0.023401739075779915,0.01664898917078972,213.0,0.0,0.016445443034172058,1
-353521749.0,1491741917.0,571140.0,121.0,200.0,0.0,10332.0,10.0,0.0008722474449314177,0.00048515829257667065,-2.552194595336914,0.00017729404498822987,0.0002797413617372513,0.0002525779709685594,0.023024655878543854,0.016587501391768456,213.0,0.0,0.01596839353442192,1
-353521749.0,1491741917.0,571140.0,121.0,200.0,0.0,10332.0,10.0,0.0008722474449314177,0.00048515829257667065,-2.552194595336914,0.00017729404498822987,0.0002797413617372513,0.0002525779709685594,0.023024655878543854,0.016587501391768456,213.0,0.0,0.01596839353442192,1
-353521749.0,1491741917.0,571140.0,121.0,200.0,0.0,10332.0,10.0,0.000878263614140451,0.0004959551733918488,-2.552110195159912,0.0001572901092004031,0.00033756671473383904,0.0003342051641084254,0.022799985483288765,0.016673551872372627,213.0,0.0,0.015550949610769749,1
-353521749.0,1491741917.0,571140.0,121.0,200.0,0.0,10332.0,10.0,0.000878263614140451,0.0004959551733918488,-2.552110195159912,0.0001572901092004031,0.00033756671473383904,0.0003342051641084254,0.022799985483288765,0.016673551872372627,213.0,0.0,0.015550949610769749,1
-353521749.0,1491741917.0,571140.0,121.0,200.0,0.0,10332.0,10.0,0.0008861934766173363,0.0005062033887952566,-2.5520248413085938,0.000201637449208647,0.00027847784804180264,0.0003701556706801057,0.022778701037168503,0.016979960724711418,213.0,0.0,0.015183878131210804,1
-353521749.0,1491741917.0,571140.0,121.0,200.0,0.0,10332.0,10.0,0.0008861934766173363,0.0005062033887952566,-2.5520248413085938,0.000201637449208647,0.00027847784804180264,0.0003701556706801057,0.022778701037168503,0.016979960724711418,213.0,0.0,0.015183878131210804,1
-353521749.0,1491741917.0,571140.0,121.0,200.0,0.0,10332.0,10.0,0.0008972627110779285,0.0005176945705898106,-2.5519442558288574,0.00021955140982754529,0.00030689191771671176,0.0003967585798818618,0.022684240713715553,0.017142528668045998,213.0,0.0,0.01485625933855772,1
-353521749.0,1491741917.0,571140.0,121.0,200.0,0.0,10332.0,10.0,0.0008972627110779285,0.0005176945705898106,-2.5519442558288574,0.00021955140982754529,0.00030689191771671176,0.0003967585798818618,0.022684240713715553,0.017142528668045998,213.0,0.0,0.01485625933855772,1
-353521749.0,1491741917.0,571140.0,121.0,200.0,0.0,10332.0,10.0,0.0008971038041636348,0.0005213753902353346,-2.5518596172332764,0.00012057722778990865,0.0003228159621357918,0.0003817699325736612,0.02246175706386566,0.01729152537882328,213.0,0.0,0.014336444437503815,1
-353521749.0,1491741917.0,571140.0,121.0,200.0,0.0,10332.0,10.0,0.0008971038041636348,0.0005213753902353346,-2.5518596172332764,0.00012057722778990865,0.0003228159621357918,0.0003817699325736612,0.02246175706386566,0.01729152537882328,213.0,0.0,0.014336444437503815,1
-353521749.0,1491741917.0,571140.0,121.0,200.0,0.0,10332.0,10.0,0.0009050368680618703,0.0005320052150636911,-2.5517735481262207,0.00016634637722745538,0.0003529407549649477,0.00036696786992251873,0.022356800734996796,0.017464488744735718,213.0,0.0,0.013957730494439602,1
-353521749.0,1491741917.0,571140.0,121.0,200.0,0.0,10332.0,10.0,0.0009050368680618703,0.0005320052150636911,-2.5517735481262207,0.00016634637722745538,0.0003529407549649477,0.00036696786992251873,0.022356800734996796,0.017464488744735718,213.0,0.0,0.013957730494439602,1
-353521749.0,1491741917.0,571140.0,121.0,200.0,0.0,10332.0,10.0,0.0009142748895101249,0.0005428994772955775,-2.551692485809326,0.00023871075245551765,0.00030173969571478665,0.00032353063579648733,0.022215474396944046,0.017720596864819527,213.0,0.0,0.01339805219322443,1
-353521749.0,1491741917.0,571140.0,121.0,200.0,0.0,10332.0,10.0,0.0009142748895101249,0.0005428994772955775,-2.551692485809326,0.00023871075245551765,0.00030173969571478665,0.00032353063579648733,0.022215474396944046,0.017720596864819527,213.0,0.0,0.01339805219322443,1
-353521749.0,1491741917.0,571140.0,121.0,200.0,0.0,10332.0,10.0,0.0009236665791831911,0.0005539266276173294,-2.5516090393066406,0.00023837026674300432,0.0002586842456366867,0.00027603903436101973,0.02218659408390522,0.01805444434285164,213.0,0.0,0.012895038351416588,1
-353521749.0,1491741917.0,571140.0,121.0,200.0,0.0,10332.0,10.0,0.0009236665791831911,0.0005539266276173294,-2.5516090393066406,0.00023837026674300432,0.0002586842456366867,0.00027603903436101973,0.02218659408390522,0.01805444434285164,213.0,0.0,0.012895038351416588,1
-353521749.0,1491741917.0,571140.0,121.0,200.0,0.0,10332.0,10.0,0.0009236665791831911,0.0005539266276173294,-2.5516090393066406,0.00023837026674300432,0.0002586842456366867,0.00027603903436101973,0.02218659408390522,0.01805444434285164,213.0,0.0,0.012895038351416588,1
-353521749.0,1491741917.0,571140.0,121.0,200.0,0.0,10332.0,10.0,0.0009302824037149549,0.0005588294588960707,-2.5515201091766357,0.00016753331874497235,0.00028759738779626787,0.00029371934942901134,0.022012269124388695,0.01816500909626484,213.0,0.0,0.01243271678686142,1
-353521749.0,1491741917.0,571140.0,121.0,200.0,0.0,10332.0,10.0,0.0009302824037149549,0.0005588294588960707,-2.5515201091766357,0.00016753331874497235,0.00028759738779626787,0.00029371934942901134,0.022012269124388695,0.01816500909626484,213.0,0.0,0.01243271678686142,1
-353521749.0,1491741917.0,571140.0,121.0,200.0,0.0,10332.0,10.0,0.0009389437036588788,0.0005619429284706712,-2.551440477371216,0.00030237005557864904,0.00023042000248096883,0.00031075853621587157,0.021930892020463943,0.018405089154839516,213.0,0.0,0.011925467289984226,1
-353521749.0,1491741917.0,571140.0,121.0,200.0,0.0,10332.0,10.0,0.0009389437036588788,0.0005619429284706712,-2.551440477371216,0.00030237005557864904,0.00023042000248096883,0.00031075853621587157,0.021930892020463943,0.018405089154839516,213.0,0.0,0.011925467289984226,1
-353521749.0,1491741917.0,571140.0,121.0,200.0,0.0,10332.0,10.0,0.0009526341455057263,0.0005762238870374858,-2.5513482093811035,0.00025594362523406744,0.00031600065995007753,0.00035036884946748614,0.022034835070371628,0.018797554075717926,213.0,0.0,0.011497212573885918,1
-353521749.0,1491741917.0,571140.0,121.0,200.0,0.0,10332.0,10.0,0.0009526341455057263,0.0005762238870374858,-2.5513482093811035,0.00025594362523406744,0.00031600065995007753,0.00035036884946748614,0.022034835070371628,0.018797554075717926,213.0,0.0,0.011497212573885918,1
-353521749.0,1491741917.0,571140.0,121.0,200.0,0.0,10332.0,10.0,0.0009653636370785534,0.0005867729778401554,-2.551269292831421,0.0002612514654174447,0.0002740107011049986,0.0002944383304566145,0.022026363760232925,0.019050557166337967,213.0,0.0,0.011056083254516125,1
-353521749.0,1491741917.0,571140.0,121.0,200.0,0.0,10332.0,10.0,0.0009653636370785534,0.0005867729778401554,-2.551269292831421,0.0002612514654174447,0.0002740107011049986,0.0002944383304566145,0.022026363760232925,0.019050557166337967,213.0,0.0,0.011056083254516125,1
-353521749.0,1491741917.0,571140.0,121.0,200.0,0.0,10332.0,10.0,0.000964241218753159,0.0005978153785690665,-2.551182746887207,0.0002124795864801854,0.000285713147604838,0.00026094409986399114,0.021770499646663666,0.019055545330047607,213.0,0.0,0.010528095066547394,1
-353521749.0,1491741917.0,571140.0,121.0,200.0,0.0,10332.0,10.0,0.000964241218753159,0.0005978153785690665,-2.551182746887207,0.0002124795864801854,0.000285713147604838,0.00026094409986399114,0.021770499646663666,0.019055545330047607,213.0,0.0,0.010528095066547394,1
-353521749.0,1491741917.0,571140.0,121.0,200.0,0.0,10332.0,10.0,0.000972102687228471,0.0006011772784404457,-2.551098346710205,0.00021759606897830963,0.00029961293330416083,0.0003954666608478874,0.021757051348686218,0.0192994587123394,213.0,0.0,0.010044909082353115,1
-353521749.0,1491741917.0,571140.0,121.0,200.0,0.0,10332.0,10.0,0.000972102687228471,0.0006011772784404457,-2.551098346710205,0.00021759606897830963,0.00029961293330416083,0.0003954666608478874,0.021757051348686218,0.0192994587123394,213.0,0.0,0.010044909082353115,1
-353521749.0,1491741917.0,571140.0,121.0,200.0,0.0,10332.0,10.0,0.0009793700883165002,0.0006037966231815517,-2.5510170459747314,0.0001703299058135599,0.00030501405126415193,0.00037171546136960387,0.02176765538752079,0.019557233899831772,213.0,0.0,0.009557479992508888,1
-353521749.0,1491741917.0,571140.0,121.0,200.0,0.0,10332.0,10.0,0.0009793700883165002,0.0006037966231815517,-2.5510170459747314,0.0001703299058135599,0.00030501405126415193,0.00037171546136960387,0.02176765538752079,0.019557233899831772,213.0,0.0,0.009557479992508888,1
-353521749.0,1491741917.0,571140.0,121.0,200.0,0.0,10332.0,10.0,0.0009902802994474769,0.0006067385547794402,-2.550926685333252,0.000178998161572963,0.00028262799605727196,0.0003985025978181511,0.021798789501190186,0.0198359414935112,213.0,0.0,0.00904005579650402,1
-353521749.0,1491741917.0,571140.0,121.0,200.0,0.0,10332.0,10.0,0.0009902802994474769,0.0006067385547794402,-2.550926685333252,0.000178998161572963,0.00028262799605727196,0.0003985025978181511,0.021798789501190186,0.0198359414935112,213.0,0.0,0.00904005579650402,1
-353521749.0,1491741917.0,571140.0,121.0,200.0,0.0,10332.0,10.0,0.0009902802994474769,0.0006067385547794402,-2.550926685333252,0.000178998161572963,0.00028262799605727196,0.0003985025978181511,0.021798789501190186,0.0198359414935112,213.0,0.0,0.00904005579650402,1
-353521749.0,1491741917.0,571140.0,121.0,200.0,0.0,10332.0,10.0,0.0009883124148473144,0.0006060549640096724,-2.550837278366089,0.00017310786643065512,0.0002209395752288401,0.0003343133139424026,0.021629849448800087,0.019866695627570152,213.0,0.0,0.00855364091694355,1
-353521749.0,1491741917.0,571140.0,121.0,200.0,0.0,10332.0,10.0,0.0009883124148473144,0.0006060549640096724,-2.550837278366089,0.00017310786643065512,0.0002209395752288401,0.0003343133139424026,0.021629849448800087,0.019866695627570152,213.0,0.0,0.00855364091694355,1
-353521749.0,1491741917.0,571140.0,121.0,200.0,0.0,10332.0,10.0,0.000993130262941122,0.00061004952294752,-2.550753593444824,0.0001647161552682519,0.0003187931433785707,0.000333872449118644,0.021513136103749275,0.019947685301303864,213.0,0.0,0.008056356571614742,1
-353521749.0,1491741917.0,571140.0,121.0,200.0,0.0,10332.0,10.0,0.000993130262941122,0.00061004952294752,-2.550753593444824,0.0001647161552682519,0.0003187931433785707,0.000333872449118644,0.021513136103749275,0.019947685301303864,213.0,0.0,0.008056356571614742,1
-353521749.0,1491741917.0,571140.0,121.0,200.0,0.0,10332.0,10.0,0.0010040905326604843,0.00062051962595433,-2.5506670475006104,0.00028362104785628617,0.0002745936217252165,0.0003381508868187666,0.02159707061946392,0.02018127404153347,213.0,0.0,0.007690881844609976,1
-353521749.0,1491741917.0,571140.0,121.0,200.0,0.0,10332.0,10.0,0.0010040905326604843,0.00062051962595433,-2.5506670475006104,0.00028362104785628617,0.0002745936217252165,0.0003381508868187666,0.02159707061946392,0.02018127404153347,213.0,0.0,0.007690881844609976,1
-353521749.0,1491741917.0,571140.0,121.0,200.0,0.0,10332.0,10.0,0.0010144395055249333,0.0006275887135416269,-2.550581455230713,0.0001453204604331404,0.0002616391284391284,0.0003614441957324743,0.02167956531047821,0.020427169278264046,213.0,0.0,0.00726183969527483,1
-353521749.0,1491741917.0,571140.0,121.0,200.0,0.0,10332.0,10.0,0.0010144395055249333,0.0006275887135416269,-2.550581455230713,0.0001453204604331404,0.0002616391284391284,0.0003614441957324743,0.02167956531047821,0.020427169278264046,213.0,0.0,0.00726183969527483,1
-353521749.0,1491741917.0,571140.0,121.0,200.0,0.0,10332.0,10.0,0.0010144395055249333,0.0006275887135416269,-2.550581455230713,0.0001453204604331404,0.0002616391284391284,0.0003614441957324743,0.02167956531047821,0.020427169278264046,213.0,0.0,0.00726183969527483,1
-353521749.0,1491741917.0,571140.0,121.0,200.0,0.0,10332.0,10.0,0.001007881946861744,0.0006257577915675938,-2.5504839420318604,0.00023147495812736452,0.00022266543237492442,0.000412781722843647,0.021593553945422173,0.020465455949306488,213.0,0.0,0.006888158153742552,1
-353521749.0,1491741917.0,571140.0,121.0,200.0,0.0,10332.0,10.0,0.001007881946861744,0.0006257577915675938,-2.5504839420318604,0.00023147495812736452,0.00022266543237492442,0.000412781722843647,0.021593553945422173,0.020465455949306488,213.0,0.0,0.006888158153742552,1
-353521749.0,1491741917.0,571140.0,121.0,200.0,0.0,10332.0,10.0,0.001011112006381154,0.0006239961367100477,-2.550387144088745,0.00021579951862804592,0.00021322647808119655,0.0003871403750963509,0.02150529809296131,0.020507795736193657,213.0,0.0,0.0064736539497971535,1
-353521749.0,1491741917.0,571140.0,121.0,200.0,0.0,10332.0,10.0,0.001011112006381154,0.0006239961367100477,-2.550387144088745,0.00021579951862804592,0.00021322647808119655,0.0003871403750963509,0.02150529809296131,0.020507795736193657,213.0,0.0,0.0064736539497971535,1
-353521749.0,1491741917.0,571140.0,121.0,200.0,0.0,10332.0,10.0,0.001011418760754168,0.0006285157287493348,-2.550295829772949,0.00018034310778602958,0.0003158232429996133,0.00031950778793543577,0.021590901538729668,0.02070441283285618,213.0,0.0,0.006123262457549572,1
-353521749.0,1491741917.0,571140.0,121.0,200.0,0.0,10332.0,10.0,0.001011418760754168,0.0006285157287493348,-2.550295829772949,0.00018034310778602958,0.0003158232429996133,0.00031950778793543577,0.021590901538729668,0.02070441283285618,213.0,0.0,0.006123262457549572,1
-353521749.0,1491741917.0,571140.0,121.0,200.0,0.0,10332.0,10.0,0.00102011498529464,0.0006360177649185061,-2.5502090454101562,0.00020843144739046693,0.00035473296884447336,0.00038403249345719814,0.0216207355260849,0.020829536020755768,213.0,0.0,0.005795403849333525,1
-353521749.0,1491741917.0,571140.0,121.0,200.0,0.0,10332.0,10.0,0.00102011498529464,0.0006360177649185061,-2.5502090454101562,0.00020843144739046693,0.00035473296884447336,0.00038403249345719814,0.0216207355260849,0.020829536020755768,213.0,0.0,0.005795403849333525,1
-353521749.0,1491741917.0,571140.0,121.0,200.0,0.0,10332.0,10.0,0.00102011498529464,0.0006360177649185061,-2.5502090454101562,0.00020843144739046693,0.00035473296884447336,0.00038403249345719814,0.0216207355260849,0.020829536020755768,213.0,0.0,0.005795403849333525,1
-353521749.0,1491741917.0,571140.0,121.0,200.0,0.0,10332.0,10.0,0.0010173312621191144,0.0006379524129442871,-2.550117015838623,0.0001665234158281237,0.00030938847339712083,0.0003522405750118196,0.021441655233502388,0.020736578851938248,213.0,0.0,0.005453342106193304,1
-353521749.0,1491741917.0,571140.0,121.0,200.0,0.0,10332.0,10.0,0.0010173312621191144,0.0006379524129442871,-2.550117015838623,0.0001665234158281237,0.00030938847339712083,0.0003522405750118196,0.021441655233502388,0.020736578851938248,213.0,0.0,0.005453342106193304,1
-353521749.0,1491741917.0,571140.0,121.0,200.0,0.0,10332.0,10.0,0.0010217524832114577,0.0006429151981137693,-2.5500271320343018,0.00018313733744435012,0.00030369890737347305,0.00037540739867836237,0.02144092135131359,0.02081926167011261,213.0,0.0,0.005125562194734812,1
-353521749.0,1491741917.0,571140.0,121.0,200.0,0.0,10332.0,10.0,0.0010217524832114577,0.0006429151981137693,-2.5500271320343018,0.00018313733744435012,0.00030369890737347305,0.00037540739867836237,0.02144092135131359,0.02081926167011261,213.0,0.0,0.005125562194734812,1
-353521749.0,1491741917.0,571140.0,121.0,200.0,0.0,10332.0,10.0,0.0010282369330525398,0.000646794680505991,-2.5499379634857178,0.0001890486164484173,0.00031896913424134254,0.0003850379434879869,0.02149876579642296,0.020969532430171967,213.0,0.0,0.004740838427096605,1
-353521749.0,1491741917.0,571140.0,121.0,200.0,0.0,10332.0,10.0,0.0010282369330525398,0.000646794680505991,-2.5499379634857178,0.0001890486164484173,0.00031896913424134254,0.0003850379434879869,0.02149876579642296,0.020969532430171967,213.0,0.0,0.004740838427096605,1
-353521749.0,1491741917.0,571140.0,121.0,200.0,0.0,10332.0,10.0,0.0010330352233722806,0.0006547452649101615,-2.54984712600708,0.0002879640378523618,0.00029324679053388536,0.00039369944715872407,0.02160964347422123,0.02115258388221264,213.0,0.0,0.004420953337103128,1
-353521749.0,1491741917.0,571140.0,121.0,200.0,0.0,10332.0,10.0,0.0010330352233722806,0.0006547452649101615,-2.54984712600708,0.0002879640378523618,0.00029324679053388536,0.00039369944715872407,0.02160964347422123,0.02115258388221264,213.0,0.0,0.004420953337103128,1
-353521749.0,1491741917.0,571140.0,121.0,200.0,0.0,10332.0,10.0,0.0010330352233722806,0.0006547452649101615,-2.54984712600708,0.0002879640378523618,0.00029324679053388536,0.00039369944715872407,0.02160964347422123,0.02115258388221264,213.0,0.0,0.004420953337103128,1
-353521749.0,1491741917.0,571140.0,121.0,200.0,0.0,10332.0,10.0,0.0010263219010084867,0.0006597744068130851,-2.549755096435547,0.00020049687009304762,0.0003150047268718481,0.00037509703543037176,0.021464746445417404,0.021059714257717133,213.0,0.0,0.004150141961872578,1
-353521749.0,1491741917.0,571140.0,121.0,200.0,0.0,10332.0,10.0,0.0010263219010084867,0.0006597744068130851,-2.549755096435547,0.00020049687009304762,0.0003150047268718481,0.00037509703543037176,0.021464746445417404,0.021059714257717133,213.0,0.0,0.004150141961872578,1
-353521749.0,1491741917.0,571140.0,121.0,200.0,0.0,10332.0,10.0,0.001032430212944746,0.0006589461700059474,-2.5496644973754883,0.0002795110340230167,0.00023855781182646751,0.00041736516868695617,0.02142760157585144,0.021067054942250252,213.0,0.0,0.003914254251867533,1
-353521749.0,1491741917.0,571140.0,121.0,200.0,0.0,10332.0,10.0,0.001032430212944746,0.0006589461700059474,-2.5496644973754883,0.0002795110340230167,0.00023855781182646751,0.00041736516868695617,0.02142760157585144,0.021067054942250252,213.0,0.0,0.003914254251867533,1
-353521749.0,1491741917.0,571140.0,121.0,200.0,0.0,10332.0,10.0,0.0010380727471783757,0.0006635060417465866,-2.5495731830596924,0.00023239370784722269,0.00030497147236019373,0.0004170693573541939,0.02158327028155327,0.021277818828821182,213.0,0.0,0.003618285758420825,1
-353521749.0,1491741917.0,571140.0,121.0,200.0,0.0,10332.0,10.0,0.0010380727471783757,0.0006635060417465866,-2.5495731830596924,0.00023239370784722269,0.00030497147236019373,0.0004170693573541939,0.02158327028155327,0.021277818828821182,213.0,0.0,0.003618285758420825,1
-353521749.0,1491741917.0,571140.0,121.0,200.0,0.0,10332.0,10.0,0.0010415806900709867,0.0006740032695233822,-2.5494816303253174,0.00023844704264774919,0.0002679038734640926,0.0004745332698803395,0.02159794792532921,0.02131844125688076,213.0,0.0,0.003463422181084752,1
-353521749.0,1491741917.0,571140.0,121.0,200.0,0.0,10332.0,10.0,0.0010415806900709867,0.0006740032695233822,-2.5494816303253174,0.00023844704264774919,0.0002679038734640926,0.0004745332698803395,0.02159794792532921,0.02131844125688076,213.0,0.0,0.003463422181084752,1
-353521749.0,1491741917.0,571140.0,121.0,200.0,0.0,10332.0,10.0,0.0010415806900709867,0.0006740032695233822,-2.5494816303253174,0.00023844704264774919,0.0002679038734640926,0.0004745332698803395,0.02159794792532921,0.02131844125688076,213.0,0.0,0.003463422181084752,1
-353521749.0,1491741917.0,571140.0,121.0,200.0,0.0,10332.0,10.0,0.0010453535942360759,0.0006663164240308106,-2.5493884086608887,0.000254253187449649,0.0002810878795571625,0.00039952126098796725,0.021492036059498787,0.021248728036880493,213.0,0.0,0.0032247789204120636,1
-353521749.0,1491741917.0,571140.0,121.0,200.0,0.0,10332.0,10.0,0.0010453535942360759,0.0006663164240308106,-2.5493884086608887,0.000254253187449649,0.0002810878795571625,0.00039952126098796725,0.021492036059498787,0.021248728036880493,213.0,0.0,0.0032247789204120636,1
-353521749.0,1491741917.0,571140.0,121.0,200.0,0.0,10332.0,10.0,0.0010440037585794926,0.0006663039093837142,-2.549299716949463,0.00025254476349800825,0.0003008745552506298,0.00039418565575033426,0.021384775638580322,0.021173318848013878,213.0,0.0,0.002999859629198909,1
-353521749.0,1491741917.0,571140.0,121.0,200.0,0.0,10332.0,10.0,0.0010440037585794926,0.0006663039093837142,-2.549299716949463,0.00025254476349800825,0.0003008745552506298,0.00039418565575033426,0.021384775638580322,0.021173318848013878,213.0,0.0,0.002999859629198909,1
-353521749.0,1491741917.0,571140.0,121.0,200.0,0.0,10332.0,10.0,0.001048579579219222,0.000670802837703377,-2.5492067337036133,0.00023713489645160735,0.0003789321053773165,0.00036346769775263965,0.021453704684972763,0.02127048932015896,213.0,0.0,0.0027978084981441498,1
-353521749.0,1491741917.0,571140.0,121.0,200.0,0.0,10332.0,10.0,0.001048579579219222,0.000670802837703377,-2.5492067337036133,0.00023713489645160735,0.0003789321053773165,0.00036346769775263965,0.021453704684972763,0.02127048932015896,213.0,0.0,0.0027978084981441498,1
-353521749.0,1491741917.0,571140.0,121.0,200.0,0.0,10332.0,10.0,0.001051778206601739,0.0006797352689318359,-2.549116373062134,0.00017860363004729152,0.0003539490280672908,0.00043520884355530143,0.02155192941427231,0.0213925838470459,213.0,0.0,0.0026159025728702545,1
-353521749.0,1491741917.0,571140.0,121.0,200.0,0.0,10332.0,10.0,0.001051778206601739,0.0006797352689318359,-2.549116373062134,0.00017860363004729152,0.0003539490280672908,0.00043520884355530143,0.02155192941427231,0.0213925838470459,213.0,0.0,0.0026159025728702545,1
-353521749.0,1491741917.0,571140.0,121.0,200.0,0.0,10332.0,10.0,0.001051778206601739,0.0006797352689318359,-2.549116373062134,0.00017860363004729152,0.0003539490280672908,0.00043520884355530143,0.02155192941427231,0.0213925838470459,213.0,0.0,0.0026159025728702545,1
-353521749.0,1491741917.0,571140.0,121.0,200.0,0.0,10332.0,10.0,0.00105225236620754,0.0006788450991734862,-2.549025535583496,0.00022572948364540935,0.0002712348650675267,0.0004017360624857247,0.021399715915322304,0.021260349079966545,213.0,0.0,0.002438322175294161,1
-353521749.0,1491741917.0,571140.0,121.0,200.0,0.0,10332.0,10.0,0.00105225236620754,0.0006788450991734862,-2.549025535583496,0.00022572948364540935,0.0002712348650675267,0.0004017360624857247,0.021399715915322304,0.021260349079966545,213.0,0.0,0.002438322175294161,1
-353521749.0,1491741917.0,571140.0,121.0,200.0,0.0,10332.0,10.0,0.0010549520375207067,0.0006747368606738746,-2.548929214477539,0.00024023308651521802,0.00029820663621649146,0.0005045725265517831,0.021422119811177254,0.021302364766597748,213.0,0.0,0.0022619704250246286,1
-353521749.0,1491741917.0,571140.0,121.0,200.0,0.0,10332.0,10.0,0.0010549520375207067,0.0006747368606738746,-2.548929214477539,0.00024023308651521802,0.00029820663621649146,0.0005045725265517831,0.021422119811177254,0.021302364766597748,213.0,0.0,0.0022619704250246286,1
-353521749.0,1491741917.0,571140.0,121.0,200.0,0.0,10332.0,10.0,0.001065120566636324,0.0006771663320250809,-2.54883074760437,0.00021363943233154714,0.00031520045013166964,0.0004619418177753687,0.021573903039097786,0.02146407961845398,213.0,0.0,0.002174070104956627,1
-353521749.0,1491741917.0,571140.0,121.0,200.0,0.0,10332.0,10.0,0.001065120566636324,0.0006771663320250809,-2.54883074760437,0.00021363943233154714,0.00031520045013166964,0.0004619418177753687,0.021573903039097786,0.02146407961845398,213.0,0.0,0.002174070104956627,1
-353521749.0,1491741917.0,571140.0,121.0,200.0,0.0,10332.0,10.0,0.0010788008803501725,0.0006837768596597016,-2.5487377643585205,0.00021631948766298592,0.0003230044385418296,0.0004540866066236049,0.02171589434146881,0.021613257005810738,213.0,0.0,0.002108816523104906,1
-353521749.0,1491741917.0,571140.0,121.0,200.0,0.0,10332.0,10.0,0.0010788008803501725,0.0006837768596597016,-2.5487377643585205,0.00021631948766298592,0.0003230044385418296,0.0004540866066236049,0.02171589434146881,0.021613257005810738,213.0,0.0,0.002108816523104906,1
-353521749.0,1491741917.0,571140.0,121.0,200.0,0.0,10332.0,10.0,0.0010788008803501725,0.0006837768596597016,-2.5487377643585205,0.00021631948766298592,0.0003230044385418296,0.0004540866066236049,0.02171589434146881,0.021613257005810738,213.0,0.0,0.002108816523104906,1
-353521749.0,1491741917.0,571140.0,121.0,200.0,0.0,10332.0,10.0,0.0010776047129184008,0.0006768271559849381,-2.5486409664154053,0.0002745668462011963,0.00022498046746477485,0.0004007372772321105,0.021658124402165413,0.021563971415162086,213.0,0.0,0.002017304301261902,1
-353521749.0,1491741917.0,571140.0,121.0,200.0,0.0,10332.0,10.0,0.0010776047129184008,0.0006768271559849381,-2.5486409664154053,0.0002745668462011963,0.00022498046746477485,0.0004007372772321105,0.021658124402165413,0.021563971415162086,213.0,0.0,0.002017304301261902,1
-353521749.0,1491741917.0,571140.0,121.0,200.0,0.0,10332.0,10.0,0.0010752626694738865,0.0006679464713670313,-2.5485498905181885,0.0002607852511573583,0.00021431242930702865,0.0003341923002153635,0.021623514592647552,0.021546071395277977,213.0,0.0,0.0018284228863194585,1
-353521749.0,1491741917.0,571140.0,121.0,200.0,0.0,10332.0,10.0,0.0010752626694738865,0.0006679464713670313,-2.5485498905181885,0.0002607852511573583,0.00021431242930702865,0.0003341923002153635,0.021623514592647552,0.021546071395277977,213.0,0.0,0.0018284228863194585,1
-353521749.0,1491741917.0,571140.0,121.0,200.0,0.0,10332.0,10.0,0.001078707748092711,0.0006694698822684586,-2.548452615737915,0.00030236385646276176,0.00018419435946270823,0.0003660265065263957,0.0217011459171772,0.02163325995206833,213.0,0.0,0.001715168938972056,1
-353521749.0,1491741917.0,571140.0,121.0,200.0,0.0,10332.0,10.0,0.001078707748092711,0.0006694698822684586,-2.548452615737915,0.00030236385646276176,0.00018419435946270823,0.0003660265065263957,0.0217011459171772,0.02163325995206833,213.0,0.0,0.001715168938972056,1
-353521749.0,1491741917.0,571140.0,121.0,200.0,0.0,10332.0,10.0,0.0010923570953309536,0.0006797751993872225,-2.548361301422119,0.00021808184101246297,0.0003774506621994078,0.00040104438085108995,0.021786827594041824,0.021731583401560783,213.0,0.0,0.0015505111077800393,1
-353521749.0,1491741917.0,571140.0,121.0,200.0,0.0,10332.0,10.0,0.0010923570953309536,0.0006797751993872225,-2.548361301422119,0.00021808184101246297,0.0003774506621994078,0.00040104438085108995,0.021786827594041824,0.021731583401560783,213.0,0.0,0.0015505111077800393,1
-353521749.0,1491741917.0,571140.0,121.0,200.0,0.0,10332.0,10.0,0.0010816087014973164,0.0006786120939068496,-2.5482614040374756,0.00017661828314885497,0.00026213566889055073,0.00046693693730048835,0.021698586642742157,0.021649686619639397,213.0,0.0,0.0014559164410457015,1
-353521749.0,1491741917.0,571140.0,121.0,200.0,0.0,10332.0,10.0,0.0010816087014973164,0.0006786120939068496,-2.5482614040374756,0.00017661828314885497,0.00026213566889055073,0.00046693693730048835,0.021698586642742157,0.021649686619639397,213.0,0.0,0.0014559164410457015,1
-353521749.0,1491741917.0,571140.0,121.0,200.0,0.0,10332.0,10.0,0.0010758563876152039,0.0006739781820215285,-2.5481674671173096,0.00021286713308654726,0.00020920400856994092,0.0005263825296424329,0.021702662110328674,0.021660421043634415,214.0,0.0,0.0013533983146771789,1
-353521749.0,1491741917.0,571140.0,121.0,200.0,0.0,10332.0,10.0,0.0010758563876152039,0.0006739781820215285,-2.5481674671173096,0.00021286713308654726,0.00020920400856994092,0.0005263825296424329,0.021702662110328674,0.021660421043634415,214.0,0.0,0.0013533983146771789,1
-353521749.0,1491741917.0,571140.0,121.0,200.0,0.0,10332.0,10.0,0.0010766398627310991,0.000677600153721869,-2.5480740070343018,0.00023860580404289067,0.0003520258469507098,0.0004786655481439084,0.02180355228483677,0.021766124293208122,214.0,0.0,0.001277020201086998,0
-353521749.0,1491741917.0,571140.0,121.0,200.0,0.0,10332.0,10.0,0.0010766398627310991,0.000677600153721869,-2.5480740070343018,0.00023860580404289067,0.0003520258469507098,0.0004786655481439084,0.02180355228483677,0.021766124293208122,214.0,0.0,0.001277020201086998,0
-353521749.0,1491741917.0,571140.0,121.0,200.0,0.0,10332.0,10.0,0.0010766398627310991,0.000677600153721869,-2.5480740070343018,0.00023860580404289067,0.0003520258469507098,0.0004786655481439084,0.02180355228483677,0.021766124293208122,214.0,0.0,0.001277020201086998,0
-353521749.0,1491741917.0,571140.0,121.0,200.0,0.0,10332.0,10.0,0.0010856579756364226,0.0006886440678499639,-2.5479788780212402,0.0002399334916844964,0.00025299849221482873,0.0005224430933594704,0.02190273068845272,0.021871292963624,214.0,0.0,0.0011730830883607268,0
-353521749.0,1491741917.0,571140.0,121.0,200.0,0.0,10332.0,10.0,0.0010856579756364226,0.0006886440678499639,-2.5479788780212402,0.0002399334916844964,0.00025299849221482873,0.0005224430933594704,0.02190273068845272,0.021871292963624,214.0,0.0,0.0011730830883607268,0
-353521749.0,1491741917.0,571140.0,121.0,200.0,0.0,10332.0,10.0,0.0010802745819091797,0.0006867889896966517,-2.5478808879852295,0.00015902231098152697,0.00031981768552213907,0.0005094403168186545,0.021647008135914803,0.021624399349093437,214.0,0.0,0.0009890866931527853,0
-353521749.0,1491741917.0,571140.0,121.0,200.0,0.0,10332.0,10.0,0.0010802745819091797,0.0006867889896966517,-2.5478808879852295,0.00015902231098152697,0.00031981768552213907,0.0005094403168186545,0.021647008135914803,0.021624399349093437,214.0,0.0,0.0009890866931527853,0
-353521749.0,1491741917.0,571140.0,121.0,200.0,0.0,10332.0,10.0,0.0010805221972987056,0.0006896948907524347,-2.5477845668792725,0.00024762676912359893,0.000273354584351182,0.000507847813423723,0.02179570123553276,0.02177976258099079,214.0,0.0,0.0008333090227097273,0
-353521749.0,1491741917.0,571140.0,121.0,200.0,0.0,10332.0,10.0,0.0010805221972987056,0.0006896948907524347,-2.5477845668792725,0.00024762676912359893,0.000273354584351182,0.000507847813423723,0.02179570123553276,0.02177976258099079,214.0,0.0,0.0008333090227097273,0
-353521749.0,1491741917.0,571140.0,121.0,200.0,0.0,10332.0,10.0,0.001075960579328239,0.0006901084561832249,-2.5476863384246826,0.00015228649135679007,0.0003743692359421402,0.000506421725731343,0.02194390632212162,0.021933499723672867,214.0,0.0,0.0006757349474355578,0
-353521749.0,1491741917.0,571140.0,121.0,200.0,0.0,10332.0,10.0,0.001075960579328239,0.0006901084561832249,-2.5476863384246826,0.00015228649135679007,0.0003743692359421402,0.000506421725731343,0.02194390632212162,0.021933499723672867,214.0,0.0,0.0006757349474355578,0
-353521749.0,1491741917.0,571140.0,121.0,200.0,0.0,10332.0,10.0,0.00108307134360075,0.000695690221618861,-2.547595977783203,0.00021986171486787498,0.00021075108088552952,0.00051177351269871,0.021965311840176582,0.021959027275443077,214.0,0.0,0.0005254933494143188,0
-353521749.0,1491741917.0,571140.0,121.0,200.0,0.0,10332.0,10.0,0.00108307134360075,0.000695690221618861,-2.547595977783203,0.00021986171486787498,0.00021075108088552952,0.00051177351269871,0.021965311840176582,0.021959027275443077,214.0,0.0,0.0005254933494143188,0
-353521749.0,1491741917.0,571140.0,121.0,200.0,0.0,10332.0,10.0,0.00108307134360075,0.000695690221618861,-2.547595977783203,0.00021986171486787498,0.00021075108088552952,0.00051177351269871,0.021965311840176582,0.021959027275443077,214.0,0.0,0.0005254933494143188,0
-353521749.0,1491741917.0,571140.0,121.0,200.0,0.0,10332.0,10.0,0.0010785417398437858,0.0006993052666075528,-2.5475008487701416,0.00021335086785256863,0.0003188815317116678,0.0004957756027579308,0.021790243685245514,0.02178630419075489,214.0,0.0,0.0004143585101701319,0
-353521749.0,1491741917.0,571140.0,121.0,200.0,0.0,10332.0,10.0,0.0010785417398437858,0.0006993052666075528,-2.5475008487701416,0.00021335086785256863,0.0003188815317116678,0.0004957756027579308,0.021790243685245514,0.02178630419075489,214.0,0.0,0.0004143585101701319,0
-353521749.0,1491741917.0,571140.0,121.0,200.0,0.0,10332.0,10.0,0.0010710806818678975,0.0006952594849281013,-2.547403335571289,0.00024979200679808855,0.00024179011234082282,0.000505011179484427,0.02185158245265484,0.02184775099158287,214.0,0.0,0.00040918856393545866,0
-353521749.0,1491741917.0,571140.0,121.0,200.0,0.0,10332.0,10.0,0.0010710806818678975,0.0006952594849281013,-2.547403335571289,0.00024979200679808855,0.00024179011234082282,0.000505011179484427,0.02185158245265484,0.02184775099158287,214.0,0.0,0.00040918856393545866,0
-353521749.0,1491741917.0,571140.0,121.0,200.0,0.0,10332.0,10.0,0.0010720569407567382,0.0006953850970603526,-2.547304630279541,0.00019848719239234924,0.00031981311622075737,0.0004350875969976187,0.02199908345937729,0.021996065974235535,214.0,0.0,0.0003644452372100204,0
-353521749.0,1491741917.0,571140.0,121.0,200.0,0.0,10332.0,10.0,0.0010720569407567382,0.0006953850970603526,-2.547304630279541,0.00019848719239234924,0.00031981311622075737,0.0004350875969976187,0.02199908345937729,0.021996065974235535,214.0,0.0,0.0003644452372100204,0
-353521749.0,1491741917.0,571140.0,121.0,200.0,0.0,10332.0,10.0,0.0010771933011710644,0.0007051043794490397,-2.547212600708008,0.0001860785996541381,0.00035093369660899043,0.0004491009749472141,0.02204545959830284,0.02204379253089428,214.0,0.0,0.00027098358259536326,0
-353521749.0,1491741917.0,571140.0,121.0,200.0,0.0,10332.0,10.0,0.0010771933011710644,0.0007051043794490397,-2.547212600708008,0.0001860785996541381,0.00035093369660899043,0.0004491009749472141,0.02204545959830284,0.02204379253089428,214.0,0.0,0.00027098358259536326,0
-353521749.0,1491741917.0,571140.0,121.0,200.0,0.0,10332.0,10.0,0.0010771933011710644,0.0007051043794490397,-2.547212600708008,0.0001860785996541381,0.00035093369660899043,0.0004491009749472141,0.02204545959830284,0.02204379253089428,214.0,0.0,0.00027098358259536326,0
-353521749.0,1491741917.0,571140.0,121.0,200.0,0.0,10332.0,10.0,0.0010756200645118952,0.0006994561990723014,-2.5471181869506836,0.0002532438957132399,0.0003067280340474099,0.00046675471821799874,0.021934226155281067,0.021932289004325867,214.0,0.0,0.0002915346121881157,0
-353521749.0,1491741917.0,571140.0,121.0,200.0,0.0,10332.0,10.0,0.0010756200645118952,0.0006994561990723014,-2.5471181869506836,0.0002532438957132399,0.0003067280340474099,0.00046675471821799874,0.021934226155281067,0.021932289004325867,214.0,0.0,0.0002915346121881157,0
-353521749.0,1491741917.0,571140.0,121.0,200.0,0.0,10332.0,10.0,0.0010672019561752677,0.0006976168369874358,-2.5470197200775146,0.00017422885866835713,0.0001978356158360839,0.00045568670611828566,0.021876290440559387,0.021874232217669487,214.0,0.0,0.0003001858713105321,0
-353521749.0,1491741917.0,571140.0,121.0,200.0,0.0,10332.0,10.0,0.0010672019561752677,0.0006976168369874358,-2.5470197200775146,0.00017422885866835713,0.0001978356158360839,0.00045568670611828566,0.021876290440559387,0.021874232217669487,214.0,0.0,0.0003001858713105321,0
-353521749.0,1491741917.0,571140.0,121.0,200.0,0.0,10332.0,10.0,0.0010668340837582946,0.0006941896281205118,-2.5469186305999756,0.000224140880163759,0.00035933201434090734,0.0005120117566548288,0.02198319137096405,0.021982401609420776,214.0,0.0,0.0001862536882981658,0
-353521749.0,1491741917.0,571140.0,121.0,200.0,0.0,10332.0,10.0,0.0010668340837582946,0.0006941896281205118,-2.5469186305999756,0.000224140880163759,0.00035933201434090734,0.0005120117566548288,0.02198319137096405,0.021982401609420776,214.0,0.0,0.0001862536882981658,0
-353521749.0,1491741917.0,571140.0,121.0,200.0,0.0,10332.0,10.0,0.0010646774899214506,0.0007020826451480389,-2.5468249320983887,0.000173564360011369,0.00031692272750660777,0.0005009554442949593,0.022006163373589516,0.022005580365657806,214.0,0.0,0.00016042821516748518,0
-353521749.0,1491741917.0,571140.0,121.0,200.0,0.0,10332.0,10.0,0.0010646774899214506,0.0007020826451480389,-2.5468249320983887,0.000173564360011369,0.00031692272750660777,0.0005009554442949593,0.022006163373589516,0.022005580365657806,214.0,0.0,0.00016042821516748518,0
-353521749.0,1491741917.0,571140.0,121.0,200.0,0.0,10332.0,10.0,0.0010659416439011693,0.0006999091128818691,-2.546731472015381,0.00025089719565585256,0.00034346236498095095,0.0005692316335625947,0.02188950404524803,0.02188916876912117,214.0,0.0,0.00012096501450287178,0
-353521749.0,1491741917.0,571140.0,121.0,200.0,0.0,10332.0,10.0,0.0010659416439011693,0.0006999091128818691,-2.546731472015381,0.00025089719565585256,0.00034346236498095095,0.0005692316335625947,0.02188950404524803,0.02188916876912117,214.0,0.0,0.00012096501450287178,0
-353521749.0,1491741917.0,571140.0,121.0,200.0,0.0,10332.0,10.0,0.0010626272996887565,0.0007097486522980034,-2.5466370582580566,0.00021051475778222084,0.0003243308747187257,0.0004834119463339448,0.021962212398648262,0.02196129783987999,214.0,0.0,0.00020063042757101357,0
-353521749.0,1491741917.0,571140.0,121.0,200.0,0.0,10332.0,10.0,0.0010626272996887565,0.0007097486522980034,-2.5466370582580566,0.00021051475778222084,0.0003243308747187257,0.0004834119463339448,0.021962212398648262,0.02196129783987999,214.0,0.0,0.00020063042757101357,0
-353521749.0,1491741917.0,571140.0,121.0,200.0,0.0,10332.0,10.0,0.0010626272996887565,0.0007097486522980034,-2.5466370582580566,0.00021051475778222084,0.0003243308747187257,0.0004834119463339448,0.021962212398648262,0.02196129783987999,214.0,0.0,0.00020063042757101357,0
-353521749.0,1491741917.0,571140.0,121.0,200.0,0.0,10332.0,10.0,0.0010670637711882591,0.0007116039632819593,-2.546539068222046,0.0002839182270690799,0.00024971505627036095,0.0005016274517402053,0.022141601890325546,0.022140411660075188,214.0,0.0,0.00022966822143644094,0
-353521749.0,1491741917.0,571140.0,121.0,200.0,0.0,10332.0,10.0,0.0010670637711882591,0.0007116039632819593,-2.546539068222046,0.0002839182270690799,0.00024971505627036095,0.0005016274517402053,0.022141601890325546,0.022140411660075188,214.0,0.0,0.00022966822143644094,0
-353521749.0,1491741917.0,571140.0,121.0,200.0,0.0,10332.0,10.0,0.001074320520274341,0.0007150935125537217,-2.5464439392089844,0.00018193165306001902,0.0002788834972307086,0.0005395109765231609,0.022206561639904976,0.02220550924539566,214.0,0.0,0.00021607440430670977,0
-353521749.0,1491741917.0,571140.0,121.0,200.0,0.0,10332.0,10.0,0.001074320520274341,0.0007150935125537217,-2.5464439392089844,0.00018193165306001902,0.0002788834972307086,0.0005395109765231609,0.022206561639904976,0.02220550924539566,214.0,0.0,0.00021607440430670977,0
-353521749.0,1491741917.0,571140.0,121.0,200.0,0.0,10332.0,10.0,0.0010744674364104867,0.0007162889814935625,-2.5463523864746094,0.00025677576195448637,0.00032215839019045234,0.0005840176017954946,0.022034872323274612,0.022034168243408203,214.0,0.0,0.0001759068254614249,0
-353521749.0,1491741917.0,571140.0,121.0,200.0,0.0,10332.0,10.0,0.0010744674364104867,0.0007162889814935625,-2.5463523864746094,0.00025677576195448637,0.00032215839019045234,0.0005840176017954946,0.022034872323274612,0.022034168243408203,214.0,0.0,0.0001759068254614249,0
-353521749.0,1491741917.0,571140.0,121.0,200.0,0.0,10332.0,10.0,0.0010675684316083789,0.000715453177690506,-2.546261787414551,0.00018864910816773772,0.00028315529925748706,0.0006361561245284975,0.022098692134022713,0.022098196670413017,214.0,0.0,0.0001482166990172118,0
-353521749.0,1491741917.0,571140.0,121.0,200.0,0.0,10332.0,10.0,0.0010675684316083789,0.000715453177690506,-2.546261787414551,0.00018864910816773772,0.00028315529925748706,0.0006361561245284975,0.022098692134022713,0.022098196670413017,214.0,0.0,0.0001482166990172118,0
-353521749.0,1491741917.0,571140.0,121.0,200.0,0.0,10332.0,10.0,0.0010739417048171163,0.0007142310496419668,-2.546166181564331,0.00016102800145745277,0.0002318995539098978,0.0005928862374275923,0.02227151021361351,0.022271472960710526,214.0,0.0,4.1200015402864665e-05,0
-353521749.0,1491741917.0,571140.0,121.0,200.0,0.0,10332.0,10.0,0.0010739417048171163,0.0007142310496419668,-2.546166181564331,0.00016102800145745277,0.0002318995539098978,0.0005928862374275923,0.02227151021361351,0.022271472960710526,214.0,0.0,4.1200015402864665e-05,0
-353521749.0,1491741917.0,571140.0,121.0,200.0,0.0,10332.0,10.0,0.0010753696551546454,0.0007224613800644875,-2.5460708141326904,0.00015107868239283562,0.00025408982764929533,0.0005024893907830119,0.02232278510928154,0.022322768345475197,214.0,0.0,2.7560939997783862e-05,0
-353521749.0,1491741917.0,571140.0,121.0,200.0,0.0,10332.0,10.0,0.0010753696551546454,0.0007224613800644875,-2.5460708141326904,0.00015107868239283562,0.00025408982764929533,0.0005024893907830119,0.02232278510928154,0.022322768345475197,214.0,0.0,2.7560939997783862e-05,0
-353521749.0,1491741917.0,571140.0,121.0,200.0,0.0,10332.0,10.0,0.0010753696551546454,0.0007224613800644875,-2.5460708141326904,0.00015107868239283562,0.00025408982764929533,0.0005024893907830119,0.02232278510928154,0.022322768345475197,214.0,0.0,2.7560939997783862e-05,0
-353521749.0,1491741917.0,571140.0,121.0,200.0,0.0,10332.0,10.0,0.0010665508452802896,0.0007169927121140063,-2.5459787845611572,0.00016083871014416218,0.00033095551771111786,0.0005121746798977256,0.022245170548558235,0.02224515937268734,214.0,0.0,-2.161857446481008e-05,0
-353521749.0,1491741917.0,571140.0,121.0,200.0,0.0,10332.0,10.0,0.0010665508452802896,0.0007169927121140063,-2.5459787845611572,0.00016083871014416218,0.00033095551771111786,0.0005121746798977256,0.022245170548558235,0.02224515937268734,214.0,0.0,-2.161857446481008e-05,0
-353521749.0,1491741917.0,571140.0,121.0,200.0,0.0,10332.0,10.0,0.001069949590601027,0.000712124106939882,-2.5458824634552,0.00027271296130493283,0.00025224790442734957,0.000550318043678999,0.022215094417333603,0.022214848548173904,214.0,0.0,-0.00010413647396489978,0
-353521749.0,1491741917.0,571140.0,121.0,200.0,0.0,10332.0,10.0,0.001069949590601027,0.000712124106939882,-2.5458824634552,0.00027271296130493283,0.00025224790442734957,0.000550318043678999,0.022215094417333603,0.022214848548173904,214.0,0.0,-0.00010413647396489978,0
-353521749.0,1491741917.0,571140.0,121.0,200.0,0.0,10332.0,10.0,0.001072995481081307,0.0007149103912524879,-2.5457842350006104,0.00025752856163308024,0.00034061045153066516,0.0005836933851242065,0.022314485162496567,0.02231428027153015,214.0,0.0,-9.511021198704839e-05,0
-353521749.0,1491741917.0,571140.0,121.0,200.0,0.0,10332.0,10.0,0.001072995481081307,0.0007149103912524879,-2.5457842350006104,0.00025752856163308024,0.00034061045153066516,0.0005836933851242065,0.022314485162496567,0.02231428027153015,214.0,0.0,-9.511021198704839e-05,0
-353521749.0,1491741917.0,571140.0,121.0,200.0,0.0,10332.0,10.0,0.0010755809489637613,0.0007144283736124635,-2.5456788539886475,0.00026351347332820296,0.0002834720362443477,0.0005698673194274306,0.022362764924764633,0.022362712770700455,214.0,0.0,-4.733121022582054e-05,0
-353521749.0,1491741917.0,571140.0,121.0,200.0,0.0,10332.0,10.0,0.0010755809489637613,0.0007144283736124635,-2.5456788539886475,0.00026351347332820296,0.0002834720362443477,0.0005698673194274306,0.022362764924764633,0.022362712770700455,214.0,0.0,-4.733121022582054e-05,0
-353521749.0,1491741917.0,571140.0,121.0,200.0,0.0,10332.0,10.0,0.0010755809489637613,0.0007144283736124635,-2.5456788539886475,0.00026351347332820296,0.0002834720362443477,0.0005698673194274306,0.022362764924764633,0.022362712770700455,214.0,0.0,-4.733121022582054e-05,0
-353521749.0,1491741917.0,571140.0,121.0,200.0,0.0,10332.0,10.0,0.0010758411372080445,0.0007180542452260852,-2.5455851554870605,0.00022996874758973718,0.00037532293936237693,0.0005453804042190313,0.022251838818192482,0.022251704707741737,214.0,0.0,-7.716574327787384e-05,0
-353521749.0,1491741917.0,571140.0,121.0,200.0,0.0,10332.0,10.0,0.0010758411372080445,0.0007180542452260852,-2.5455851554870605,0.00022996874758973718,0.00037532293936237693,0.0005453804042190313,0.022251838818192482,0.022251704707741737,214.0,0.0,-7.716574327787384e-05,0
-353521749.0,1491741917.0,571140.0,121.0,200.0,0.0,10332.0,10.0,0.0010744049213826656,0.0007173646008595824,-2.5454888343811035,0.00018013943918049335,0.00028194920741952956,0.0005386699922382832,0.022002294659614563,0.022002287209033966,214.0,0.0,1.8880651623476297e-05,0
-353521749.0,1491741917.0,571140.0,121.0,200.0,0.0,10332.0,10.0,0.0010744049213826656,0.0007173646008595824,-2.5454888343811035,0.00018013943918049335,0.00028194920741952956,0.0005386699922382832,0.022002294659614563,0.022002287209033966,214.0,0.0,1.8880651623476297e-05,0
-353521749.0,1491741917.0,571140.0,121.0,200.0,0.0,10332.0,10.0,0.0010787304490804672,0.0007196757942438126,-2.545391798019409,0.00014599121641367674,0.0003021716547664255,0.0005994180683046579,0.02223045378923416,0.02223045378923416,214.0,0.0,4.921922027278924e-06,0
-353521749.0,1491741917.0,571140.0,121.0,200.0,0.0,10332.0,10.0,0.0010787304490804672,0.0007196757942438126,-2.545391798019409,0.00014599121641367674,0.0003021716547664255,0.0005994180683046579,0.02223045378923416,0.02223045378923416,214.0,0.0,4.921922027278924e-06,0
-353521749.0,1491741917.0,571140.0,121.0,200.0,0.0,10332.0,10.0,0.0010850594844669104,0.0007255799137055874,-2.5452990531921387,0.00019865669310092926,0.00020454355399124324,0.000583506072871387,0.022331414744257927,0.022331416606903076,214.0,0.0,-5.157671694178134e-06,0
-353521749.0,1491741917.0,571140.0,121.0,200.0,0.0,10332.0,10.0,0.0010850594844669104,0.0007255799137055874,-2.5452990531921387,0.00019865669310092926,0.00020454355399124324,0.000583506072871387,0.022331414744257927,0.022331416606903076,214.0,0.0,-5.157671694178134e-06,0
-353521749.0,1491741917.0,571140.0,121.0,200.0,0.0,10332.0,10.0,0.0010850594844669104,0.0007255799137055874,-2.5452990531921387,0.00019865669310092926,0.00020454355399124324,0.000583506072871387,0.022331414744257927,0.022331416606903076,214.0,0.0,-5.157671694178134e-06,0
-353521749.0,1491741917.0,571140.0,121.0,200.0,0.0,10332.0,10.0,0.0010837770532816648,0.0007225245353765786,-2.545200824737549,0.0001027249381877482,0.0003634833556134254,0.0005836489144712687,0.022185517475008965,0.02218540944159031,214.0,0.0,-6.934023258509114e-05,0
-353521749.0,1491741917.0,571140.0,121.0,200.0,0.0,10332.0,10.0,0.0010837770532816648,0.0007225245353765786,-2.545200824737549,0.0001027249381877482,0.0003634833556134254,0.0005836489144712687,0.022185517475008965,0.02218540944159031,214.0,0.0,-6.934023258509114e-05,0
-353521749.0,1491741917.0,571140.0,121.0,200.0,0.0,10332.0,10.0,0.001081528957001865,0.0007185473805293441,-2.545100212097168,0.00024882348952814937,0.00031496514566242695,0.0006044345209375024,0.02216207981109619,0.02216159552335739,214.0,0.0,-0.00014675880083814263,0
-353521749.0,1491741917.0,571140.0,121.0,200.0,0.0,10332.0,10.0,0.001081528957001865,0.0007185473805293441,-2.545100212097168,0.00024882348952814937,0.00031496514566242695,0.0006044345209375024,0.02216207981109619,0.02216159552335739,214.0,0.0,-0.00014675880083814263,0
-353521749.0,1491741917.0,571140.0,121.0,200.0,0.0,10332.0,10.0,0.0010843109339475632,0.0007180512184277177,-2.545011520385742,0.00025275314692407846,0.0002585452457424253,0.0005791580188088119,0.022309210151433945,0.022308778017759323,214.0,0.0,-0.0001390286925015971,0
-353521749.0,1491741917.0,571140.0,121.0,200.0,0.0,10332.0,10.0,0.0010843109339475632,0.0007180512184277177,-2.545011520385742,0.00025275314692407846,0.0002585452457424253,0.0005791580188088119,0.022309210151433945,0.022308778017759323,214.0,0.0,-0.0001390286925015971,0
-353521749.0,1491741917.0,571140.0,121.0,200.0,0.0,10332.0,10.0,0.001087693963199854,0.0007158142980188131,-2.544919490814209,0.0001967684947885573,0.0002466711448505521,0.0005744983209297061,0.022446896880865097,0.022446218878030777,214.0,0.0,-0.00017448014114052057,0
-353521749.0,1491741917.0,571140.0,121.0,200.0,0.0,10332.0,10.0,0.001087693963199854,0.0007158142980188131,-2.544919490814209,0.0001967684947885573,0.0002466711448505521,0.0005744983209297061,0.022446896880865097,0.022446218878030777,214.0,0.0,-0.00017448014114052057,0
-353521749.0,1491741917.0,571140.0,121.0,200.0,0.0,10332.0,10.0,0.0010751207591965795,0.0007174733909778297,-2.5448222160339355,0.00024696101900190115,0.00037372755468823016,0.0005463457200676203,0.022189771756529808,0.022189438343048096,214.0,0.0,-0.00012143401545472443,0
-353521749.0,1491741917.0,571140.0,121.0,200.0,0.0,10332.0,10.0,0.0010751207591965795,0.0007174733909778297,-2.5448222160339355,0.00024696101900190115,0.00037372755468823016,0.0005463457200676203,0.022189771756529808,0.022189438343048096,214.0,0.0,-0.00012143401545472443,0
-353521749.0,1491741917.0,571140.0,121.0,200.0,0.0,10332.0,10.0,0.001075283857062459,0.0007158304797485471,-2.544734239578247,0.00018321326933801174,0.0002649555681273341,0.0005561122670769691,0.022209234535694122,0.022209135815501213,214.0,0.0,-6.605610542465001e-05,0
-353521749.0,1491741917.0,571140.0,121.0,200.0,0.0,10332.0,10.0,0.001075283857062459,0.0007158304797485471,-2.544734239578247,0.00018321326933801174,0.0002649555681273341,0.0005561122670769691,0.022209234535694122,0.022209135815501213,214.0,0.0,-6.605610542465001e-05,0
-353521749.0,1491741917.0,571140.0,121.0,200.0,0.0,10332.0,10.0,0.0010788923827931285,0.0007155685452744365,-2.5446407794952393,0.00019207462901249528,0.0002809793222695589,0.0006064042681828141,0.022300351411104202,0.02230033464729786,214.0,0.0,-2.7780875825555995e-05,0
-353521749.0,1491741917.0,571140.0,121.0,200.0,0.0,10332.0,10.0,0.0010788923827931285,0.0007155685452744365,-2.5446407794952393,0.00019207462901249528,0.0002809793222695589,0.0006064042681828141,0.022300351411104202,0.02230033464729786,214.0,0.0,-2.7780875825555995e-05,0
-353521749.0,1491741917.0,571140.0,121.0,200.0,0.0,10332.0,10.0,0.0010800805175676942,0.0007095746695995331,-2.5445423126220703,0.00025829323567450047,0.00027412158669903874,0.0006528125959448516,0.022348914295434952,0.02234862558543682,214.0,0.0,-0.00011330729466862977,0
-353521749.0,1491741917.0,571140.0,121.0,200.0,0.0,10332.0,10.0,0.0010800805175676942,0.0007095746695995331,-2.5445423126220703,0.00025829323567450047,0.00027412158669903874,0.0006528125959448516,0.022348914295434952,0.02234862558543682,214.0,0.0,-0.00011330729466862977,0
-353521749.0,1491741917.0,571140.0,121.0,200.0,0.0,10332.0,10.0,0.0010800805175676942,0.0007095746695995331,-2.5445423126220703,0.00025829323567450047,0.00027412158669903874,0.0006528125959448516,0.022348914295434952,0.02234862558543682,214.0,0.0,-0.00011330729466862977,0
-353521749.0,1491741917.0,571140.0,121.0,200.0,0.0,10332.0,10.0,0.0010757960844784975,0.0007021636120043695,-2.5444488525390625,0.00014448165893554688,0.00043381022987887263,0.0006167548126541078,0.022200722247362137,0.022200724110007286,214.0,0.0,-3.872826255246764e-06,0
-353521749.0,1491741917.0,571140.0,121.0,200.0,0.0,10332.0,10.0,0.0010757960844784975,0.0007021636120043695,-2.5444488525390625,0.00014448165893554688,0.00043381022987887263,0.0006167548126541078,0.022200722247362137,0.022200724110007286,214.0,0.0,-3.872826255246764e-06,0
-353521749.0,1491741917.0,571140.0,121.0,200.0,0.0,10332.0,10.0,0.0010749981738626957,0.0006977369193919003,-2.5443508625030518,0.00019840605091303587,0.0002982021542266011,0.0006355299847200513,0.022238843142986298,0.022238843142986298,214.0,0.0,4.304118192521855e-06,0
-353521749.0,1491741917.0,571140.0,121.0,200.0,0.0,10332.0,10.0,0.0010749981738626957,0.0006977369193919003,-2.5443508625030518,0.00019840605091303587,0.0002982021542266011,0.0006355299847200513,0.022238843142986298,0.022238843142986298,214.0,0.0,4.304118192521855e-06,0
-353521749.0,1491741917.0,571140.0,121.0,200.0,0.0,10332.0,10.0,0.0010803068289533257,0.000700604054145515,-2.5442569255828857,0.00022125878604128957,0.0003202439984306693,0.000618895108345896,0.02230561338365078,0.02230561152100563,214.0,0.0,-4.576021638058592e-06,0
-353521749.0,1491741917.0,571140.0,121.0,200.0,0.0,10332.0,10.0,0.0010803068289533257,0.000700604054145515,-2.5442569255828857,0.00022125878604128957,0.0003202439984306693,0.000618895108345896,0.02230561338365078,0.02230561152100563,214.0,0.0,-4.576021638058592e-06,0
-353521749.0,1491741917.0,571140.0,121.0,200.0,0.0,10332.0,10.0,0.0010839416645467281,0.0007015930605120957,-2.5441644191741943,0.00025741191348060966,0.00028100074268877506,0.0006254201871342957,0.022389071062207222,0.02238902822136879,214.0,0.0,4.266206087777391e-05,0
-353521749.0,1491741917.0,571140.0,121.0,200.0,0.0,10332.0,10.0,0.0010839416645467281,0.0007015930605120957,-2.5441644191741943,0.00025741191348060966,0.00028100074268877506,0.0006254201871342957,0.022389071062207222,0.02238902822136879,214.0,0.0,4.266206087777391e-05,0
-353521749.0,1491741917.0,571140.0,121.0,200.0,0.0,10332.0,10.0,0.0010802692268043756,0.00069413025630638,-2.5440726280212402,0.00018176273442804813,0.00029213522793725133,0.0006476307171396911,0.02217998169362545,0.022179732099175453,214.0,0.0,0.00010510268475627527,0
-353521749.0,1491741917.0,571140.0,121.0,200.0,0.0,10332.0,10.0,0.0010802692268043756,0.00069413025630638,-2.5440726280212402,0.00018176273442804813,0.00029213522793725133,0.0006476307171396911,0.02217998169362545,0.022179732099175453,214.0,0.0,0.00010510268475627527,0
-353521749.0,1491741917.0,571140.0,121.0,200.0,0.0,10332.0,10.0,0.0010770013323053718,0.0006948548252694309,-2.5439813137054443,0.0002463933196850121,0.0003340907860547304,0.0006033062236383557,0.022135624662041664,0.02213548682630062,214.0,0.0,7.826132787158713e-05,0
-353521749.0,1491741917.0,571140.0,121.0,200.0,0.0,10332.0,10.0,0.0010770013323053718,0.0006948548252694309,-2.5439813137054443,0.0002463933196850121,0.0003340907860547304,0.0006033062236383557,0.022135624662041664,0.02213548682630062,214.0,0.0,7.826132787158713e-05,0
-353521749.0,1491741917.0,571140.0,121.0,200.0,0.0,10332.0,10.0,0.0010852020932361484,0.0006946909707039595,-2.5438902378082275,0.00017872836906462908,0.00034623779356479645,0.0006716647185385227,0.022265585139393806,0.022265423089265823,214.0,0.0,8.522368443664163e-05,0
-353521749.0,1491741917.0,571140.0,121.0,200.0,0.0,10332.0,10.0,0.0010852020932361484,0.0006946909707039595,-2.5438902378082275,0.00017872836906462908,0.00034623779356479645,0.0006716647185385227,0.022265585139393806,0.022265423089265823,214.0,0.0,8.522368443664163e-05,0
-353521749.0,1491741917.0,571140.0,121.0,200.0,0.0,10332.0,10.0,0.001091308193281293,0.0007034903392195702,-2.54379940032959,0.00019292783690616488,0.0002849888405762613,0.0006791158812120557,0.022373594343662262,0.02237335592508316,214.0,0.0,0.00010361673776060343,0
-353521749.0,1491741917.0,571140.0,121.0,200.0,0.0,10332.0,10.0,0.001091308193281293,0.0007034903392195702,-2.54379940032959,0.00019292783690616488,0.0002849888405762613,0.0006791158812120557,0.022373594343662262,0.02237335592508316,214.0,0.0,0.00010361673776060343,0
-353521749.0,1491741917.0,571140.0,121.0,200.0,0.0,10332.0,10.0,0.001091308193281293,0.0007034903392195702,-2.54379940032959,0.00019292783690616488,0.0002849888405762613,0.0006791158812120557,0.022373594343662262,0.02237335592508316,214.0,0.0,0.00010361673776060343,0
-353521749.0,1491741917.0,571140.0,121.0,200.0,0.0,10332.0,10.0,0.0010849920799955726,0.000702290388289839,-2.5437047481536865,0.0002106101019307971,0.00029238418210297823,0.0005887809093110263,0.022204028442502022,0.022204026579856873,214.0,0.0,6.333473265840439e-07,0
-353521749.0,1491741917.0,571140.0,121.0,200.0,0.0,10332.0,10.0,0.0010849920799955726,0.000702290388289839,-2.5437047481536865,0.0002106101019307971,0.00029238418210297823,0.0005887809093110263,0.022204028442502022,0.022204026579856873,214.0,0.0,6.333473265840439e-07,0
-353521749.0,1491741917.0,571140.0,121.0,200.0,0.0,10332.0,10.0,0.0010860585607588291,0.0007054961752146482,-2.543612003326416,0.0002469857572577894,0.00034034723648801446,0.0006102406769059598,0.02214946784079075,0.022149357944726944,214.0,0.0,7.029792323010042e-05,0
-353521749.0,1491741917.0,571140.0,121.0,200.0,0.0,10332.0,10.0,0.0010860585607588291,0.0007054961752146482,-2.543612003326416,0.0002469857572577894,0.00034034723648801446,0.0006102406769059598,0.02214946784079075,0.022149357944726944,214.0,0.0,7.029792323010042e-05,0
-353521749.0,1491741917.0,571140.0,121.0,200.0,0.0,10332.0,10.0,0.0010892346035689116,0.0007058861665427685,-2.5435221195220947,0.0002155519905500114,0.00025746022583916783,0.0005977314431220293,0.022381141781806946,0.0223811287432909,214.0,0.0,2.445023346808739e-05,0
-353521749.0,1491741917.0,571140.0,121.0,200.0,0.0,10332.0,10.0,0.0010892346035689116,0.0007058861665427685,-2.5435221195220947,0.0002155519905500114,0.00025746022583916783,0.0005977314431220293,0.022381141781806946,0.0223811287432909,214.0,0.0,2.445023346808739e-05,0
-353521749.0,1491741917.0,571140.0,121.0,200.0,0.0,10332.0,10.0,0.0010948702692985535,0.0007127192802727222,-2.5434303283691406,0.00020753941498696804,0.000355711265001446,0.0006248053396120667,0.022379480302333832,0.022379480302333832,214.0,0.0,-7.073859251249814e-06,0
-353521749.0,1491741917.0,571140.0,121.0,200.0,0.0,10332.0,10.0,0.0010948702692985535,0.0007127192802727222,-2.5434303283691406,0.00020753941498696804,0.000355711265001446,0.0006248053396120667,0.022379480302333832,0.022379480302333832,214.0,0.0,-7.073859251249814e-06,0
-353521749.0,1491741917.0,571140.0,121.0,200.0,0.0,10332.0,10.0,0.0010961104417219758,0.0007068392587825656,-2.5433406829833984,0.0002623173641040921,0.00026594381779432297,0.0005553611554205418,0.02218526229262352,0.02218526415526867,214.0,0.0,1.940020410984289e-06,0
-353521749.0,1491741917.0,571140.0,121.0,200.0,0.0,10332.0,10.0,0.0010961104417219758,0.0007068392587825656,-2.5433406829833984,0.0002623173641040921,0.00026594381779432297,0.0005553611554205418,0.02218526229262352,0.02218526415526867,214.0,0.0,1.940020410984289e-06,0
-353521749.0,1491741917.0,571140.0,121.0,200.0,0.0,10332.0,10.0,0.001094795879907906,0.0007061760406941175,-2.54325270652771,0.0001815598225221038,0.0003584567457437515,0.0006572556449100375,0.02222195453941822,0.02222178690135479,214.0,0.0,8.655778219690546e-05,0
-353521749.0,1491741917.0,571140.0,121.0,200.0,0.0,10332.0,10.0,0.001094795879907906,0.0007061760406941175,-2.54325270652771,0.0001815598225221038,0.0003584567457437515,0.0006572556449100375,0.02222195453941822,0.02222178690135479,214.0,0.0,8.655778219690546e-05,0
-353521749.0,1491741917.0,571140.0,121.0,200.0,0.0,10332.0,10.0,0.001097631175071001,0.0007097467896528542,-2.5431606769561768,0.00018701498629525304,0.0002958044642582536,0.0006331633194349706,0.022325772792100906,0.022325728088617325,214.0,0.0,4.5334531023399904e-05,0
-353521749.0,1491741917.0,571140.0,121.0,200.0,0.0,10332.0,10.0,0.001097631175071001,0.0007097467896528542,-2.5431606769561768,0.00018701498629525304,0.0002958044642582536,0.0006331633194349706,0.022325772792100906,0.022325728088617325,214.0,0.0,4.5334531023399904e-05,0
-353521749.0,1491741917.0,571140.0,121.0,200.0,0.0,10332.0,10.0,0.0010975534096360207,0.0007159771048463881,-2.5430705547332764,0.00019310560310259461,0.0003169254050590098,0.0006473690737038851,0.022494643926620483,0.02249462716281414,214.0,0.0,-2.744542325672228e-05,0
-353521749.0,1491741917.0,571140.0,121.0,200.0,0.0,10332.0,10.0,0.0010975534096360207,0.0007159771048463881,-2.5430705547332764,0.00019310560310259461,0.0003169254050590098,0.0006473690737038851,0.022494643926620483,0.02249462716281414,214.0,0.0,-2.744542325672228e-05,0
-353521749.0,1491741917.0,571140.0,121.0,200.0,0.0,10332.0,10.0,0.0010975534096360207,0.0007159771048463881,-2.5430705547332764,0.00019310560310259461,0.0003169254050590098,0.0006473690737038851,0.022494643926620483,0.02249462716281414,214.0,0.0,-2.744542325672228e-05,0
-353521749.0,1491741917.0,571140.0,121.0,200.0,0.0,10332.0,10.0,0.0010938612977042794,0.0007182953995652497,-2.5429811477661133,0.0002503818250261247,0.0002789677819237113,0.0005883142002858222,0.022340936586260796,0.022340932860970497,214.0,0.0,8.899029126041569e-06,0
-353521749.0,1491741917.0,571140.0,121.0,200.0,0.0,10332.0,10.0,0.0010938612977042794,0.0007182953995652497,-2.5429811477661133,0.0002503818250261247,0.0002789677819237113,0.0005883142002858222,0.022340936586260796,0.022340932860970497,214.0,0.0,8.899029126041569e-06,0
-353521749.0,1491741917.0,571140.0,121.0,200.0,0.0,10332.0,10.0,0.0010954819153994322,0.000720251991879195,-2.54288649559021,0.00017544726142659783,0.0003301830729469657,0.0006191277061589062,0.02229948900640011,0.022299455478787422,214.0,0.0,3.794740405282937e-05,0
-353521749.0,1491741917.0,571140.0,121.0,200.0,0.0,10332.0,10.0,0.0010954819153994322,0.000720251991879195,-2.54288649559021,0.00017544726142659783,0.0003301830729469657,0.0006191277061589062,0.02229948900640011,0.022299455478787422,214.0,0.0,3.794740405282937e-05,0
-353521749.0,1491741917.0,571140.0,121.0,200.0,0.0,10332.0,10.0,0.0011029939632862806,0.0007228107424452901,-2.542800188064575,0.000252745405305177,0.0004260930581949651,0.0006435896502807736,0.022483471781015396,0.022483253851532936,214.0,0.0,9.861678699962795e-05,0
-353521749.0,1491741917.0,571140.0,121.0,200.0,0.0,10332.0,10.0,0.0011029939632862806,0.0007228107424452901,-2.542800188064575,0.000252745405305177,0.0004260930581949651,0.0006435896502807736,0.022483471781015396,0.022483253851532936,214.0,0.0,9.861678699962795e-05,0
-353521749.0,1491741917.0,571140.0,121.0,200.0,0.0,10332.0,10.0,0.0011062283301725984,0.000730176514480263,-2.5427095890045166,0.00018941779853776097,0.0002751046558842063,0.0006416950491257012,0.022590357810258865,0.02258993685245514,214.0,0.0,0.0001377644221065566,0
-353521749.0,1491741917.0,571140.0,121.0,200.0,0.0,10332.0,10.0,0.0011062283301725984,0.000730176514480263,-2.5427095890045166,0.00018941779853776097,0.0002751046558842063,0.0006416950491257012,0.022590357810258865,0.02258993685245514,214.0,0.0,0.0001377644221065566,0
-353521749.0,1491741917.0,571140.0,121.0,200.0,0.0,10332.0,10.0,0.0011059093521907926,0.0007309051579795778,-2.542618989944458,0.00029556837398558855,0.0002996673574671149,0.0006226996192708611,0.022391263395547867,0.022390330210328102,214.0,0.0,0.00020424756803549826,0
-353521749.0,1491741917.0,571140.0,121.0,200.0,0.0,10332.0,10.0,0.0011059093521907926,0.0007309051579795778,-2.542618989944458,0.00029556837398558855,0.0002996673574671149,0.0006226996192708611,0.022391263395547867,0.022390330210328102,214.0,0.0,0.00020424756803549826,0
-353521749.0,1491741917.0,571140.0,121.0,200.0,0.0,10332.0,10.0,0.0011078534880653024,0.0007302073063328862,-2.542529582977295,0.0001847970997914672,0.00030559889273718,0.0006714673945680261,0.022386714816093445,0.0223864633589983,214.0,0.0,0.00010580709931673482,0
-353521749.0,1491741917.0,571140.0,121.0,200.0,0.0,10332.0,10.0,0.0011078534880653024,0.0007302073063328862,-2.542529582977295,0.0001847970997914672,0.00030559889273718,0.0006714673945680261,0.022386714816093445,0.0223864633589983,214.0,0.0,0.00010580709931673482,0
-353521749.0,1491741917.0,571140.0,121.0,200.0,0.0,10332.0,10.0,0.001112240133807063,0.0007377522415481508,-2.542442560195923,0.00026400364004075527,0.00030332605820149183,0.0006168436375446618,0.022634247317910194,0.022633401677012444,214.0,0.0,0.00019553244055714458,0
-353521749.0,1491741917.0,571140.0,121.0,200.0,0.0,10332.0,10.0,0.001112240133807063,0.0007377522415481508,-2.542442560195923,0.00026400364004075527,0.00030332605820149183,0.0006168436375446618,0.022634247317910194,0.022633401677012444,214.0,0.0,0.00019553244055714458,0
-353521749.0,1491741917.0,571140.0,121.0,200.0,0.0,10332.0,10.0,0.0011154274689033628,0.0007434095605276525,-2.5423583984375,0.00023908907314762473,0.0002962606376968324,0.0006567382952198386,0.02280612848699093,0.02280527353286743,214.0,0.0,0.00019750757201109082,0
-353521749.0,1491741917.0,571140.0,121.0,200.0,0.0,10332.0,10.0,0.0011154274689033628,0.0007434095605276525,-2.5423583984375,0.00023908907314762473,0.0002962606376968324,0.0006567382952198386,0.02280612848699093,0.02280527353286743,214.0,0.0,0.00019750757201109082,0
-353521749.0,1491741917.0,571140.0,121.0,200.0,0.0,10332.0,10.0,0.0011154274689033628,0.0007434095605276525,-2.5423583984375,0.00023908907314762473,0.0002962606376968324,0.0006567382952198386,0.02280612848699093,0.02280527353286743,214.0,0.0,0.00019750757201109082,0
-353521749.0,1491741917.0,571140.0,121.0,200.0,0.0,10332.0,10.0,0.0011180940782651305,0.000744337507057935,-2.5422730445861816,0.0002398884971626103,0.0003752324846573174,0.0007879826589487493,0.022717086598277092,0.02271612547338009,214.0,0.0,0.00020884835976175964,0
-353521749.0,1491741917.0,571140.0,121.0,200.0,0.0,10332.0,10.0,0.0011180940782651305,0.000744337507057935,-2.5422730445861816,0.0002398884971626103,0.0003752324846573174,0.0007879826589487493,0.022717086598277092,0.02271612547338009,214.0,0.0,0.00020884835976175964,0
-353521749.0,1491741917.0,571140.0,121.0,200.0,0.0,10332.0,10.0,0.0011209355434402823,0.0007463224465027452,-2.542186975479126,0.00021467363694682717,0.00028357113478705287,0.00064796645892784,0.02276432141661644,0.022763870656490326,214.0,0.0,0.0001427848474122584,0
-353521749.0,1491741917.0,571140.0,121.0,200.0,0.0,10332.0,10.0,0.0011209355434402823,0.0007463224465027452,-2.542186975479126,0.00021467363694682717,0.00028357113478705287,0.00064796645892784,0.02276432141661644,0.022763870656490326,214.0,0.0,0.0001427848474122584,0
-353521749.0,1491741917.0,571140.0,121.0,200.0,0.0,10332.0,10.0,0.001120301429182291,0.000751853920519352,-2.5421090126037598,0.00023284752387553453,0.000345635402482003,0.0006117188604548573,0.02285517007112503,0.022855067625641823,214.0,0.0,6.81263700244017e-05,0
-353521749.0,1491741917.0,571140.0,121.0,200.0,0.0,10332.0,10.0,0.001120301429182291,0.000751853920519352,-2.5421090126037598,0.00023284752387553453,0.000345635402482003,0.0006117188604548573,0.02285517007112503,0.022855067625641823,214.0,0.0,6.81263700244017e-05,0
-353521749.0,1491741917.0,571140.0,121.0,200.0,0.0,10332.0,10.0,0.001120873843319714,0.0007587471627630293,-2.542020320892334,0.0002751150168478489,0.00026462454115971923,0.000624596606940031,0.02312358468770981,0.0231232400983572,214.0,0.0,0.00012644054368138313,0
-353521749.0,1491741917.0,571140.0,121.0,200.0,0.0,10332.0,10.0,0.001120873843319714,0.0007587471627630293,-2.542020320892334,0.0002751150168478489,0.00026462454115971923,0.000624596606940031,0.02312358468770981,0.0231232400983572,214.0,0.0,0.00012644054368138313,0
-353521749.0,1491741917.0,571140.0,121.0,200.0,0.0,10332.0,10.0,0.001120873843319714,0.0007587471627630293,-2.542020320892334,0.0002751150168478489,0.00026462454115971923,0.000624596606940031,0.02312358468770981,0.0231232400983572,214.0,0.0,0.00012644054368138313,0
-353521749.0,1491741917.0,571140.0,121.0,200.0,0.0,10332.0,10.0,0.0011178050190210342,0.0007588137523271143,-2.5419373512268066,0.00021549355005845428,0.00035873177694156766,0.0006166797829791903,0.022983966395258904,0.022983873263001442,214.0,0.0,6.56537595205009e-05,0
-353521749.0,1491741917.0,571140.0,121.0,200.0,0.0,10332.0,10.0,0.0011178050190210342,0.0007588137523271143,-2.5419373512268066,0.00021549355005845428,0.00035873177694156766,0.0006166797829791903,0.022983966395258904,0.022983873263001442,214.0,0.0,6.56537595205009e-05,0
-353521749.0,1491741917.0,571140.0,121.0,200.0,0.0,10332.0,10.0,0.0011163766030222178,0.000762515002861619,-2.5418519973754883,0.00022961647482588887,0.000314410834107548,0.0006654320750385523,0.023011544719338417,0.02301154099404812,214.0,0.0,-1.234958858731261e-06,0
-353521749.0,1491741917.0,571140.0,121.0,200.0,0.0,10332.0,10.0,0.0011163766030222178,0.000762515002861619,-2.5418519973754883,0.00022961647482588887,0.000314410834107548,0.0006654320750385523,0.023011544719338417,0.02301154099404812,214.0,0.0,-1.234958858731261e-06,0
-353521749.0,1491741917.0,571140.0,121.0,200.0,0.0,10332.0,10.0,0.0011244567576795816,0.0007674185326322913,-2.5417699813842773,0.00020692747784778476,0.0004067596746608615,0.0006514958222396672,0.02313149720430374,0.023131493479013443,214.0,0.0,9.914017937262543e-06,0
-353521749.0,1491741917.0,571140.0,121.0,200.0,0.0,10332.0,10.0,0.0011244567576795816,0.0007674185326322913,-2.5417699813842773,0.00020692747784778476,0.0004067596746608615,0.0006514958222396672,0.02313149720430374,0.023131493479013443,214.0,0.0,9.914017937262543e-06,0
-353521749.0,1491741917.0,571140.0,121.0,200.0,0.0,10332.0,10.0,0.0011236639693379402,0.0007803556509315968,-2.541686773300171,0.00014580896822735667,0.00031464186031371355,0.0007061143405735493,0.023258034139871597,0.023257961496710777,214.0,0.0,5.8614481531549245e-05,0
-353521749.0,1491741917.0,571140.0,121.0,200.0,0.0,10332.0,10.0,0.0011236639693379402,0.0007803556509315968,-2.541686773300171,0.00014580896822735667,0.00031464186031371355,0.0007061143405735493,0.023258034139871597,0.023257961496710777,214.0,0.0,5.8614481531549245e-05,0
-353521749.0,1491741917.0,571140.0,121.0,200.0,0.0,10332.0,10.0,0.0011144723976030946,0.0007780088926665485,-2.541607141494751,0.00020124873844906688,0.00030851952033117414,0.0006421706639230251,0.02309073694050312,0.023090548813343048,214.0,0.0,9.326002327725291e-05,0
-353521749.0,1491741917.0,571140.0,121.0,200.0,0.0,10332.0,10.0,0.0011144723976030946,0.0007780088926665485,-2.541607141494751,0.00020124873844906688,0.00030851952033117414,0.0006421706639230251,0.02309073694050312,0.023090548813343048,214.0,0.0,9.326002327725291e-05,0
-353521749.0,1491741917.0,571140.0,121.0,200.0,0.0,10332.0,10.0,0.001118357409723103,0.0007776083657518029,-2.5415191650390625,0.000343518506269902,0.0003224494284950197,0.0006788333994336426,0.02310178615152836,0.02310163713991642,214.0,0.0,8.325545059051365e-05,0
-353521749.0,1491741917.0,571140.0,121.0,200.0,0.0,10332.0,10.0,0.001118357409723103,0.0007776083657518029,-2.5415191650390625,0.000343518506269902,0.0003224494284950197,0.0006788333994336426,0.02310178615152836,0.02310163713991642,214.0,0.0,8.325545059051365e-05,0
-353521749.0,1491741917.0,571140.0,121.0,200.0,0.0,10332.0,10.0,0.0011187916388735175,0.0007757592829875648,-2.5414369106292725,0.00017788459081202745,0.0002751067513599992,0.0007385359494946897,0.023327626287937164,0.023327326402068138,214.0,0.0,0.00011814218305516988,0
-353521749.0,1491741917.0,571140.0,121.0,200.0,0.0,10332.0,10.0,0.0011187916388735175,0.0007757592829875648,-2.5414369106292725,0.00017788459081202745,0.0002751067513599992,0.0007385359494946897,0.023327626287937164,0.023327326402068138,214.0,0.0,0.00011814218305516988,0
-353521749.0,1491741917.0,571140.0,121.0,200.0,0.0,10332.0,10.0,0.0011227941140532494,0.0007811580435372889,-2.541348934173584,0.00019814458210021257,0.000333364587277174,0.0007455144659616053,0.02344265766441822,0.02344200201332569,214.0,0.0,0.0001754156401148066,0
-353521749.0,1491741917.0,571140.0,121.0,200.0,0.0,10332.0,10.0,0.0011227941140532494,0.0007811580435372889,-2.541348934173584,0.00019814458210021257,0.000333364587277174,0.0007455144659616053,0.02344265766441822,0.02344200201332569,214.0,0.0,0.0001754156401148066,0
-353521749.0,1491741917.0,571140.0,121.0,200.0,0.0,10332.0,10.0,0.0011227941140532494,0.0007811580435372889,-2.541348934173584,0.00019814458210021257,0.000333364587277174,0.0007455144659616053,0.02344265766441822,0.02344200201332569,214.0,0.0,0.0001754156401148066,0
-353521749.0,1491741917.0,571140.0,121.0,200.0,0.0,10332.0,10.0,0.0011184081668034196,0.0007717356784269214,-2.5412676334381104,0.00011274259304627776,0.0003012833767570555,0.000703396275639534,0.02319287694990635,0.02319193445146084,214.0,0.0,0.0002089607296511531,0
-353521749.0,1491741917.0,571140.0,121.0,200.0,0.0,10332.0,10.0,0.0011184081668034196,0.0007717356784269214,-2.5412676334381104,0.00011274259304627776,0.0003012833767570555,0.000703396275639534,0.02319287694990635,0.02319193445146084,214.0,0.0,0.0002089607296511531,0
-353521749.0,1491741917.0,571140.0,121.0,200.0,0.0,10332.0,10.0,0.001115268561989069,0.0007692340877838433,-2.541184663772583,0.00020852667512372136,0.0002890179166570306,0.0007295648101717234,0.023151231929659843,0.023150106891989708,214.0,0.0,0.00022791343508288264,0
-353521749.0,1491741917.0,571140.0,121.0,200.0,0.0,10332.0,10.0,0.001115268561989069,0.0007692340877838433,-2.541184663772583,0.00020852667512372136,0.0002890179166570306,0.0007295648101717234,0.023151231929659843,0.023150106891989708,214.0,0.0,0.00022791343508288264,0
-353521749.0,1491741917.0,571140.0,121.0,200.0,0.0,10332.0,10.0,0.0011126083554700017,0.0007707680342718959,-2.541105270385742,0.00018959934823215008,0.00029974669450894,0.0006275075720623136,0.023278960958123207,0.023277342319488525,214.0,0.0,0.00027459728880785406,0
-353521749.0,1491741917.0,571140.0,121.0,200.0,0.0,10332.0,10.0,0.0011126083554700017,0.0007707680342718959,-2.541105270385742,0.00018959934823215008,0.00029974669450894,0.0006275075720623136,0.023278960958123207,0.023277342319488525,214.0,0.0,0.00027459728880785406,0
-353521749.0,1491741917.0,571140.0,121.0,200.0,0.0,10332.0,10.0,0.0011187775526195765,0.0007746630581095815,-2.5410189628601074,0.00020436913473531604,0.0002976757241412997,0.0006407008622772992,0.023426875472068787,0.023424075916409492,214.0,0.0,0.0003622079093474895,0
-353521749.0,1491741917.0,571140.0,121.0,200.0,0.0,10332.0,10.0,0.0011187775526195765,0.0007746630581095815,-2.5410189628601074,0.00020436913473531604,0.0002976757241412997,0.0006407008622772992,0.023426875472068787,0.023424075916409492,214.0,0.0,0.0003622079093474895,0
-353521749.0,1491741917.0,571140.0,121.0,200.0,0.0,10332.0,10.0,0.0011187775526195765,0.0007746630581095815,-2.5410189628601074,0.00020436913473531604,0.0002976757241412997,0.0006407008622772992,0.023426875472068787,0.023424075916409492,214.0,0.0,0.0003622079093474895,0
-353521749.0,1491741917.0,571140.0,121.0,200.0,0.0,10332.0,10.0,0.001114405458793044,0.000765976554248482,-2.540933847427368,0.00021244434174150229,0.00026169640477746725,0.0006786399753764272,0.023257847875356674,0.02325502038002014,214.0,0.0,0.0003627429832704365,0
-353521749.0,1491741917.0,571140.0,121.0,200.0,0.0,10332.0,10.0,0.001114405458793044,0.000765976554248482,-2.540933847427368,0.00021244434174150229,0.00026169640477746725,0.0006786399753764272,0.023257847875356674,0.02325502038002014,214.0,0.0,0.0003627429832704365,0
-353521749.0,1491741917.0,571140.0,121.0,200.0,0.0,10332.0,10.0,0.0011131499195471406,0.0007619776297360659,-2.540850877761841,0.00025598035426810384,0.0002810286241583526,0.0006969379028305411,0.02318396419286728,0.023180944845080376,214.0,0.0,0.00037425177288241684,0
-353521749.0,1491741917.0,571140.0,121.0,200.0,0.0,10332.0,10.0,0.0011131499195471406,0.0007619776297360659,-2.540850877761841,0.00025598035426810384,0.0002810286241583526,0.0006969379028305411,0.02318396419286728,0.023180944845080376,214.0,0.0,0.00037425177288241684,0
-353521749.0,1491741917.0,571140.0,121.0,200.0,0.0,10332.0,10.0,0.0011205540504306555,0.0007694449741393328,-2.540769338607788,0.0002575466060079634,0.00032333406852558255,0.0006316536455415189,0.02341257594525814,0.023409897461533546,214.0,0.0,0.00035418954212218523,0
-353521749.0,1491741917.0,571140.0,121.0,200.0,0.0,10332.0,10.0,0.0011205540504306555,0.0007694449741393328,-2.540769338607788,0.0002575466060079634,0.00032333406852558255,0.0006316536455415189,0.02341257594525814,0.023409897461533546,214.0,0.0,0.00035418954212218523,0
-353521749.0,1491741917.0,571140.0,121.0,200.0,0.0,10332.0,10.0,0.0011278215097263455,0.0007731291698291898,-2.5406806468963623,0.0002143755555152893,0.0003580906195566058,0.0007621285039931536,0.023501817137002945,0.02350001037120819,214.0,0.0,0.00029158947290852666,0
-353521749.0,1491741917.0,571140.0,121.0,200.0,0.0,10332.0,10.0,0.0011278215097263455,0.0007731291698291898,-2.5406806468963623,0.0002143755555152893,0.0003580906195566058,0.0007621285039931536,0.023501817137002945,0.02350001037120819,214.0,0.0,0.00029158947290852666,0
-353521749.0,1491741917.0,571140.0,121.0,200.0,0.0,10332.0,10.0,0.0011278215097263455,0.0007731291698291898,-2.5406806468963623,0.0002143755555152893,0.0003580906195566058,0.0007621285039931536,0.023501817137002945,0.02350001037120819,214.0,0.0,0.00029158947290852666,0
-353521749.0,1491741917.0,571140.0,121.0,200.0,0.0,10332.0,10.0,0.0011188536882400513,0.0007704125018790364,-2.540599822998047,0.00025639921659603715,0.00023253599647432566,0.0007808350492268801,0.023301782086491585,0.023300819098949432,214.0,0.0,0.00021184136858209968,0
-353521749.0,1491741917.0,571140.0,121.0,200.0,0.0,10332.0,10.0,0.0011188536882400513,0.0007704125018790364,-2.540599822998047,0.00025639921659603715,0.00023253599647432566,0.0007808350492268801,0.023301782086491585,0.023300819098949432,214.0,0.0,0.00021184136858209968,0
-353521749.0,1491741917.0,571140.0,121.0,200.0,0.0,10332.0,10.0,0.0011241963366046548,0.000768824655096978,-2.5405168533325195,0.00024495937395840883,0.00031615339685231447,0.0007159464294090867,0.023262284696102142,0.023261338472366333,214.0,0.0,0.0002098642144119367,0
-353521749.0,1491741917.0,571140.0,121.0,200.0,0.0,10332.0,10.0,0.0011241963366046548,0.000768824655096978,-2.5405168533325195,0.00024495937395840883,0.00031615339685231447,0.0007159464294090867,0.023262284696102142,0.023261338472366333,214.0,0.0,0.0002098642144119367,0
-353521749.0,1491741917.0,571140.0,121.0,200.0,0.0,10332.0,10.0,0.0011208681389689445,0.0007696921238675714,-2.5404341220855713,0.00023015879560261965,0.0002793559106066823,0.0007449658587574959,0.02338610775768757,0.023385269567370415,214.0,0.0,0.00019820740271825343,0
-353521749.0,1491741917.0,571140.0,121.0,200.0,0.0,10332.0,10.0,0.0011208681389689445,0.0007696921238675714,-2.5404341220855713,0.00023015879560261965,0.0002793559106066823,0.0007449658587574959,0.02338610775768757,0.023385269567370415,214.0,0.0,0.00019820740271825343,0
-353521749.0,1491741917.0,571140.0,121.0,200.0,0.0,10332.0,10.0,0.0011235162382945418,0.000769545731600374,-2.540355920791626,0.00013979861978441477,0.00031257164664566517,0.0007315694820135832,0.023517878726124763,0.023516945540905,214.0,0.0,0.0002090871421387419,0
-353521749.0,1491741917.0,571140.0,121.0,200.0,0.0,10332.0,10.0,0.0011235162382945418,0.000769545731600374,-2.540355920791626,0.00013979861978441477,0.00031257164664566517,0.0007315694820135832,0.023517878726124763,0.023516945540905,214.0,0.0,0.0002090871421387419,0
-353521749.0,1491741917.0,571140.0,121.0,200.0,0.0,10332.0,10.0,0.0011235162382945418,0.000769545731600374,-2.540355920791626,0.00013979861978441477,0.00031257164664566517,0.0007315694820135832,0.023517878726124763,0.023516945540905,214.0,0.0,0.0002090871421387419,0
-353521749.0,1491741917.0,571140.0,121.0,200.0,0.0,10332.0,10.0,0.0011206262279301882,0.0007628857856616378,-2.540280342102051,0.0002645461936481297,0.0002990521024912596,0.0006574325961992145,0.023212607949972153,0.023210983723402023,214.0,0.0,0.000274662917945534,0
-353521749.0,1491741917.0,571140.0,121.0,200.0,0.0,10332.0,10.0,0.0011206262279301882,0.0007628857856616378,-2.540280342102051,0.0002645461936481297,0.0002990521024912596,0.0006574325961992145,0.023212607949972153,0.023210983723402023,214.0,0.0,0.000274662917945534,0
-353521749.0,1491741917.0,571140.0,121.0,200.0,0.0,10332.0,10.0,0.0011202949099242687,0.0007558697834610939,-2.540198564529419,0.0002723293728195131,0.0003218194469809532,0.0007621799595654011,0.02318776212632656,0.02318638004362583,214.0,0.0,0.0002530390629544854,0
-353521749.0,1491741917.0,571140.0,121.0,200.0,0.0,10332.0,10.0,0.0011202949099242687,0.0007558697834610939,-2.540198564529419,0.0002723293728195131,0.0003218194469809532,0.0007621799595654011,0.02318776212632656,0.02318638004362583,214.0,0.0,0.0002530390629544854,0
-353521749.0,1491741917.0,571140.0,121.0,200.0,0.0,10332.0,10.0,0.001122534042224288,0.0007575487834401429,-2.5401158332824707,0.00023865094408392906,0.00037271156907081604,0.0007095501059666276,0.023314449936151505,0.023313548415899277,214.0,0.0,0.00020501243125181645,0
-353521749.0,1491741917.0,571140.0,121.0,200.0,0.0,10332.0,10.0,0.001122534042224288,0.0007575487834401429,-2.5401158332824707,0.00023865094408392906,0.00037271156907081604,0.0007095501059666276,0.023314449936151505,0.023313548415899277,214.0,0.0,0.00020501243125181645,0
-353521749.0,1491741917.0,571140.0,121.0,200.0,0.0,10332.0,10.0,0.0011320386547595263,0.0007641349802725017,-2.5400404930114746,0.00018373416969552636,0.0004102670354768634,0.0007165325805544853,0.023335447534918785,0.02333412691950798,214.0,0.0,0.00024825744912959635,0
-353521749.0,1491741917.0,571140.0,121.0,200.0,0.0,10332.0,10.0,0.0011320386547595263,0.0007641349802725017,-2.5400404930114746,0.00018373416969552636,0.0004102670354768634,0.0007165325805544853,0.023335447534918785,0.02333412691950798,214.0,0.0,0.00024825744912959635,0
-353521749.0,1491741917.0,571140.0,121.0,200.0,0.0,10332.0,10.0,0.0011318359756842256,0.0007575429626740515,-2.539958953857422,0.00019027077360078692,0.00032889266731217504,0.0008014293853193521,0.023092707619071007,0.023091996088624,214.0,0.0,0.00018128720694221556,0
-353521749.0,1491741917.0,571140.0,121.0,200.0,0.0,10332.0,10.0,0.0011318359756842256,0.0007575429626740515,-2.539958953857422,0.00019027077360078692,0.00032889266731217504,0.0008014293853193521,0.023092707619071007,0.023091996088624,214.0,0.0,0.00018128720694221556,0
-353521749.0,1491741917.0,571140.0,121.0,200.0,0.0,10332.0,10.0,0.00112948811147362,0.0007546533597633243,-2.5398802757263184,0.00022869760869070888,0.000344477710314095,0.0007586560095660388,0.023054441437125206,0.023053446784615517,214.0,0.0,0.00021419035329017788,0
-353521749.0,1491741917.0,571140.0,121.0,200.0,0.0,10332.0,10.0,0.00112948811147362,0.0007546533597633243,-2.5398802757263184,0.00022869760869070888,0.000344477710314095,0.0007586560095660388,0.023054441437125206,0.023053446784615517,214.0,0.0,0.00021419035329017788,0
-353521749.0,1491741917.0,571140.0,121.0,200.0,0.0,10332.0,10.0,0.0011339796474203467,0.000758497859351337,-2.539803981781006,0.0002377491327933967,0.0002892977208830416,0.0007447439129464328,0.023110102862119675,0.02310902252793312,214.0,0.0,0.00022342616284731776,0
-353521749.0,1491741917.0,571140.0,121.0,200.0,0.0,10332.0,10.0,0.0011339796474203467,0.000758497859351337,-2.539803981781006,0.0002377491327933967,0.0002892977208830416,0.0007447439129464328,0.023110102862119675,0.02310902252793312,214.0,0.0,0.00022342616284731776,0
-353521749.0,1491741917.0,571140.0,121.0,200.0,0.0,10332.0,10.0,0.001139951404184103,0.0007567758439108729,-2.539727210998535,0.00022123288363218307,0.0002438506344333291,0.000718942959792912,0.023245468735694885,0.023244893178343773,214.0,0.0,0.00016362345195375383,0
-353521749.0,1491741917.0,571140.0,121.0,200.0,0.0,10332.0,10.0,0.001139951404184103,0.0007567758439108729,-2.539727210998535,0.00022123288363218307,0.0002438506344333291,0.000718942959792912,0.023245468735694885,0.023244893178343773,214.0,0.0,0.00016362345195375383,0
-353521749.0,1491741917.0,571140.0,121.0,200.0,0.0,10332.0,10.0,0.001139951404184103,0.0007567758439108729,-2.539727210998535,0.00022123288363218307,0.0002438506344333291,0.000718942959792912,0.023245468735694885,0.023244893178343773,214.0,0.0,0.00016362345195375383,0
-353521749.0,1491741917.0,571140.0,121.0,200.0,0.0,10332.0,10.0,0.0011343408841639757,0.0007575369672849774,-2.539658546447754,0.0002952172653749585,0.0003551471745595336,0.0007591883186250925,0.023137763142585754,0.023136872798204422,214.0,0.0,0.00020320455951150507,0
-353521749.0,1491741917.0,571140.0,121.0,200.0,0.0,10332.0,10.0,0.0011343408841639757,0.0007575369672849774,-2.539658546447754,0.0002952172653749585,0.0003551471745595336,0.0007591883186250925,0.023137763142585754,0.023136872798204422,214.0,0.0,0.00020320455951150507,0
-353521749.0,1491741917.0,571140.0,121.0,200.0,0.0,10332.0,10.0,0.0011287369998171926,0.0007559861405752599,-2.5395777225494385,0.00026713183615356684,0.0003154882579110563,0.0007354352856054902,0.023107588291168213,0.023106707260012627,214.0,0.0,0.00020201860752422363,0
-353521749.0,1491741917.0,571140.0,121.0,200.0,0.0,10332.0,10.0,0.0011287369998171926,0.0007559861405752599,-2.5395777225494385,0.00026713183615356684,0.0003154882579110563,0.0007354352856054902,0.023107588291168213,0.023106707260012627,214.0,0.0,0.00020201860752422363,0
-353521749.0,1491741917.0,571140.0,121.0,200.0,0.0,10332.0,10.0,0.0011312225833535194,0.0007652874919585884,-2.539497137069702,0.00022111879661679268,0.00029928318690508604,0.0008235559798777103,0.02327064424753189,0.02326885052025318,214.0,0.0,0.00028892068075947464,0
-353521749.0,1491741917.0,571140.0,121.0,200.0,0.0,10332.0,10.0,0.0011312225833535194,0.0007652874919585884,-2.539497137069702,0.00022111879661679268,0.00029928318690508604,0.0008235559798777103,0.02327064424753189,0.02326885052025318,214.0,0.0,0.00028892068075947464,0
-353521749.0,1491741917.0,571140.0,121.0,200.0,0.0,10332.0,10.0,0.0011324856895953417,0.0007705663447268307,-2.539417266845703,0.0001756835845299065,0.0003187315887771547,0.0006821529241278768,0.023366019129753113,0.023364728316664696,214.0,0.0,0.00024582500918768346,0
-353521749.0,1491741917.0,571140.0,121.0,200.0,0.0,10332.0,10.0,0.0011324856895953417,0.0007705663447268307,-2.539417266845703,0.0001756835845299065,0.0003187315887771547,0.0006821529241278768,0.023366019129753113,0.023364728316664696,214.0,0.0,0.00024582500918768346,0
-353521749.0,1491741917.0,571140.0,121.0,200.0,0.0,10332.0,10.0,0.0011239886516705155,0.0007740347646176815,-2.5393407344818115,0.00018966064089909196,0.0003120608744211495,0.0007911622524261475,0.023236490786075592,0.023235686123371124,214.0,0.0,0.00019295830861665308,0
-353521749.0,1491741917.0,571140.0,121.0,200.0,0.0,10332.0,10.0,0.0011239886516705155,0.0007740347646176815,-2.5393407344818115,0.00018966064089909196,0.0003120608744211495,0.0007911622524261475,0.023236490786075592,0.023235686123371124,214.0,0.0,0.00019295830861665308,0
-353521749.0,1491741917.0,571140.0,121.0,200.0,0.0,10332.0,10.0,0.001122226007282734,0.0007684570155106485,-2.539262533187866,0.00020543532446026802,0.00029113178607076406,0.0007027854444459081,0.02322649396955967,0.023226261138916016,214.0,0.0,0.00010378775914432481,0
-353521749.0,1491741917.0,571140.0,121.0,200.0,0.0,10332.0,10.0,0.001122226007282734,0.0007684570155106485,-2.539262533187866,0.00020543532446026802,0.00029113178607076406,0.0007027854444459081,0.02322649396955967,0.023226261138916016,214.0,0.0,0.00010378775914432481,0
-353521749.0,1491741917.0,571140.0,121.0,200.0,0.0,10332.0,10.0,0.0011271795956417918,0.0007652209606021643,-2.539196491241455,0.00027302466332912445,0.00030766421696171165,0.0006371167255565524,0.023272965103387833,0.023272711783647537,214.0,0.0,0.00010865611693589017,0
-353521749.0,1491741917.0,571140.0,121.0,200.0,0.0,10332.0,10.0,0.0011271795956417918,0.0007652209606021643,-2.539196491241455,0.00027302466332912445,0.00030766421696171165,0.0006371167255565524,0.023272965103387833,0.023272711783647537,214.0,0.0,0.00010865611693589017,0
-353521749.0,1491741917.0,571140.0,121.0,200.0,0.0,10332.0,10.0,0.0011303778737783432,0.0007764357142150402,-2.5391268730163574,0.0001761131570674479,0.0003809224581345916,0.0006928639486432076,0.023384766653180122,0.02338450774550438,214.0,0.0,0.00011037380318157375,0
-353521749.0,1491741917.0,571140.0,121.0,200.0,0.0,10332.0,10.0,0.0011303778737783432,0.0007764357142150402,-2.5391268730163574,0.0001761131570674479,0.0003809224581345916,0.0006928639486432076,0.023384766653180122,0.02338450774550438,214.0,0.0,0.00011037380318157375,0
-353521749.0,1491741917.0,571140.0,121.0,200.0,0.0,10332.0,10.0,0.0011303778737783432,0.0007764357142150402,-2.5391268730163574,0.0001761131570674479,0.0003809224581345916,0.0006928639486432076,0.023384766653180122,0.02338450774550438,214.0,0.0,0.00011037380318157375,0
-353521749.0,1491741917.0,571140.0,121.0,200.0,0.0,10332.0,10.0,0.00112594582606107,0.0007763523608446121,-2.5390560626983643,0.00018302217358723283,0.00032584223663434386,0.0006949694361537695,0.023215344175696373,0.02321511320769787,214.0,0.0,0.00010401236067991704,0
-353521749.0,1491741917.0,571140.0,121.0,200.0,0.0,10332.0,10.0,0.00112594582606107,0.0007763523608446121,-2.5390560626983643,0.00018302217358723283,0.00032584223663434386,0.0006949694361537695,0.023215344175696373,0.02321511320769787,214.0,0.0,0.00010401236067991704,0
-353521749.0,1491741917.0,571140.0,121.0,200.0,0.0,10332.0,10.0,0.0011195909464731812,0.0007738431449979544,-2.5389821529388428,0.000187473779078573,0.00033814547350630164,0.0007341444143094122,0.023180333897471428,0.023180276155471802,214.0,0.0,5.153667734703049e-05,0
-353521749.0,1491741917.0,571140.0,121.0,200.0,0.0,10332.0,10.0,0.0011195909464731812,0.0007738431449979544,-2.5389821529388428,0.000187473779078573,0.00033814547350630164,0.0007341444143094122,0.023180333897471428,0.023180276155471802,214.0,0.0,5.153667734703049e-05,0
-353521749.0,1491741917.0,571140.0,121.0,200.0,0.0,10332.0,10.0,0.0011218392755836248,0.0007760676089674234,-2.538912534713745,0.00023053301265463233,0.0002927587484009564,0.0007001378107815981,0.023412387818098068,0.02341223880648613,214.0,0.0,8.337166218552738e-05,0
-353521749.0,1491741917.0,571140.0,121.0,200.0,0.0,10332.0,10.0,0.0011218392755836248,0.0007760676089674234,-2.538912534713745,0.00023053301265463233,0.0002927587484009564,0.0007001378107815981,0.023412387818098068,0.02341223880648613,214.0,0.0,8.337166218552738e-05,0
-353521749.0,1491741917.0,571140.0,121.0,200.0,0.0,10332.0,10.0,0.0011261891340836883,0.000780767819378525,-2.53883957862854,0.0002489789039827883,0.00029946741415187716,0.0007463437505066395,0.023540394380688667,0.02354038693010807,214.0,0.0,2.142025732609909e-05,0
-353521749.0,1491741917.0,571140.0,121.0,200.0,0.0,10332.0,10.0,0.0011261891340836883,0.000780767819378525,-2.53883957862854,0.0002489789039827883,0.00029946741415187716,0.0007463437505066395,0.023540394380688667,0.02354038693010807,214.0,0.0,2.142025732609909e-05,0
-353521749.0,1491741917.0,571140.0,121.0,200.0,0.0,10332.0,10.0,0.0011261891340836883,0.000780767819378525,-2.53883957862854,0.0002489789039827883,0.00029946741415187716,0.0007463437505066395,0.023540394380688667,0.02354038693010807,214.0,0.0,2.142025732609909e-05,0
-353521749.0,1491741917.0,571140.0,121.0,200.0,0.0,10332.0,10.0,0.0011239568702876568,0.0007776694255881011,-2.5387699604034424,0.00025423517217859626,0.0003200023784302175,0.0007425689836964011,0.02337157353758812,0.0233715008944273,214.0,0.0,-5.861921817995608e-05,0
-353521749.0,1491741917.0,571140.0,121.0,200.0,0.0,10332.0,10.0,0.0011239568702876568,0.0007776694255881011,-2.5387699604034424,0.00025423517217859626,0.0003200023784302175,0.0007425689836964011,0.02337157353758812,0.0233715008944273,214.0,0.0,-5.861921817995608e-05,0
-353521749.0,1491741917.0,571140.0,121.0,200.0,0.0,10332.0,10.0,0.0011236517457291484,0.0007747476920485497,-2.538700580596924,0.00021712493617087603,0.00032385799568146467,0.0007294327951967716,0.02334841527044773,0.023348143324255943,214.0,0.0,-0.00011250230454606935,0
-353521749.0,1491741917.0,571140.0,121.0,200.0,0.0,10332.0,10.0,0.0011236517457291484,0.0007747476920485497,-2.538700580596924,0.00021712493617087603,0.00032385799568146467,0.0007294327951967716,0.02334841527044773,0.023348143324255943,214.0,0.0,-0.00011250230454606935,0
-353521749.0,1491741917.0,571140.0,121.0,200.0,0.0,10332.0,10.0,0.0011218746658414602,0.0007765694754198194,-2.5386242866516113,0.00021563295740634203,0.0003192836884409189,0.0008067983435466886,0.023631136864423752,0.023631036281585693,214.0,0.0,-7.014777656877413e-05,0
-353521749.0,1491741917.0,571140.0,121.0,200.0,0.0,10332.0,10.0,0.0011218746658414602,0.0007765694754198194,-2.5386242866516113,0.00021563295740634203,0.0003192836884409189,0.0008067983435466886,0.023631136864423752,0.023631036281585693,214.0,0.0,-7.014777656877413e-05,0
-353521749.0,1491741917.0,571140.0,121.0,200.0,0.0,10332.0,10.0,0.0011265851790085435,0.0007787405047565699,-2.5385522842407227,0.0002325050299987197,0.000320534803904593,0.0007020285120233893,0.02374904975295067,0.02374904602766037,214.0,0.0,-1.454967241443228e-05,0
-353521749.0,1491741917.0,571140.0,121.0,200.0,0.0,10332.0,10.0,0.0011265851790085435,0.0007787405047565699,-2.5385522842407227,0.0002325050299987197,0.000320534803904593,0.0007020285120233893,0.02374904975295067,0.02374904602766037,214.0,0.0,-1.454967241443228e-05,0
-353521749.0,1491741917.0,571140.0,121.0,200.0,0.0,10332.0,10.0,0.0011198831489309669,0.0007821117760613561,-2.5384812355041504,0.00018538720905780792,0.000370700319763273,0.0007551375892944634,0.023582041263580322,0.023581961169838905,214.0,0.0,6.068579386919737e-05,0
-353521749.0,1491741917.0,571140.0,121.0,200.0,0.0,10332.0,10.0,0.0011198831489309669,0.0007821117760613561,-2.5384812355041504,0.00018538720905780792,0.000370700319763273,0.0007551375892944634,0.023582041263580322,0.023581961169838905,214.0,0.0,6.068579386919737e-05,0
-353521749.0,1491741917.0,571140.0,121.0,200.0,0.0,10332.0,10.0,0.0011238822480663657,0.0007820554892532527,-2.5384089946746826,0.00024865654995664954,0.0003493897966109216,0.000690111075527966,0.02352719008922577,0.02352670207619667,214.0,0.0,0.00015147784142754972,0
-353521749.0,1491741917.0,571140.0,121.0,200.0,0.0,10332.0,10.0,0.0011238822480663657,0.0007820554892532527,-2.5384089946746826,0.00024865654995664954,0.0003493897966109216,0.000690111075527966,0.02352719008922577,0.02352670207619667,214.0,0.0,0.00015147784142754972,0
-353521749.0,1491741917.0,571140.0,121.0,200.0,0.0,10332.0,10.0,0.0011210271622985601,0.000779520021751523,-2.538339138031006,0.00019201490795239806,0.00026061199605464935,0.0007491499418392777,0.023609766736626625,0.02360936626791954,214.0,0.0,0.00013782641326542944,0
-353521749.0,1491741917.0,571140.0,121.0,200.0,0.0,10332.0,10.0,0.0011210271622985601,0.000779520021751523,-2.538339138031006,0.00019201490795239806,0.00026061199605464935,0.0007491499418392777,0.023609766736626625,0.02360936626791954,214.0,0.0,0.00013782641326542944,0
-353521749.0,1491741917.0,571140.0,121.0,200.0,0.0,10332.0,10.0,0.0011313443537801504,0.0007887813844718039,-2.538266897201538,0.0002392475144006312,0.0002562180161476135,0.0007720025023445487,0.02364349737763405,0.023642903193831444,214.0,0.0,0.00016739327111281455,0
-353521749.0,1491741917.0,571140.0,121.0,200.0,0.0,10332.0,10.0,0.0011313443537801504,0.0007887813844718039,-2.538266897201538,0.0002392475144006312,0.0002562180161476135,0.0007720025023445487,0.02364349737763405,0.023642903193831444,214.0,0.0,0.00016739327111281455,0
-353521749.0,1491741917.0,571140.0,121.0,200.0,0.0,10332.0,10.0,0.0011313443537801504,0.0007887813844718039,-2.538266897201538,0.0002392475144006312,0.0002562180161476135,0.0007720025023445487,0.02364349737763405,0.023642903193831444,214.0,0.0,0.00016739327111281455,0
-353521749.0,1491741917.0,571140.0,121.0,200.0,0.0,10332.0,10.0,0.0011343322694301605,0.0007830148097127676,-2.5381953716278076,0.00025780993746593595,0.00034084171056747437,0.0007378736045211554,0.023404119536280632,0.02340373583137989,214.0,0.0,0.00013405847130343318,0
-353521749.0,1491741917.0,571140.0,121.0,200.0,0.0,10332.0,10.0,0.0011343322694301605,0.0007830148097127676,-2.5381953716278076,0.00025780993746593595,0.00034084171056747437,0.0007378736045211554,0.023404119536280632,0.02340373583137989,214.0,0.0,0.00013405847130343318,0
-353521749.0,1491741917.0,571140.0,121.0,200.0,0.0,10332.0,10.0,0.001131314318627119,0.0007824979838915169,-2.5381224155426025,0.00025839428417384624,0.00031814404064789414,0.0007455424056388438,0.023381484672427177,0.023381385952234268,214.0,0.0,6.829104677308351e-05,0
-353521749.0,1491741917.0,571140.0,121.0,200.0,0.0,10332.0,10.0,0.001131314318627119,0.0007824979838915169,-2.5381224155426025,0.00025839428417384624,0.00031814404064789414,0.0007455424056388438,0.023381484672427177,0.023381385952234268,214.0,0.0,6.829104677308351e-05,0
-353521749.0,1491741917.0,571140.0,121.0,200.0,0.0,10332.0,10.0,0.0011318513425067067,0.0007825170760042965,-2.538053512573242,0.00023896759375929832,0.00032632460352033377,0.0007235179655253887,0.023572536185383797,0.023572472855448723,214.0,0.0,5.415915802586824e-05,0
-353521749.0,1491741917.0,571140.0,121.0,200.0,0.0,10332.0,10.0,0.0011318513425067067,0.0007825170760042965,-2.538053512573242,0.00023896759375929832,0.00032632460352033377,0.0007235179655253887,0.023572536185383797,0.023572472855448723,214.0,0.0,5.415915802586824e-05,0
-353521749.0,1491741917.0,571140.0,121.0,200.0,0.0,10332.0,10.0,0.0011419049696996808,0.0007849211688153446,-2.5379793643951416,0.0003163744695484638,0.00021351099712774158,0.0007286090403795242,0.023600157350301743,0.02360011450946331,214.0,0.0,4.442247882252559e-05,0
-353521749.0,1491741917.0,571140.0,121.0,200.0,0.0,10332.0,10.0,0.0011419049696996808,0.0007849211688153446,-2.5379793643951416,0.0003163744695484638,0.00021351099712774158,0.0007286090403795242,0.023600157350301743,0.02360011450946331,214.0,0.0,4.442247882252559e-05,0
-353521749.0,1491741917.0,571140.0,121.0,200.0,0.0,10332.0,10.0,0.0011382505763322115,0.0007837894954718649,-2.5379176139831543,0.0001997581566683948,0.00039759051287546754,0.0008005229756236076,0.023471340537071228,0.023471340537071228,214.0,0.0,4.3658261006385146e-07,0
-353521749.0,1491741917.0,571140.0,121.0,200.0,0.0,10332.0,10.0,0.0011382505763322115,0.0007837894954718649,-2.5379176139831543,0.0001997581566683948,0.00039759051287546754,0.0008005229756236076,0.023471340537071228,0.023471340537071228,214.0,0.0,4.3658261006385146e-07,0
-353521749.0,1491741917.0,571140.0,121.0,200.0,0.0,10332.0,10.0,0.0011369677959010005,0.0007825296488590539,-2.537846803665161,0.00018522038590162992,0.00028654298512265086,0.0007882803911343217,0.023548981174826622,0.023548981174826622,214.0,0.0,-5.175672413315624e-06,0
-353521749.0,1491741917.0,571140.0,121.0,200.0,0.0,10332.0,10.0,0.0011369677959010005,0.0007825296488590539,-2.537846803665161,0.00018522038590162992,0.00028654298512265086,0.0007882803911343217,0.023548981174826622,0.023548981174826622,214.0,0.0,-5.175672413315624e-06,0
-353521749.0,1491741917.0,571140.0,121.0,200.0,0.0,10332.0,10.0,0.0011341413483023643,0.0007844665669836104,-2.5377824306488037,0.00020560063421726227,0.0002459779498167336,0.0007212930358946323,0.023798732087016106,0.02379867620766163,214.0,0.0,-5.1882645493606105e-05,0
-353521749.0,1491741917.0,571140.0,121.0,200.0,0.0,10332.0,10.0,0.0011341413483023643,0.0007844665669836104,-2.5377824306488037,0.00020560063421726227,0.0002459779498167336,0.0007212930358946323,0.023798732087016106,0.02379867620766163,214.0,0.0,-5.1882645493606105e-05,0
-353521749.0,1491741917.0,571140.0,121.0,200.0,0.0,10332.0,10.0,0.0011381603544577956,0.000793146900832653,-2.5377159118652344,0.00013980903895571828,0.000391996989492327,0.0007696447428315878,0.023889848962426186,0.023889819160103798,214.0,0.0,-3.7010446249041706e-05,0
-353521749.0,1491741917.0,571140.0,121.0,200.0,0.0,10332.0,10.0,0.0011381603544577956,0.000793146900832653,-2.5377159118652344,0.00013980903895571828,0.000391996989492327,0.0007696447428315878,0.023889848962426186,0.023889819160103798,214.0,0.0,-3.7010446249041706e-05,0
-353521749.0,1491741917.0,571140.0,121.0,200.0,0.0,10332.0,10.0,0.0011381603544577956,0.000793146900832653,-2.5377159118652344,0.00013980903895571828,0.000391996989492327,0.0007696447428315878,0.023889848962426186,0.023889819160103798,214.0,0.0,-3.7010446249041706e-05,0
-353521749.0,1491741917.0,571140.0,121.0,200.0,0.0,10332.0,10.0,0.0011346631217747927,0.000784644449595362,-2.5376477241516113,0.00024333794135600328,0.00027406838489696383,0.000802084687165916,0.02375129610300064,0.023751195520162582,214.0,0.0,-6.853029481135309e-05,0
-353521749.0,1491741917.0,571140.0,121.0,200.0,0.0,10332.0,10.0,0.0011346631217747927,0.000784644449595362,-2.5376477241516113,0.00024333794135600328,0.00027406838489696383,0.000802084687165916,0.02375129610300064,0.023751195520162582,214.0,0.0,-6.853029481135309e-05,0
-353521749.0,1491741917.0,571140.0,121.0,200.0,0.0,10332.0,10.0,0.0011285115033388138,0.0007811750983819366,-2.5375816822052,0.00024342729011550546,0.00028862443286925554,0.0007900093914940953,0.023791542276740074,0.023791445419192314,214.0,0.0,-6.785881123505533e-05,0
-353521749.0,1491741917.0,571140.0,121.0,200.0,0.0,10332.0,10.0,0.0011285115033388138,0.0007811750983819366,-2.5375816822052,0.00024342729011550546,0.00028862443286925554,0.0007900093914940953,0.023791542276740074,0.023791445419192314,214.0,0.0,-6.785881123505533e-05,0
-353521749.0,1491741917.0,571140.0,121.0,200.0,0.0,10332.0,10.0,0.001128635136410594,0.0007816342986188829,-2.537525177001953,0.000222271541133523,0.0003415317623876035,0.0007069638813845813,0.023914465680718422,0.023914333432912827,214.0,0.0,-7.986129639903083e-05,0
-353521749.0,1491741917.0,571140.0,121.0,200.0,0.0,10332.0,10.0,0.001128635136410594,0.0007816342986188829,-2.537525177001953,0.000222271541133523,0.0003415317623876035,0.0007069638813845813,0.023914465680718422,0.023914333432912827,214.0,0.0,-7.986129639903083e-05,0
-353521749.0,1491741917.0,571140.0,121.0,200.0,0.0,10332.0,10.0,0.0011338054900988936,0.0007834729622118175,-2.537457227706909,0.00025009550154209137,0.0002980900462716818,0.0007742755697108805,0.02402837574481964,0.024028277024626732,214.0,0.0,-6.851313810329884e-05,0
-353521749.0,1491741917.0,571140.0,121.0,200.0,0.0,10332.0,10.0,0.0011338054900988936,0.0007834729622118175,-2.537457227706909,0.00025009550154209137,0.0002980900462716818,0.0007742755697108805,0.02402837574481964,0.024028277024626732,214.0,0.0,-6.851313810329884e-05,0
-353521749.0,1491741917.0,571140.0,121.0,200.0,0.0,10332.0,10.0,0.0011338054900988936,0.0007834729622118175,-2.537457227706909,0.00025009550154209137,0.0002980900462716818,0.0007742755697108805,0.02402837574481964,0.024028277024626732,214.0,0.0,-6.851313810329884e-05,0
-353521749.0,1491741917.0,571140.0,121.0,200.0,0.0,10332.0,10.0,0.0011299354955554008,0.0007838064921088517,-2.5373897552490234,0.0002412983449175954,0.00037282617995515466,0.0008121462888084352,0.02385721355676651,0.023857200518250465,214.0,0.0,-2.4924993340391666e-05,0
-353521749.0,1491741917.0,571140.0,121.0,200.0,0.0,10332.0,10.0,0.0011299354955554008,0.0007838064921088517,-2.5373897552490234,0.0002412983449175954,0.00037282617995515466,0.0008121462888084352,0.02385721355676651,0.023857200518250465,214.0,0.0,-2.4924993340391666e-05,0
-353521749.0,1491741917.0,571140.0,121.0,200.0,0.0,10332.0,10.0,0.0011343724327161908,0.0007819088059477508,-2.537317991256714,0.0002458928502164781,0.00027712975861504674,0.000743483891710639,0.023860391229391098,0.02386038936674595,214.0,0.0,5.025648533774074e-06,0
-353521749.0,1491741917.0,571140.0,121.0,200.0,0.0,10332.0,10.0,0.0011343724327161908,0.0007819088059477508,-2.537317991256714,0.0002458928502164781,0.00027712975861504674,0.000743483891710639,0.023860391229391098,0.02386038936674595,214.0,0.0,5.025648533774074e-06,0
-353521749.0,1491741917.0,571140.0,121.0,200.0,0.0,10332.0,10.0,0.0011368104023858905,0.0007824227795936167,-2.5372543334960938,0.0001758625148795545,0.0002857729559764266,0.0007897439645603299,0.024026239290833473,0.024026017636060715,214.0,0.0,-0.00010308699711458758,0
-353521749.0,1491741917.0,571140.0,121.0,200.0,0.0,10332.0,10.0,0.0011368104023858905,0.0007824227795936167,-2.5372543334960938,0.0001758625148795545,0.0002857729559764266,0.0007897439645603299,0.024026239290833473,0.024026017636060715,214.0,0.0,-0.00010308699711458758,0
-353521749.0,1491741917.0,571140.0,121.0,200.0,0.0,10332.0,10.0,0.0011355469468981028,0.0007800814928486943,-2.537182092666626,0.0001665405579842627,0.0003244666731916368,0.0007973699830472469,0.024137547239661217,0.024136953055858612,214.0,0.0,-0.00016918325854931027,0
-353521749.0,1491741917.0,571140.0,121.0,200.0,0.0,10332.0,10.0,0.0011355469468981028,0.0007800814928486943,-2.537182092666626,0.0001665405579842627,0.0003244666731916368,0.0007973699830472469,0.024137547239661217,0.024136953055858612,214.0,0.0,-0.00016918325854931027,0
-353521749.0,1491741917.0,571140.0,121.0,200.0,0.0,10332.0,10.0,0.0011355469468981028,0.0007800814928486943,-2.537182092666626,0.0001665405579842627,0.0003244666731916368,0.0007973699830472469,0.024137547239661217,0.024136953055858612,214.0,0.0,-0.00016918325854931027,0
-353521749.0,1491741917.0,571140.0,121.0,200.0,0.0,10332.0,10.0,0.0011322159552946687,0.0007759572472423315,-2.537113904953003,0.0002107920590788126,0.0002990957582369447,0.0007992682512849569,0.023923542350530624,0.02392326481640339,214.0,0.0,-0.00011563733278308064,0
-353521749.0,1491741917.0,571140.0,121.0,200.0,0.0,10332.0,10.0,0.0011322159552946687,0.0007759572472423315,-2.537113904953003,0.0002107920590788126,0.0002990957582369447,0.0007992682512849569,0.023923542350530624,0.02392326481640339,214.0,0.0,-0.00011563733278308064,0
-353521749.0,1491741917.0,571140.0,121.0,200.0,0.0,10332.0,10.0,0.0011300169862806797,0.0007737086853012443,-2.5370428562164307,0.00018411345081403852,0.0003087052027694881,0.0007996615604497492,0.023803528398275375,0.023803403601050377,214.0,0.0,-7.698702393099666e-05,0
-353521749.0,1491741917.0,571140.0,121.0,200.0,0.0,10332.0,10.0,0.0011300169862806797,0.0007737086853012443,-2.5370428562164307,0.00018411345081403852,0.0003087052027694881,0.0007996615604497492,0.023803528398275375,0.023803403601050377,214.0,0.0,-7.698702393099666e-05,0
-353521749.0,1491741917.0,571140.0,121.0,200.0,0.0,10332.0,10.0,0.0011316549498587847,0.0007733440725132823,-2.5369818210601807,0.000228254240937531,0.000286388851236552,0.0008038667729124427,0.023650167509913445,0.023650169372558594,214.0,0.0,-5.2888885875290725e-06,0
-353521749.0,1491741917.0,571140.0,121.0,200.0,0.0,10332.0,10.0,0.0011316549498587847,0.0007733440725132823,-2.5369818210601807,0.000228254240937531,0.000286388851236552,0.0008038667729124427,0.023650167509913445,0.023650169372558594,214.0,0.0,-5.2888885875290725e-06,0
-353521749.0,1491741917.0,571140.0,121.0,200.0,0.0,10332.0,10.0,0.0011409780709072948,0.0007797953439876437,-2.53692364692688,0.00016769778449088335,0.0003284874837845564,0.0007585676503367722,0.02368822880089283,0.023687981069087982,214.0,0.0,-0.00010832973202923313,0
-353521749.0,1491741917.0,571140.0,121.0,200.0,0.0,10332.0,10.0,0.0011409780709072948,0.0007797953439876437,-2.53692364692688,0.00016769778449088335,0.0003284874837845564,0.0007585676503367722,0.02368822880089283,0.023687981069087982,214.0,0.0,-0.00010832973202923313,0
-353521749.0,1491741917.0,571140.0,121.0,200.0,0.0,10332.0,10.0,0.0011350316926836967,0.0007752818055450916,-2.536855936050415,0.000190387770999223,0.000348972505889833,0.0007866253727115691,0.023405535146594048,0.023404879495501518,214.0,0.0,-0.00017529363685753196,0
-353521749.0,1491741917.0,571140.0,121.0,200.0,0.0,10332.0,10.0,0.0011350316926836967,0.0007752818055450916,-2.536855936050415,0.000190387770999223,0.000348972505889833,0.0007866253727115691,0.023405535146594048,0.023404879495501518,214.0,0.0,-0.00017529363685753196,0
-353521749.0,1491741917.0,571140.0,121.0,200.0,0.0,10332.0,10.0,0.0011390578001737595,0.0007708052289672196,-2.536787986755371,0.00027940282598137856,0.0003978820750489831,0.0007543760584667325,0.023241687566041946,0.02323976904153824,214.0,0.0,-0.00029858225025236607,0
-353521749.0,1491741917.0,571140.0,121.0,200.0,0.0,10332.0,10.0,0.0011390578001737595,0.0007708052289672196,-2.536787986755371,0.00027940282598137856,0.0003978820750489831,0.0007543760584667325,0.023241687566041946,0.02323976904153824,214.0,0.0,-0.00029858225025236607,0
-353521749.0,1491741917.0,571140.0,121.0,200.0,0.0,10332.0,10.0,0.0011411369778215885,0.0007714832318015397,-2.5367238521575928,0.00014482822734862566,0.00030390662141144276,0.000784270407166332,0.02321612648665905,0.023213699460029602,214.0,0.0,-0.0003357911773491651,0
-353521749.0,1491741917.0,571140.0,121.0,200.0,0.0,10332.0,10.0,0.0011411369778215885,0.0007714832318015397,-2.5367238521575928,0.00014482822734862566,0.00030390662141144276,0.000784270407166332,0.02321612648665905,0.023213699460029602,214.0,0.0,-0.0003357911773491651,0
-353521749.0,1491741917.0,571140.0,121.0,200.0,0.0,10332.0,10.0,0.0011445373529568315,0.0007783669861964881,-2.536656379699707,0.00019606505520641804,0.0003450873773545027,0.0007425126386806369,0.02312917821109295,0.023128129541873932,214.0,0.0,-0.0002202188188675791,0
-353521749.0,1491741917.0,571140.0,121.0,200.0,0.0,10332.0,10.0,0.0011445373529568315,0.0007783669861964881,-2.536656379699707,0.00019606505520641804,0.0003450873773545027,0.0007425126386806369,0.02312917821109295,0.023128129541873932,214.0,0.0,-0.0002202188188675791,0
-353521749.0,1491741917.0,571140.0,121.0,200.0,0.0,10332.0,10.0,0.0011445373529568315,0.0007783669861964881,-2.536656379699707,0.00019606505520641804,0.0003450873773545027,0.0007425126386806369,0.02312917821109295,0.023128129541873932,214.0,0.0,-0.0002202188188675791,0
-353521749.0,1491741917.0,571140.0,121.0,200.0,0.0,10332.0,10.0,0.001150521100498736,0.0007765358313918114,-2.5365970134735107,0.00024252641014754772,0.00032805296359583735,0.000774507992900908,0.022702429443597794,0.022700989618897438,214.0,0.0,-0.0002556676045060158,0
-353521749.0,1491741917.0,571140.0,121.0,200.0,0.0,10332.0,10.0,0.001150521100498736,0.0007765358313918114,-2.5365970134735107,0.00024252641014754772,0.00032805296359583735,0.000774507992900908,0.022702429443597794,0.022700989618897438,214.0,0.0,-0.0002556676045060158,0
-353521749.0,1491741917.0,571140.0,121.0,200.0,0.0,10332.0,10.0,0.0011575059033930302,0.0007825398934073746,-2.536527633666992,0.0002838133368641138,0.0003326597507111728,0.0007832610281184316,0.02244887873530388,0.022446751594543457,214.0,0.0,-0.00030906888423487544,0
-353521749.0,1491741917.0,571140.0,121.0,200.0,0.0,10332.0,10.0,0.0011575059033930302,0.0007825398934073746,-2.536527633666992,0.0002838133368641138,0.0003326597507111728,0.0007832610281184316,0.02244887873530388,0.022446751594543457,214.0,0.0,-0.00030906888423487544,0
-353521749.0,1491741917.0,571140.0,121.0,200.0,0.0,10332.0,10.0,0.0011655096895992756,0.0007925353711470962,-2.5364692211151123,0.00019992468878626823,0.0003404942690394819,0.0007755922852084041,0.02230035327374935,0.022299006581306458,214.0,0.0,-0.00024505212786607444,0
-353521749.0,1491741917.0,571140.0,121.0,200.0,0.0,10332.0,10.0,0.0011655096895992756,0.0007925353711470962,-2.5364692211151123,0.00019992468878626823,0.0003404942690394819,0.0007755922852084041,0.02230035327374935,0.022299006581306458,214.0,0.0,-0.00024505212786607444,0
-353521749.0,1491741917.0,571140.0,121.0,200.0,0.0,10332.0,10.0,0.0011752070859074593,0.0008128670742735267,-2.536404848098755,0.00023754104040563107,0.00032196490792557597,0.0008286633528769016,0.022230107337236404,0.022228792309761047,214.0,0.0,-0.000241873727645725,0
-353521749.0,1491741917.0,571140.0,121.0,200.0,0.0,10332.0,10.0,0.0011752070859074593,0.0008128670742735267,-2.536404848098755,0.00023754104040563107,0.00032196490792557597,0.0008286633528769016,0.022230107337236404,0.022228792309761047,214.0,0.0,-0.000241873727645725,0
-353521749.0,1491741917.0,571140.0,121.0,200.0,0.0,10332.0,10.0,0.0011815120233222842,0.0008154574315994978,-2.536344051361084,0.0001746427733451128,0.0003164884983561933,0.0007534932810813189,0.02185228280723095,0.021851275116205215,214.0,0.0,-0.0002098198456224054,0
-353521749.0,1491741917.0,571140.0,121.0,200.0,0.0,10332.0,10.0,0.0011815120233222842,0.0008154574315994978,-2.536344051361084,0.0001746427733451128,0.0003164884983561933,0.0007534932810813189,0.02185228280723095,0.021851275116205215,214.0,0.0,-0.0002098198456224054,0
-353521749.0,1491741917.0,571140.0,121.0,200.0,0.0,10332.0,10.0,0.0011874991469085217,0.0008239500457420945,-2.536281108856201,0.00023257586872205138,0.0003329497412778437,0.0008143058512359858,0.021706916391849518,0.021705739200115204,214.0,1.0,-0.00022621294192504138,0
-353521749.0,1491741917.0,571140.0,121.0,200.0,0.0,10332.0,10.0,0.0011874991469085217,0.0008239500457420945,-2.536281108856201,0.00023257586872205138,0.0003329497412778437,0.0008143058512359858,0.021706916391849518,0.021705739200115204,214.0,1.0,-0.00022621294192504138,0
-353521749.0,1491741917.0,571140.0,121.0,200.0,0.0,33754.0,10.0,0.0011980175040662289,0.0008368814596906304,-2.536222219467163,0.0002716759336180985,0.00034872483229264617,0.000757106114178896,0.021736159920692444,0.02173486165702343,214.0,14.0,-0.00023749783576931804,0
-353521749.0,1491741917.0,571140.0,121.0,200.0,0.0,33754.0,10.0,0.0011980175040662289,0.0008368814596906304,-2.536222219467163,0.0002716759336180985,0.00034872483229264617,0.000757106114178896,0.021736159920692444,0.02173486165702343,214.0,14.0,-0.00023749783576931804,0
-353521749.0,1491741917.0,571140.0,121.0,200.0,0.0,15709.0,10.0,0.0012124446220695972,0.0008530226186849177,-2.5361597537994385,0.00022371194791048765,0.00034789013443514705,0.0007984109688550234,0.021704694256186485,0.021703461185097694,214.0,26.0,-0.0002313602453796193,0
-353521749.0,1491741917.0,571140.0,121.0,200.0,0.0,15709.0,10.0,0.0012124446220695972,0.0008530226186849177,-2.5361597537994385,0.00022371194791048765,0.00034789013443514705,0.0007984109688550234,0.021704694256186485,0.021703461185097694,214.0,26.0,-0.0002313602453796193,0
-353521749.0,1491741917.0,571140.0,121.0,200.0,0.0,15709.0,10.0,0.0012124446220695972,0.0008530226186849177,-2.5361597537994385,0.00022371194791048765,0.00034789013443514705,0.0007984109688550234,0.021704694256186485,0.021703461185097694,214.0,26.0,-0.0002313602453796193,0
-353521749.0,1491741917.0,571140.0,121.0,200.0,0.0,15748.0,10.0,0.0012227612314745784,0.0008602446760050952,-2.536102294921875,0.00022510660346597433,0.00029194343369454145,0.000783599796704948,0.03086470626294613,0.02160356193780899,214.0,38.0,0.022043505683541298,0
-353521749.0,1491741917.0,571140.0,121.0,200.0,0.0,15748.0,10.0,0.0012227612314745784,0.0008602446760050952,-2.536102294921875,0.00022510660346597433,0.00029194343369454145,0.000783599796704948,0.03086470626294613,0.02160356193780899,214.0,38.0,0.022043505683541298,0
-353521749.0,1491741917.0,571140.0,121.0,200.0,0.0,16001.0,10.0,0.0012342712143436074,0.0008670465904287994,-2.5360376834869385,0.00021533668041229248,0.00034719653194770217,0.0007582425605505705,0.16428257524967194,0.021792808547616005,214.0,42.0,0.16283069550991058,0
-353521749.0,1491741917.0,571140.0,121.0,200.0,0.0,16001.0,10.0,0.0012342712143436074,0.0008670465904287994,-2.5360376834869385,0.00021533668041229248,0.00034719653194770217,0.0007582425605505705,0.16428257524967194,0.021792808547616005,214.0,42.0,0.16283069550991058,0
-353521749.0,1491741917.0,571160.0,121.0,200.0,0.0,16850.0,10.0,0.0012486913474276662,0.0008854980696924031,-2.535978317260742,0.00022366683697327971,0.0002969465567730367,0.0007990328595042229,0.30036118626594543,0.022132916375994682,214.0,48.0,0.29954463243484497,0
-353521749.0,1491741917.0,571160.0,121.0,200.0,0.0,16850.0,10.0,0.0012486913474276662,0.0008854980696924031,-2.535978317260742,0.00022366683697327971,0.0002969465567730367,0.0007990328595042229,0.30036118626594543,0.022132916375994682,214.0,48.0,0.29954463243484497,0
-353521749.0,1491741917.0,571290.0,121.0,200.0,0.0,16434.0,10.0,-0.0010935710743069649,-0.001130610122345388,-2.5360147953033447,-0.01626669615507126,-0.014664584770798683,-0.00041198928374797106,0.9822083711624146,0.02090495452284813,214.0,34.0,0.9819859266281128,0
-353521749.0,1491741917.0,571290.0,121.0,200.0,0.0,16434.0,10.0,-0.0010935710743069649,-0.001130610122345388,-2.5360147953033447,-0.01626669615507126,-0.014664584770798683,-0.00041198928374797106,0.9822083711624146,0.02090495452284813,214.0,34.0,0.9819859266281128,0
-353521749.0,1491741917.0,571450.0,121.0,200.0,0.0,16509.0,10.0,-0.0025643256958574057,-0.0025951266288757324,-2.5362930297851562,0.0018608230166137218,0.0018822441343218088,-0.0004064538225065917,1.2115154266357422,0.011621660552918911,214.0,35.0,1.2114596366882324,0
-353521749.0,1491741917.0,571450.0,121.0,200.0,0.0,16509.0,10.0,-0.0025643256958574057,-0.0025951266288757324,-2.5362930297851562,0.0018608230166137218,0.0018822441343218088,-0.0004064538225065917,1.2115154266357422,0.011621660552918911,214.0,35.0,1.2114596366882324,0
-353521749.0,1491741917.0,571690.0,121.0,200.0,1.0,16561.0,10.0,-0.0007892440189607441,-0.001023172284476459,-2.5364537239074707,0.009946350939571857,0.009838521480560303,0.0002730051055550575,1.1982498168945312,0.0018755722558125854,214.0,41.0,1.1982483863830566,0
-353521749.0,1491741917.0,571690.0,121.0,200.0,1.0,16561.0,10.0,-0.0007892440189607441,-0.001023172284476459,-2.5364537239074707,0.009946350939571857,0.009838521480560303,0.0002730051055550575,1.1982498168945312,0.0018755722558125854,214.0,41.0,1.1982483863830566,0
-353521749.0,1491741917.0,571690.0,121.0,200.0,1.0,16561.0,10.0,-0.0007892440189607441,-0.001023172284476459,-2.5364537239074707,0.009946350939571857,0.009838521480560303,0.0002730051055550575,1.1982498168945312,0.0018755722558125854,214.0,41.0,1.1982483863830566,0
-353521749.0,1491741917.0,571930.0,121.0,200.0,2.0,16594.0,10.0,0.0012857959372922778,0.0008698648889549077,-2.536466360092163,0.006118886172771454,0.0057435049675405025,0.0006243160460144281,1.4341686964035034,0.0010035275481641293,214.0,41.0,1.4341682195663452,0
-353521749.0,1491741917.0,571930.0,121.0,200.0,2.0,16594.0,10.0,0.0012857959372922778,0.0008698648889549077,-2.536466360092163,0.006118886172771454,0.0057435049675405025,0.0006243160460144281,1.4341686964035034,0.0010035275481641293,214.0,41.0,1.4341682195663452,0
-353521750.0,1491741917.0,572470.0,121.0,200.0,2.0,16636.0,10.0,0.0024467776529490948,0.0019847240764647722,-2.5364460945129395,0.004316011909395456,0.0044992221519351006,0.000590391515288502,1.6827824115753174,0.0043769413605332375,214.0,42.0,1.682776689529419,0
-353521750.0,1491741917.0,572470.0,121.0,200.0,2.0,16636.0,10.0,0.0024467776529490948,0.0019847240764647722,-2.5364460945129395,0.004316011909395456,0.0044992221519351006,0.000590391515288502,1.6827824115753174,0.0043769413605332375,214.0,42.0,1.682776689529419,0
-353521751.0,1491741917.0,572800.0,121.0,200.0,1.0,16648.0,10.0,0.00279791047796607,0.0025329303462058306,-2.536414861679077,0.0004077352350577712,0.00026463158428668976,0.0005738307372666895,1.941401481628418,0.011002684012055397,214.0,42.0,1.9413702487945557,0
-353521751.0,1491741917.0,572800.0,121.0,200.0,1.0,16648.0,10.0,0.00279791047796607,0.0025329303462058306,-2.536414861679077,0.0004077352350577712,0.00026463158428668976,0.0005738307372666895,1.941401481628418,0.011002684012055397,214.0,42.0,1.9413702487945557,0
-353521752.0,1491741917.0,573180.0,121.0,200.0,1.0,16560.0,10.0,0.002794871339574456,0.0025181022938340902,-2.5363922119140625,-0.0009086196077987552,0.0003312209155410528,0.0006600265624001622,2.207021951675415,0.017790168523788452,214.0,43.0,2.2069504261016846,0
-353521752.0,1491741917.0,573180.0,121.0,200.0,1.0,16560.0,10.0,0.002794871339574456,0.0025181022938340902,-2.5363922119140625,-0.0009086196077987552,0.0003312209155410528,0.0006600265624001622,2.207021951675415,0.017790168523788452,214.0,43.0,2.2069504261016846,0
-353521752.0,1491741918.0,573590.0,121.0,200.0,0.0,16217.0,10.0,0.002605234272778034,0.0024991845712065697,-2.550715208053589,0.0003149148542433977,0.0003972317208535969,0.0005005358252674341,2.4310829639434814,0.02365153469145298,213.0,41.0,2.4309678077697754,0
-353521752.0,1491741918.0,573590.0,121.0,200.0,0.0,16217.0,10.0,0.002605234272778034,0.0024991845712065697,-2.550715208053589,0.0003149148542433977,0.0003972317208535969,0.0005005358252674341,2.4310829639434814,0.02365153469145298,213.0,41.0,2.4309678077697754,0
-353521752.0,1491741918.0,574530.0,121.0,200.0,0.0,1955.0,10.0,0.002550089033320546,0.002218556124716997,-2.5513968467712402,0.0015453005908057094,-0.0008714009309187531,0.002395667601376772,2.5247113704681396,0.028662115335464478,213.0,40.0,2.5245487689971924,0
-353521752.0,1491741918.0,574530.0,121.0,200.0,0.0,1955.0,10.0,0.002550089033320546,0.002218556124716997,-2.5513968467712402,0.0015453005908057094,-0.0008714009309187531,0.002395667601376772,2.5247113704681396,0.028662115335464478,213.0,40.0,2.5245487689971924,0
-353521752.0,1491741918.0,574530.0,121.0,200.0,0.0,1955.0,10.0,0.002550089033320546,0.002218556124716997,-2.5513968467712402,0.0015453005908057094,-0.0008714009309187531,0.002395667601376772,2.5247113704681396,0.028662115335464478,213.0,40.0,2.5245487689971924,0
-353521752.0,1491741918.0,575030.0,121.0,200.0,0.0,260.0,10.0,0.002230957616120577,0.0017311725532636046,-2.55062198638916,-0.0016386655624955893,-0.0028323058504611254,0.0028701801784336567,2.539998769760132,0.031619440764188766,213.0,39.0,2.539802074432373,0
-353521752.0,1491741918.0,575030.0,121.0,200.0,0.0,260.0,10.0,0.002230957616120577,0.0017311725532636046,-2.55062198638916,-0.0016386655624955893,-0.0028323058504611254,0.0028701801784336567,2.539998769760132,0.031619440764188766,213.0,39.0,2.539802074432373,0
-353521752.0,1491741918.0,575540.0,121.0,200.0,0.0,35806.0,10.0,0.001658656750805676,0.001494919415563345,-2.5502278804779053,-0.002444240730255842,-0.0011669648811221123,0.0008533234940841794,2.521988868713379,0.03313462436199188,213.0,39.0,2.52177095413208,0
-353521752.0,1491741918.0,575540.0,121.0,200.0,0.0,35806.0,10.0,0.001658656750805676,0.001494919415563345,-2.5502278804779053,-0.002444240730255842,-0.0011669648811221123,0.0008533234940841794,2.521988868713379,0.03313462436199188,213.0,39.0,2.52177095413208,0
-353521752.0,1491741918.0,576040.0,121.0,200.0,0.0,35728.0,10.0,0.0018022697186097503,0.0012110724346712232,-2.5502445697784424,0.0032051075249910355,-0.0015368703752756119,-0.0006868993514217436,2.4971554279327393,0.033734966069459915,213.0,39.0,2.4969277381896973,0
-353521752.0,1491741918.0,576040.0,121.0,200.0,0.0,35728.0,10.0,0.0018022697186097503,0.0012110724346712232,-2.5502445697784424,0.0032051075249910355,-0.0015368703752756119,-0.0006868993514217436,2.4971554279327393,0.033734966069459915,213.0,39.0,2.4969277381896973,0
-353521752.0,1491741918.0,577040.0,121.0,200.0,0.0,35483.0,10.0,0.0018799701938405633,0.0009046620689332485,-2.5504815578460693,0.00043102377094328403,-0.0006112543633207679,-0.0003674823965411633,2.47648286819458,0.03397797420620918,213.0,39.0,2.476249933242798,0
-353521752.0,1491741918.0,577040.0,121.0,200.0,0.0,35483.0,10.0,0.0018799701938405633,0.0009046620689332485,-2.5504815578460693,0.00043102377094328403,-0.0006112543633207679,-0.0003674823965411633,2.47648286819458,0.03397797420620918,213.0,39.0,2.476249933242798,0
-353521752.0,1491741918.0,577040.0,121.0,200.0,0.0,35483.0,10.0,0.0018799701938405633,0.0009046620689332485,-2.5504815578460693,0.00043102377094328403,-0.0006112543633207679,-0.0003674823965411633,2.47648286819458,0.03397797420620918,213.0,39.0,2.476249933242798,0
-353521752.0,1491741918.0,577540.0,121.0,200.0,0.0,34957.0,10.0,0.0016120118089020252,0.00036021257983520627,-2.5504493713378906,-0.0008268940728157759,-0.002071410184726119,0.0007677677203901112,2.4642364978790283,0.03282584249973297,213.0,39.0,2.464017629623413,0
-353521752.0,1491741918.0,577540.0,121.0,200.0,0.0,34957.0,10.0,0.0016120118089020252,0.00036021257983520627,-2.5504493713378906,-0.0008268940728157759,-0.002071410184726119,0.0007677677203901112,2.4642364978790283,0.03282584249973297,213.0,39.0,2.464017629623413,0
-353521752.0,1491741918.0,578030.0,121.0,200.0,0.0,34145.0,10.0,0.0016228025779128075,0.0004991443711332977,-2.550379514694214,0.0012211574940010905,0.0015416985843330622,0.0006189375417307019,2.4608309268951416,0.030920300632715225,213.0,39.0,2.460636854171753,0
-353521752.0,1491741918.0,578030.0,121.0,200.0,0.0,34145.0,10.0,0.0016228025779128075,0.0004991443711332977,-2.550379514694214,0.0012211574940010905,0.0015416985843330622,0.0006189375417307019,2.4608309268951416,0.030920300632715225,213.0,39.0,2.460636854171753,0
-353521752.0,1491741918.0,578520.0,121.0,200.0,0.0,33021.0,10.0,0.0016524664824828506,0.0009416498942300677,-2.550342559814453,0.0013802951434627175,0.0031918822787702084,0.000355058436980471,2.462470054626465,0.02977887913584709,213.0,39.0,2.462289810180664,0
-353521752.0,1491741918.0,578520.0,121.0,200.0,0.0,33021.0,10.0,0.0016524664824828506,0.0009416498942300677,-2.550342559814453,0.0013802951434627175,0.0031918822787702084,0.000355058436980471,2.462470054626465,0.02977887913584709,213.0,39.0,2.462289810180664,0
-353521752.0,1491741918.0,579500.0,121.0,200.0,0.0,31710.0,10.0,0.0013884808868169785,0.0015556757571175694,-2.5503859519958496,0.0008727761451154947,0.002529480028897524,0.0003541640180628747,2.468574047088623,0.029201935976743698,213.0,39.0,2.4684011936187744,0
-353521752.0,1491741918.0,579500.0,121.0,200.0,0.0,31710.0,10.0,0.0013884808868169785,0.0015556757571175694,-2.5503859519958496,0.0008727761451154947,0.002529480028897524,0.0003541640180628747,2.468574047088623,0.029201935976743698,213.0,39.0,2.4684011936187744,0
-353521752.0,1491741918.0,579990.0,121.0,200.0,0.0,32456.0,10.0,0.0015563106862828135,0.0016818403964862227,-2.550386905670166,0.0013333515962585807,-0.0028038453310728073,0.0007516490295529366,2.474083423614502,0.028765536844730377,213.0,39.0,2.4739160537719727,0
-353521752.0,1491741918.0,579990.0,121.0,200.0,0.0,32456.0,10.0,0.0015563106862828135,0.0016818403964862227,-2.550386905670166,0.0013333515962585807,-0.0028038453310728073,0.0007516490295529366,2.474083423614502,0.028765536844730377,213.0,39.0,2.4739160537719727,0
-353521751.0,1491741918.0,580480.0,121.0,200.0,0.0,33524.0,10.0,0.0020229602232575417,0.0014704560162499547,-2.5502922534942627,0.0020744455978274345,-0.0003015747060999274,0.0007776377606205642,2.478630542755127,0.02892877720296383,213.0,39.0,2.478461503982544,0
-353521751.0,1491741918.0,580480.0,121.0,200.0,0.0,33524.0,10.0,0.0020229602232575417,0.0014704560162499547,-2.5502922534942627,0.0020744455978274345,-0.0003015747060999274,0.0007776377606205642,2.478630542755127,0.02892877720296383,213.0,39.0,2.478461503982544,0
-353521750.0,1491741918.0,580970.0,121.0,200.0,0.0,33956.0,10.0,0.002008401555940509,0.001178291509859264,-2.5502967834472656,-0.002410039771348238,0.00031696242513135076,-0.0003137863823212683,2.484262228012085,0.029802938923239708,213.0,39.0,2.484083414077759,0
-353521750.0,1491741918.0,580970.0,121.0,200.0,0.0,33956.0,10.0,0.002008401555940509,0.001178291509859264,-2.5502967834472656,-0.002410039771348238,0.00031696242513135076,-0.0003137863823212683,2.484262228012085,0.029802938923239708,213.0,39.0,2.484083414077759,0
-353521750.0,1491741918.0,581970.0,121.0,200.0,0.0,33422.0,10.0,0.0014514023205265403,0.0008134887320920825,-2.5503902435302734,-0.0030215191654860973,0.000173267035279423,0.00021811426267959177,2.4916651248931885,0.029367081820964813,213.0,39.0,2.4914917945861816,0
-353521750.0,1491741918.0,581970.0,121.0,200.0,0.0,33422.0,10.0,0.0014514023205265403,0.0008134887320920825,-2.5503902435302734,-0.0030215191654860973,0.000173267035279423,0.00021811426267959177,2.4916651248931885,0.029367081820964813,213.0,39.0,2.4914917945861816,0
-353521750.0,1491741918.0,581970.0,121.0,200.0,0.0,33422.0,10.0,0.0014514023205265403,0.0008134887320920825,-2.5503902435302734,-0.0030215191654860973,0.000173267035279423,0.00021811426267959177,2.4916651248931885,0.029367081820964813,213.0,39.0,2.4914917945861816,0
-353521750.0,1491741918.0,582460.0,121.0,200.0,0.0,32962.0,10.0,0.001194799435324967,0.0006000105058774352,-2.550379753112793,-0.0015118075534701347,-0.0005488194874487817,0.0005375142209231853,2.4974417686462402,0.027414288371801376,213.0,39.0,2.497291088104248,0
-353521750.0,1491741918.0,582460.0,121.0,200.0,0.0,32962.0,10.0,0.001194799435324967,0.0006000105058774352,-2.550379753112793,-0.0015118075534701347,-0.0005488194874487817,0.0005375142209231853,2.4974417686462402,0.027414288371801376,213.0,39.0,2.497291088104248,0
-353521750.0,1491741918.0,582960.0,121.0,200.0,0.0,32268.0,10.0,0.0011704184580594301,0.0006198982009664178,-2.550360918045044,-0.00048676144797354937,0.0012754002818837762,0.0003622429212555289,2.5015299320220947,0.02536320872604847,213.0,39.0,2.50140118598938,0
-353521750.0,1491741918.0,582960.0,121.0,200.0,0.0,32268.0,10.0,0.0011704184580594301,0.0006198982009664178,-2.550360918045044,-0.00048676144797354937,0.0012754002818837762,0.0003622429212555289,2.5015299320220947,0.02536320872604847,213.0,39.0,2.50140118598938,0
-353521750.0,1491741918.0,583460.0,121.0,200.0,0.0,31250.0,10.0,0.0012388365576043725,0.0006082201725803316,-2.550379514694214,0.000496319611556828,-6.717653013765812e-05,0.0002211726678069681,2.503896713256836,0.023574937134981155,213.0,39.0,2.5037858486175537,0
-353521750.0,1491741918.0,583460.0,121.0,200.0,0.0,31250.0,10.0,0.0012388365576043725,0.0006082201725803316,-2.550379514694214,0.000496319611556828,-6.717653013765812e-05,0.0002211726678069681,2.503896713256836,0.023574937134981155,213.0,39.0,2.5037858486175537,0
-353521750.0,1491741918.0,584460.0,121.0,200.0,0.0,27912.0,10.0,0.0015864577144384384,0.0009253321914002299,-2.5503697395324707,0.002068808302283287,0.001863027224317193,0.00018520676530897617,2.505863666534424,0.022568313404917717,213.0,39.0,2.5057618618011475,0
-353521750.0,1491741918.0,584460.0,121.0,200.0,0.0,27912.0,10.0,0.0015864577144384384,0.0009253321914002299,-2.5503697395324707,0.002068808302283287,0.001863027224317193,0.00018520676530897617,2.505863666534424,0.022568313404917717,213.0,39.0,2.5057618618011475,0
-353521750.0,1491741918.0,584960.0,121.0,200.0,0.0,27013.0,10.0,0.0017811199650168419,0.0010591733735054731,-2.550473213195801,0.0002440179232507944,0.0012235433096066117,0.00032749789534136653,2.506479263305664,0.02229153923690319,213.0,39.0,2.506380319595337,0
-353521750.0,1491741918.0,584960.0,121.0,200.0,0.0,27013.0,10.0,0.0017811199650168419,0.0010591733735054731,-2.550473213195801,0.0002440179232507944,0.0012235433096066117,0.00032749789534136653,2.506479263305664,0.02229153923690319,213.0,39.0,2.506380319595337,0
-353521750.0,1491741917.0,585460.0,121.0,200.0,0.0,26919.0,10.0,0.0014993456425145268,0.0012215814786031842,-2.550427198410034,-0.0005876677460037172,0.0007944544195197523,0.0005656160064972937,2.505750894546509,0.022358529269695282,213.0,39.0,2.5056512355804443,0
-353521750.0,1491741917.0,585460.0,121.0,200.0,0.0,26919.0,10.0,0.0014993456425145268,0.0012215814786031842,-2.550427198410034,-0.0005876677460037172,0.0007944544195197523,0.0005656160064972937,2.505750894546509,0.022358529269695282,213.0,39.0,2.5056512355804443,0
-353521750.0,1491741917.0,585960.0,121.0,200.0,0.0,26963.0,10.0,0.0013757573906332254,0.0013057977193966508,-2.5503244400024414,-0.00014219165313988924,0.0005565328756347299,0.0006712512113153934,2.504978656768799,0.022401683032512665,213.0,39.0,2.504878520965576,0
-353521750.0,1491741917.0,585960.0,121.0,200.0,0.0,26963.0,10.0,0.0013757573906332254,0.0013057977193966508,-2.5503244400024414,-0.00014219165313988924,0.0005565328756347299,0.0006712512113153934,2.504978656768799,0.022401683032512665,213.0,39.0,2.504878520965576,0
-353521750.0,1491741917.0,586960.0,121.0,200.0,0.0,26722.0,10.0,0.0013226347509771585,0.0013572971802204847,-2.5503809452056885,5.787063855677843e-05,0.0014876488130539656,-0.0004898050683550537,2.5054965019226074,0.022460181266069412,213.0,39.0,2.5053958892822266,0
-353521750.0,1491741917.0,586960.0,121.0,200.0,0.0,26722.0,10.0,0.0013226347509771585,0.0013572971802204847,-2.5503809452056885,5.787063855677843e-05,0.0014876488130539656,-0.0004898050683550537,2.5054965019226074,0.022460181266069412,213.0,39.0,2.5053958892822266,0
-353521750.0,1491741917.0,586960.0,121.0,200.0,0.0,26722.0,10.0,0.0013226347509771585,0.0013572971802204847,-2.5503809452056885,5.787063855677843e-05,0.0014876488130539656,-0.0004898050683550537,2.5054965019226074,0.022460181266069412,213.0,39.0,2.5053958892822266,0
-353521750.0,1491741917.0,587460.0,121.0,200.0,0.0,26313.0,10.0,0.001276776078157127,0.001582937315106392,-2.550443649291992,-0.0020032115280628204,0.0011969866463914514,0.0006139726028777659,2.5054585933685303,0.0225689597427845,213.0,39.0,2.505357027053833,0
-353521750.0,1491741917.0,587460.0,121.0,200.0,0.0,26313.0,10.0,0.001276776078157127,0.001582937315106392,-2.550443649291992,-0.0020032115280628204,0.0011969866463914514,0.0006139726028777659,2.5054585933685303,0.0225689597427845,213.0,39.0,2.505357027053833,0
-353521750.0,1491741917.0,587960.0,121.0,200.0,0.0,24448.0,10.0,0.000934193201828748,0.0015538441948592663,-2.5503153800964355,-0.0007761081214994192,-0.0017080709803849459,0.0006960956379771233,2.5044939517974854,0.022692697122693062,213.0,39.0,2.5043911933898926,0
-353521750.0,1491741917.0,587960.0,121.0,200.0,0.0,24448.0,10.0,0.000934193201828748,0.0015538441948592663,-2.5503153800964355,-0.0007761081214994192,-0.0017080709803849459,0.0006960956379771233,2.5044939517974854,0.022692697122693062,213.0,39.0,2.5043911933898926,0
-353521750.0,1491741917.0,588460.0,121.0,200.0,0.0,9135.0,10.0,0.0011591378133744001,0.001205905107781291,-2.550175666809082,0.004913918673992157,-0.0006566978991031647,0.0006145727820694447,2.5035412311553955,0.022209929302334785,213.0,39.0,2.5034425258636475,0
-353521750.0,1491741917.0,588460.0,121.0,200.0,0.0,9135.0,10.0,0.0011591378133744001,0.001205905107781291,-2.550175666809082,0.004913918673992157,-0.0006566978991031647,0.0006145727820694447,2.5035412311553955,0.022209929302334785,213.0,39.0,2.5034425258636475,0
-353521750.0,1491741917.0,589450.0,121.0,200.0,0.0,10597.0,10.0,0.0018566263606771827,0.0010430504335090518,-2.5501456260681152,0.0017286954680457711,-0.0002137453993782401,-2.810743171721697e-05,2.501631021499634,0.022447733208537102,213.0,39.0,2.501530408859253,0
-353521750.0,1491741917.0,589450.0,121.0,200.0,0.0,10597.0,10.0,0.0018566263606771827,0.0010430504335090518,-2.5501456260681152,0.0017286954680457711,-0.0002137453993782401,-2.810743171721697e-05,2.501631021499634,0.022447733208537102,213.0,39.0,2.501530408859253,0
-353521750.0,1491741917.0,589950.0,121.0,200.0,0.0,11144.0,10.0,0.0020097687374800444,0.0009628896950744092,-2.5501492023468018,0.0006544600473716855,3.65767627954483e-05,-6.802784628234804e-05,2.5003209114074707,0.02277594618499279,213.0,39.0,2.5002171993255615,0
-353521750.0,1491741917.0,589950.0,121.0,200.0,0.0,11144.0,10.0,0.0020097687374800444,0.0009628896950744092,-2.5501492023468018,0.0006544600473716855,3.65767627954483e-05,-6.802784628234804e-05,2.5003209114074707,0.02277594618499279,213.0,39.0,2.5002171993255615,0
-353521750.0,1491741917.0,590450.0,121.0,200.0,0.0,12131.0,10.0,0.0016628053272143006,0.0009267042623832822,-2.550217866897583,-0.0018323945114389062,0.0002118319389410317,-0.0002521602436900139,2.4987523555755615,0.02294049598276615,213.0,39.0,2.4986472129821777,0
-353521750.0,1491741917.0,590450.0,121.0,200.0,0.0,12131.0,10.0,0.0016628053272143006,0.0009267042623832822,-2.550217866897583,-0.0018323945114389062,0.0002118319389410317,-0.0002521602436900139,2.4987523555755615,0.02294049598276615,213.0,39.0,2.4986472129821777,0
-353521750.0,1491741917.0,590950.0,121.0,200.0,0.0,13787.0,10.0,0.0018551414832472801,0.0009177270694635808,-2.550304412841797,0.0009469472570344806,0.0003666927805170417,9.80423646979034e-05,2.497776746749878,0.02306971698999405,213.0,39.0,2.4976701736450195,0
-353521750.0,1491741917.0,590950.0,121.0,200.0,0.0,13787.0,10.0,0.0018551414832472801,0.0009177270694635808,-2.550304412841797,0.0009469472570344806,0.0003666927805170417,9.80423646979034e-05,2.497776746749878,0.02306971698999405,213.0,39.0,2.4976701736450195,0
-353521750.0,1491741917.0,591950.0,121.0,200.0,0.0,16567.0,10.0,0.0013596299104392529,0.0009161361958831549,-2.550316095352173,-0.0016197396907955408,0.0002655477146618068,0.0003812751383520663,2.4968626499176025,0.023026341572403908,213.0,39.0,2.4967563152313232,0
-353521750.0,1491741917.0,591950.0,121.0,200.0,0.0,16567.0,10.0,0.0013596299104392529,0.0009161361958831549,-2.550316095352173,-0.0016197396907955408,0.0002655477146618068,0.0003812751383520663,2.4968626499176025,0.023026341572403908,213.0,39.0,2.4967563152313232,0
-353521750.0,1491741917.0,591950.0,121.0,200.0,0.0,16567.0,10.0,0.0013596299104392529,0.0009161361958831549,-2.550316095352173,-0.0016197396907955408,0.0002655477146618068,0.0003812751383520663,2.4968626499176025,0.023026341572403908,213.0,39.0,2.4967563152313232,0
-353521750.0,1491741917.0,592450.0,121.0,200.0,0.0,16621.0,10.0,0.0010357015999034047,0.0010990508599206805,-2.550278425216675,-0.0006504688644781709,0.00244739162735641,0.0005064645083621144,2.4958505630493164,0.021747268736362457,213.0,39.0,2.495755910873413,0
-353521750.0,1491741917.0,592450.0,121.0,200.0,0.0,16621.0,10.0,0.0010357015999034047,0.0010990508599206805,-2.550278425216675,-0.0006504688644781709,0.00244739162735641,0.0005064645083621144,2.4958505630493164,0.021747268736362457,213.0,39.0,2.495755910873413,0
-353521750.0,1491741917.0,592940.0,121.0,200.0,0.0,15935.0,10.0,0.0010684373555704951,0.0015126201324164867,-2.550370216369629,0.0004546875134110451,-0.000593220058362931,3.686861600726843e-05,2.497384548187256,0.021153951063752174,213.0,39.0,2.4972951412200928,0
-353521750.0,1491741917.0,592940.0,121.0,200.0,0.0,15935.0,10.0,0.0010684373555704951,0.0015126201324164867,-2.550370216369629,0.0004546875134110451,-0.000593220058362931,3.686861600726843e-05,2.497384548187256,0.021153951063752174,213.0,39.0,2.4972951412200928,0
-353521750.0,1491741917.0,593440.0,121.0,200.0,0.0,14964.0,10.0,0.0013587179128080606,0.0015003364533185959,-2.5503604412078857,-0.0004101490485481918,-0.002026049653068185,0.0004573835467454046,2.500040292739868,0.021574700251221657,213.0,39.0,2.4999470710754395,0
-353521750.0,1491741917.0,593440.0,121.0,200.0,0.0,14964.0,10.0,0.0013587179128080606,0.0015003364533185959,-2.5503604412078857,-0.0004101490485481918,-0.002026049653068185,0.0004573835467454046,2.500040292739868,0.021574700251221657,213.0,39.0,2.4999470710754395,0
-353521750.0,1491741917.0,594440.0,121.0,200.0,0.0,13563.0,10.0,0.0015269230352714658,0.0014038598164916039,-2.5504372119903564,0.00023886910639703274,0.0003468815702944994,-0.0005005046259611845,2.5039725303649902,0.022280355915427208,213.0,39.0,2.503873586654663,0
-353521750.0,1491741917.0,594440.0,121.0,200.0,0.0,13563.0,10.0,0.0015269230352714658,0.0014038598164916039,-2.5504372119903564,0.00023886910639703274,0.0003468815702944994,-0.0005005046259611845,2.5039725303649902,0.022280355915427208,213.0,39.0,2.503873586654663,0
-353521750.0,1491741917.0,594940.0,121.0,200.0,0.0,13303.0,10.0,0.0015157695161178708,0.0013087718980386853,-2.550316095352173,0.0015954888658598065,0.0015422762371599674,0.0010807702783495188,2.5068657398223877,0.022277623414993286,213.0,39.0,2.5067665576934814,0
-353521750.0,1491741917.0,594940.0,121.0,200.0,0.0,13303.0,10.0,0.0015157695161178708,0.0013087718980386853,-2.550316095352173,0.0015954888658598065,0.0015422762371599674,0.0010807702783495188,2.5068657398223877,0.022277623414993286,213.0,39.0,2.5067665576934814,0
-353521750.0,1491741917.0,595440.0,121.0,200.0,0.0,13136.0,10.0,0.0018389601027593017,0.0013963042292743921,-2.550304412841797,2.2334745153784752e-05,0.0012482983293011785,5.735491868108511e-06,2.508368730545044,0.022978495806455612,213.0,39.0,2.508263349533081,0
-353521750.0,1491741917.0,595440.0,121.0,200.0,0.0,13136.0,10.0,0.0018389601027593017,0.0013963042292743921,-2.550304412841797,2.2334745153784752e-05,0.0012482983293011785,5.735491868108511e-06,2.508368730545044,0.022978495806455612,213.0,39.0,2.508263349533081,0
-353521750.0,1491741917.0,595940.0,121.0,200.0,0.0,12975.0,10.0,0.0018410634947940707,0.001125395530834794,-2.55033278465271,-0.0012293318286538124,0.0015906512271612883,0.00016616328503005207,2.5088467597961426,0.023586397990584373,213.0,39.0,2.5087358951568604,0
-353521750.0,1491741917.0,595940.0,121.0,200.0,0.0,12975.0,10.0,0.0018410634947940707,0.001125395530834794,-2.55033278465271,-0.0012293318286538124,0.0015906512271612883,0.00016616328503005207,2.5088467597961426,0.023586397990584373,213.0,39.0,2.5087358951568604,0
-353521750.0,1491741917.0,596940.0,121.0,200.0,0.0,13320.0,10.0,0.0019025902729481459,0.0011111857602372766,-2.550344467163086,-0.00021052605006843805,0.0016426114598289132,0.00032926889252848923,2.5091967582702637,0.024130485951900482,213.0,39.0,2.5090808868408203,0
-353521750.0,1491741917.0,596940.0,121.0,200.0,0.0,13320.0,10.0,0.0019025902729481459,0.0011111857602372766,-2.550344467163086,-0.00021052605006843805,0.0016426114598289132,0.00032926889252848923,2.5091967582702637,0.024130485951900482,213.0,39.0,2.5090808868408203,0
-353521750.0,1491741917.0,596940.0,121.0,200.0,0.0,13320.0,10.0,0.0019025902729481459,0.0011111857602372766,-2.550344467163086,-0.00021052605006843805,0.0016426114598289132,0.00032926889252848923,2.5091967582702637,0.024130485951900482,213.0,39.0,2.5090808868408203,0
-353521750.0,1491741918.0,597450.0,121.0,200.0,0.0,13672.0,10.0,0.001741932355798781,0.0011434034677222371,-2.550337076187134,-0.0015934762777760625,-0.0007184620480984449,0.0001991802710108459,2.50954532623291,0.02411602810025215,213.0,39.0,2.509429454803467,0
-353521750.0,1491741918.0,597450.0,121.0,200.0,0.0,13672.0,10.0,0.001741932355798781,0.0011434034677222371,-2.550337076187134,-0.0015934762777760625,-0.0007184620480984449,0.0001991802710108459,2.50954532623291,0.02411602810025215,213.0,39.0,2.509429454803467,0
-353521750.0,1491741918.0,597950.0,121.0,200.0,0.0,13944.0,10.0,0.0016907561803236604,0.0011623901082202792,-2.550348997116089,0.0013445505173876882,0.0007717004045844078,0.0002896826481446624,2.508904218673706,0.024133795872330666,213.0,39.0,2.5087881088256836,0
-353521750.0,1491741918.0,597950.0,121.0,200.0,0.0,13944.0,10.0,0.0016907561803236604,0.0011623901082202792,-2.550348997116089,0.0013445505173876882,0.0007717004045844078,0.0002896826481446624,2.508904218673706,0.024133795872330666,213.0,39.0,2.5087881088256836,0
-353521750.0,1491741918.0,598450.0,121.0,200.0,0.0,14129.0,10.0,0.0019104295643046498,0.0010928533738479018,-2.550356388092041,0.0018021324649453163,0.0012229288695380092,0.0004017000610474497,2.507887125015259,0.024602854624390602,213.0,39.0,2.5077664852142334,0
-353521750.0,1491741918.0,598450.0,121.0,200.0,0.0,14129.0,10.0,0.0019104295643046498,0.0010928533738479018,-2.550356388092041,0.0018021324649453163,0.0012229288695380092,0.0004017000610474497,2.507887125015259,0.024602854624390602,213.0,39.0,2.5077664852142334,0
-353521750.0,1491741918.0,599450.0,121.0,200.0,0.0,14897.0,10.0,0.0020490435417741537,0.0009334247442893684,-2.550363540649414,0.0018860800191760063,0.0011552638607099652,0.0003845874744001776,2.507045030593872,0.024930421262979507,213.0,39.0,2.5069210529327393,0
-353521750.0,1491741918.0,599450.0,121.0,200.0,0.0,14897.0,10.0,0.0020490435417741537,0.0009334247442893684,-2.550363540649414,0.0018860800191760063,0.0011552638607099652,0.0003845874744001776,2.507045030593872,0.024930421262979507,213.0,39.0,2.5069210529327393,0
-353521750.0,1491741918.0,599950.0,121.0,200.0,0.0,15734.0,10.0,0.001980128698050976,0.0008231921819970012,-2.5503783226013184,0.0024056020192801952,-0.0007059103809297085,0.0004982603713870049,2.5069568157196045,0.024748438969254494,213.0,39.0,2.5068345069885254,0
-353521750.0,1491741918.0,599950.0,121.0,200.0,0.0,15734.0,10.0,0.001980128698050976,0.0008231921819970012,-2.5503783226013184,0.0024056020192801952,-0.0007059103809297085,0.0004982603713870049,2.5069568157196045,0.024748438969254494,213.0,39.0,2.5068345069885254,0
-353521751.0,1491741918.0,600450.0,121.0,200.0,0.0,16643.0,10.0,0.001954235602170229,0.0010174852795898914,-2.5503957271575928,0.000420736032538116,0.0006094304844737053,0.0003634885943029076,2.436785936355591,0.02468610741198063,213.0,37.0,2.4366610050201416,0
-353521751.0,1491741918.0,600450.0,121.0,200.0,0.0,16643.0,10.0,0.001954235602170229,0.0010174852795898914,-2.5503957271575928,0.000420736032538116,0.0006094304844737053,0.0003634885943029076,2.436785936355591,0.02468610741198063,213.0,37.0,2.4366610050201416,0
-353521752.0,1491741918.0,600940.0,121.0,200.0,0.0,17362.0,10.0,0.0020273749250918627,0.0014043616829439998,-2.550426959991455,0.0005585791077464819,0.002827047137543559,0.0004291243676561862,2.248074531555176,0.024541400372982025,213.0,35.0,2.2479405403137207,0
-353521752.0,1491741918.0,600940.0,121.0,200.0,0.0,17362.0,10.0,0.0020273749250918627,0.0014043616829439998,-2.550426959991455,0.0005585791077464819,0.002827047137543559,0.0004291243676561862,2.248074531555176,0.024541400372982025,213.0,35.0,2.2479405403137207,0
-353521752.0,1491741918.0,601860.0,121.0,200.0,0.0,18127.0,10.0,0.0023159803822636604,0.0018880963325500488,-2.5504419803619385,0.003284009639173746,0.0008275540312752128,0.000581631378736347,1.9964615106582642,0.025118067860603333,213.0,34.0,1.9963035583496094,0
-353521752.0,1491741918.0,601860.0,121.0,200.0,0.0,18127.0,10.0,0.0023159803822636604,0.0018880963325500488,-2.5504419803619385,0.003284009639173746,0.0008275540312752128,0.000581631378736347,1.9964615106582642,0.025118067860603333,213.0,34.0,1.9963035583496094,0
-353521752.0,1491741918.0,601860.0,121.0,200.0,0.0,18127.0,10.0,0.0023159803822636604,0.0018880963325500488,-2.5504419803619385,0.003284009639173746,0.0008275540312752128,0.000581631378736347,1.9964615106582642,0.025118067860603333,213.0,34.0,1.9963035583496094,0
-353521752.0,1491741918.0,602270.0,121.0,200.0,0.0,18571.0,10.0,0.002597302896901965,0.0022328661289066076,-2.5504419803619385,0.0014353346778079867,0.0024158847518265247,0.0006727589061483741,1.7199032306671143,0.02610236220061779,213.0,34.0,1.7197049856185913,0
-353521752.0,1491741918.0,602270.0,121.0,200.0,0.0,18571.0,10.0,0.002597302896901965,0.0022328661289066076,-2.5504419803619385,0.0014353346778079867,0.0024158847518265247,0.0006727589061483741,1.7199032306671143,0.02610236220061779,213.0,34.0,1.7197049856185913,0
-353521752.0,1491741918.0,602630.0,121.0,200.0,0.0,21415.0,10.0,0.002541771624237299,0.002236228669062257,-2.550414800643921,-0.001273138914257288,-0.0004500090144574642,0.0006069025839678943,1.4413793087005615,0.028062786906957626,213.0,33.0,1.4411059617996216,0
-353521752.0,1491741918.0,602630.0,121.0,200.0,0.0,21415.0,10.0,0.002541771624237299,0.002236228669062257,-2.550414800643921,-0.001273138914257288,-0.0004500090144574642,0.0006069025839678943,1.4413793087005615,0.028062786906957626,213.0,33.0,1.4411059617996216,0
-353521752.0,1491741918.0,602940.0,121.0,200.0,0.0,33656.0,10.0,0.002674862975254655,0.002454046392813325,-2.550380229949951,0.0012632552534341812,0.001686400966718793,0.000479009555419907,1.1708537340164185,0.030182231217622757,213.0,33.0,1.1704647541046143,0
-353521752.0,1491741918.0,602940.0,121.0,200.0,0.0,33656.0,10.0,0.002674862975254655,0.002454046392813325,-2.550380229949951,0.0012632552534341812,0.001686400966718793,0.000479009555419907,1.1708537340164185,0.030182231217622757,213.0,33.0,1.1704647541046143,0
-353521752.0,1491741918.0,603440.0,121.0,200.0,0.0,35007.0,10.0,0.0026329217944294214,0.0020978606771677732,-2.550358295440674,-0.0004887623945251107,-0.0010650488547980785,0.0006152598652988672,0.911440372467041,0.032509755343198776,213.0,33.0,0.9108604192733765,0
-353521752.0,1491741918.0,603440.0,121.0,200.0,0.0,35007.0,10.0,0.0026329217944294214,0.0020978606771677732,-2.550358295440674,-0.0004887623945251107,-0.0010650488547980785,0.0006152598652988672,0.911440372467041,0.032509755343198776,213.0,33.0,0.9108604192733765,0
-353521752.0,1491741918.0,603620.0,121.0,200.0,0.0,34998.0,10.0,0.0023868365678936243,0.001927947043441236,-2.5503203868865967,6.281095556914806e-05,0.0004027937538921833,0.0005281444173306227,0.6617901921272278,0.03362886607646942,213.0,33.0,0.6609352231025696,0
-353521752.0,1491741918.0,603620.0,121.0,200.0,0.0,34998.0,10.0,0.0023868365678936243,0.001927947043441236,-2.5503203868865967,6.281095556914806e-05,0.0004027937538921833,0.0005281444173306227,0.6617901921272278,0.03362886607646942,213.0,33.0,0.6609352231025696,0
-353521752.0,1491741918.0,603770.0,121.0,200.0,0.0,34959.0,10.0,0.0019369438523426652,0.0016167735448107123,-2.5503084659576416,-0.0017541286069899797,0.0007266796892508864,0.0004058644699398428,0.4175899624824524,0.03408820927143097,213.0,33.0,0.4161962866783142,0
-353521752.0,1491741918.0,603770.0,121.0,200.0,0.0,34959.0,10.0,0.0019369438523426652,0.0016167735448107123,-2.5503084659576416,-0.0017541286069899797,0.0007266796892508864,0.0004058644699398428,0.4175899624824524,0.03408820927143097,213.0,33.0,0.4161962866783142,0
-353521752.0,1491741918.0,603870.0,121.0,200.0,1.0,34966.0,10.0,0.0016244931612163782,0.00135771743953228,-2.5503358840942383,-0.0021623147185891867,-0.000517645850777626,0.00034102945937775075,0.1763628125190735,0.03374204784631729,213.0,32.0,0.173104926943779,0
-353521752.0,1491741918.0,603870.0,121.0,200.0,1.0,34966.0,10.0,0.0016244931612163782,0.00135771743953228,-2.5503358840942383,-0.0021623147185891867,-0.000517645850777626,0.00034102945937775075,0.1763628125190735,0.03374204784631729,213.0,32.0,0.173104926943779,0
-353521752.0,1491741918.0,603970.0,121.0,200.0,1.0,35235.0,10.0,0.0014532897621393204,0.0012555061839520931,-2.5503344535827637,0.0017342079663649201,0.00046064378693699837,0.00032002522493712604,0.03277534246444702,0.032750505954027176,213.0,34.0,0.0012757345102727413,0
-353521752.0,1491741918.0,603970.0,121.0,200.0,1.0,35235.0,10.0,0.0014532897621393204,0.0012555061839520931,-2.5503344535827637,0.0017342079663649201,0.00046064378693699837,0.00032002522493712604,0.03277534246444702,0.032750505954027176,213.0,34.0,0.0012757345102727413,0
-353521752.0,1491741918.0,603970.0,121.0,200.0,1.0,35235.0,10.0,0.0014532897621393204,0.0012555061839520931,-2.5503344535827637,0.0017342079663649201,0.00046064378693699837,0.00032002522493712604,0.03277534246444702,0.032750505954027176,213.0,34.0,0.0012757345102727413,0
-353521752.0,1491741918.0,603980.0,121.0,200.0,0.0,35482.0,10.0,0.0016117009799927473,0.0011736699379980564,-2.5503334999084473,0.0029276874847710133,-0.0017895090859383345,0.0003815422533079982,0.05917036905884743,0.031494706869125366,213.0,35.0,-0.050092071294784546,0
-353521752.0,1491741918.0,603980.0,121.0,200.0,0.0,35482.0,10.0,0.0016117009799927473,0.0011736699379980564,-2.5503334999084473,0.0029276874847710133,-0.0017895090859383345,0.0003815422533079982,0.05917036905884743,0.031494706869125366,213.0,35.0,-0.050092071294784546,0
-353521751.0,1491741918.0,603970.0,121.0,200.0,0.0,35648.0,10.0,0.0017360990168526769,0.0012395267840474844,-2.550349712371826,0.0002779420465230942,-0.0004971635062247515,0.0002502666611690074,0.05218367651104927,0.03100493736565113,213.0,36.0,-0.04197416082024574,0
-353521751.0,1491741918.0,603970.0,121.0,200.0,0.0,35648.0,10.0,0.0017360990168526769,0.0012395267840474844,-2.550349712371826,0.0002779420465230942,-0.0004971635062247515,0.0002502666611690074,0.05218367651104927,0.03100493736565113,213.0,36.0,-0.04197416082024574,0
-353521750.0,1491741918.0,603960.0,121.0,200.0,0.0,35710.0,10.0,0.0016507237451151013,0.0010541346855461597,-2.5503575801849365,-0.002366327214986086,-0.0033925564493983984,0.00029687638743780553,0.03408123552799225,0.03140392526984215,213.0,36.0,-0.01324099488556385,0
-353521750.0,1491741918.0,603960.0,121.0,200.0,0.0,35710.0,10.0,0.0016507237451151013,0.0010541346855461597,-2.5503575801849365,-0.002366327214986086,-0.0033925564493983984,0.00029687638743780553,0.03408123552799225,0.03140392526984215,213.0,36.0,-0.01324099488556385,0
-353521750.0,1491741918.0,603960.0,121.0,200.0,0.0,35671.0,10.0,0.0013690560590475798,0.00042620504973456264,-2.5503616333007812,-0.0008184090256690979,-0.002639707177877426,0.00045534258242696524,0.033863067626953125,0.030774759128689766,213.0,36.0,0.014128755778074265,0
-353521750.0,1491741918.0,603960.0,121.0,200.0,0.0,35671.0,10.0,0.0013690560590475798,0.00042620504973456264,-2.5503616333007812,-0.0008184090256690979,-0.002639707177877426,0.00045534258242696524,0.033863067626953125,0.030774759128689766,213.0,36.0,0.014128755778074265,0
-353521750.0,1491741918.0,603960.0,121.0,200.0,0.0,35403.0,10.0,0.0010389547096565366,0.00020331710402388126,-2.5503838062286377,-0.0011108231265097857,0.0018151522381231189,0.0001958450593519956,0.042887408286333084,0.028230926021933556,213.0,36.0,0.032285358756780624,0
-353521750.0,1491741918.0,603960.0,121.0,200.0,0.0,35403.0,10.0,0.0010389547096565366,0.00020331710402388126,-2.5503838062286377,-0.0011108231265097857,0.0018151522381231189,0.0001958450593519956,0.042887408286333084,0.028230926021933556,213.0,36.0,0.032285358756780624,0
-353521750.0,1491741918.0,603960.0,121.0,200.0,0.0,34927.0,10.0,0.0010345712071284652,0.0003269414301030338,-2.550363063812256,0.0009159743785858154,0.0005016335053369403,0.0008866794523783028,0.047766540199518204,0.025681553408503532,213.0,36.0,0.04027530550956726,0
-353521750.0,1491741918.0,603960.0,121.0,200.0,0.0,34927.0,10.0,0.0010345712071284652,0.0003269414301030338,-2.550363063812256,0.0009159743785858154,0.0005016335053369403,0.0008866794523783028,0.047766540199518204,0.025681553408503532,213.0,36.0,0.04027530550956726,0
-353521750.0,1491741918.0,603970.0,121.0,200.0,0.0,33822.0,10.0,0.0012814485235139728,0.000439383351476863,-2.550356149673462,0.0013685795711353421,0.0026312721893191338,5.0730566726997495e-05,0.04730061814188957,0.023662030696868896,213.0,36.0,0.0409567654132843,0
-353521750.0,1491741918.0,603970.0,121.0,200.0,0.0,33822.0,10.0,0.0012814485235139728,0.000439383351476863,-2.550356149673462,0.0013685795711353421,0.0026312721893191338,5.0730566726997495e-05,0.04730061814188957,0.023662030696868896,213.0,36.0,0.0409567654132843,0
-353521750.0,1491741918.0,603990.0,121.0,200.0,0.0,19049.0,10.0,0.0014825989492237568,0.000647498294711113,-2.550419569015503,-9.903009049594402e-05,0.0008885866263881326,0.00043073968845419586,0.04329719766974449,0.02260756492614746,213.0,36.0,0.03692621365189552,0
-353521750.0,1491741918.0,603990.0,121.0,200.0,0.0,19049.0,10.0,0.0014825989492237568,0.000647498294711113,-2.550419569015503,-9.903009049594402e-05,0.0008885866263881326,0.00043073968845419586,0.04329719766974449,0.02260756492614746,213.0,36.0,0.03692621365189552,0
-353521750.0,1491741918.0,603990.0,121.0,200.0,0.0,19049.0,10.0,0.0014825989492237568,0.000647498294711113,-2.550419569015503,-9.903009049594402e-05,0.0008885866263881326,0.00043073968845419586,0.04329719766974449,0.02260756492614746,213.0,36.0,0.03692621365189552,0
-353521750.0,1491741918.0,604000.0,121.0,200.0,0.0,18989.0,10.0,0.001584959914907813,0.0008435549680143595,-2.550424337387085,-0.0011872116010636091,0.0003992948913946748,0.0006685488042421639,0.03642736375331879,0.021858206018805504,213.0,36.0,0.029140546917915344,0
-353521750.0,1491741918.0,604000.0,121.0,200.0,0.0,18989.0,10.0,0.001584959914907813,0.0008435549680143595,-2.550424337387085,-0.0011872116010636091,0.0003992948913946748,0.0006685488042421639,0.03642736375331879,0.021858206018805504,213.0,36.0,0.029140546917915344,0
-353521750.0,1491741918.0,604010.0,121.0,200.0,0.0,19034.0,10.0,0.0016010238323360682,0.0010685519082471728,-2.5504186153411865,0.002548551419749856,0.0024922811426222324,0.000537290470674634,0.03057689219713211,0.021896377205848694,213.0,36.0,0.021342331543564796,0
-353521750.0,1491741918.0,604010.0,121.0,200.0,0.0,19034.0,10.0,0.0016010238323360682,0.0010685519082471728,-2.5504186153411865,0.002548551419749856,0.0024922811426222324,0.000537290470674634,0.03057689219713211,0.021896377205848694,213.0,36.0,0.021342331543564796,0
-353521750.0,1491741918.0,604010.0,121.0,200.0,0.0,18958.0,10.0,0.001664745737798512,0.0011207464849576354,-2.5504279136657715,0.0010149928275495768,0.0007973213214427233,0.00045194028643891215,0.027450591325759888,0.022257981821894646,213.0,36.0,0.01606602407991886,0
-353521750.0,1491741918.0,604010.0,121.0,200.0,0.0,18958.0,10.0,0.001664745737798512,0.0011207464849576354,-2.5504279136657715,0.0010149928275495768,0.0007973213214427233,0.00045194028643891215,0.027450591325759888,0.022257981821894646,213.0,36.0,0.01606602407991886,0
-353521750.0,1491741918.0,604020.0,121.0,200.0,0.0,18830.0,10.0,0.001724846544675529,0.0009913756512105465,-2.5504817962646484,0.0010672399075701833,0.0023631625808775425,0.0006416647811420262,0.026361387223005295,0.022593408823013306,213.0,36.0,0.013581627979874611,0
-353521750.0,1491741918.0,604020.0,121.0,200.0,0.0,18830.0,10.0,0.001724846544675529,0.0009913756512105465,-2.5504817962646484,0.0010672399075701833,0.0023631625808775425,0.0006416647811420262,0.026361387223005295,0.022593408823013306,213.0,36.0,0.013581627979874611,0
-353521750.0,1491741918.0,604020.0,121.0,200.0,0.0,18830.0,10.0,0.001724846544675529,0.0009913756512105465,-2.5504817962646484,0.0010672399075701833,0.0023631625808775425,0.0006416647811420262,0.026361387223005295,0.022593408823013306,213.0,36.0,0.013581627979874611,0
-353521750.0,1491741918.0,604030.0,121.0,200.0,0.0,19109.0,10.0,0.001872898661531508,0.0007461796049028635,-2.5504233837127686,0.0007519006030634046,-0.0004450172418728471,0.0008129500201903284,0.025670675560832024,0.02251792699098587,213.0,36.0,0.012325850315392017,0
-353521750.0,1491741918.0,604030.0,121.0,200.0,0.0,19109.0,10.0,0.001872898661531508,0.0007461796049028635,-2.5504233837127686,0.0007519006030634046,-0.0004450172418728471,0.0008129500201903284,0.025670675560832024,0.02251792699098587,213.0,36.0,0.012325850315392017,0
-353521750.0,1491741918.0,604030.0,121.0,200.0,0.0,19713.0,10.0,0.0017953770002350211,0.0011218026047572494,-2.55037784576416,-0.00041361484909430146,0.0017233721446245909,0.000285006855847314,0.02516290172934532,0.022867359220981598,213.0,36.0,0.01050026249140501,0
-353521750.0,1491741918.0,604030.0,121.0,200.0,0.0,19713.0,10.0,0.0017953770002350211,0.0011218026047572494,-2.55037784576416,-0.00041361484909430146,0.0017233721446245909,0.000285006855847314,0.02516290172934532,0.022867359220981598,213.0,36.0,0.01050026249140501,0
-353521750.0,1491741918.0,604040.0,121.0,200.0,0.0,20244.0,10.0,0.0016040138434618711,0.0014827146660536528,-2.5505056381225586,-0.0007595510687679052,-0.00022349832579493523,0.00047973846085369587,0.024997390806674957,0.023620665073394775,213.0,36.0,0.00818130373954773,0
-353521750.0,1491741918.0,604040.0,121.0,200.0,0.0,20244.0,10.0,0.0016040138434618711,0.0014827146660536528,-2.5505056381225586,-0.0007595510687679052,-0.00022349832579493523,0.00047973846085369587,0.024997390806674957,0.023620665073394775,213.0,36.0,0.00818130373954773,0
-353521750.0,1491741918.0,604040.0,121.0,200.0,0.0,19940.0,10.0,0.001548274653032422,0.0017231595702469349,-2.550347328186035,-0.0015838856343179941,0.0014553394867107272,0.0009695753105916083,0.02534770593047142,0.024661358445882797,213.0,36.0,0.005858642980456352,0
-353521750.0,1491741918.0,604040.0,121.0,200.0,0.0,19940.0,10.0,0.001548274653032422,0.0017231595702469349,-2.550347328186035,-0.0015838856343179941,0.0014553394867107272,0.0009695753105916083,0.02534770593047142,0.024661358445882797,213.0,36.0,0.005858642980456352,0
-353521750.0,1491741918.0,604050.0,121.0,200.0,0.0,18534.0,10.0,0.0014526939485222101,0.0019324839813634753,-2.5503039360046387,-0.0004152509500272572,0.0010301853762939572,0.000666860374622047,0.026171505451202393,0.025714555755257607,213.0,36.0,0.004869227763265371,0
-353521750.0,1491741918.0,604050.0,121.0,200.0,0.0,18534.0,10.0,0.0014526939485222101,0.0019324839813634753,-2.5503039360046387,-0.0004152509500272572,0.0010301853762939572,0.000666860374622047,0.026171505451202393,0.025714555755257607,213.0,36.0,0.004869227763265371,0
-353521750.0,1491741918.0,604050.0,121.0,200.0,0.0,13304.0,10.0,0.001326798927038908,0.0016411932883784175,-2.5502095222473145,-0.00014701636973768473,-0.0026973828207701445,0.0007996474741958082,0.02709907852113247,0.02675812877714634,213.0,36.0,0.004285142291337252,0
-353521750.0,1491741918.0,604050.0,121.0,200.0,0.0,13304.0,10.0,0.001326798927038908,0.0016411932883784175,-2.5502095222473145,-0.00014701636973768473,-0.0026973828207701445,0.0007996474741958082,0.02709907852113247,0.02675812877714634,213.0,36.0,0.004285142291337252,0
-353521750.0,1491741918.0,604050.0,121.0,200.0,0.0,8902.0,10.0,0.001250998699106276,0.0004327873175498098,-2.5501041412353516,3.2164622098207474e-05,-0.0038350671529769897,0.0008240774041041732,0.02652347832918167,0.026232996955513954,213.0,36.0,0.0039146821945905685,0
-353521750.0,1491741918.0,604050.0,121.0,200.0,0.0,8902.0,10.0,0.001250998699106276,0.0004327873175498098,-2.5501041412353516,3.2164622098207474e-05,-0.0038350671529769897,0.0008240774041041732,0.02652347832918167,0.026232996955513954,213.0,36.0,0.0039146821945905685,0
-353521750.0,1491741918.0,604060.0,121.0,200.0,0.0,12500.0,10.0,0.0014649905497208238,7.651102350791916e-06,-2.550023317337036,0.00254046730697155,0.000922810286283493,0.0004331215168349445,0.02452261745929718,0.02419658750295639,213.0,36.0,0.00398547388613224,0
-353521750.0,1491741918.0,604060.0,121.0,200.0,0.0,12500.0,10.0,0.0014649905497208238,7.651102350791916e-06,-2.550023317337036,0.00254046730697155,0.000922810286283493,0.0004331215168349445,0.02452261745929718,0.02419658750295639,213.0,36.0,0.00398547388613224,0
-353521750.0,1491741918.0,604060.0,121.0,200.0,0.0,12500.0,10.0,0.0014649905497208238,7.651102350791916e-06,-2.550023317337036,0.00254046730697155,0.000922810286283493,0.0004331215168349445,0.02452261745929718,0.02419658750295639,213.0,36.0,0.00398547388613224,0
-353521750.0,1491741918.0,604060.0,121.0,200.0,0.0,15628.0,10.0,0.002114759525284171,0.0001091190570150502,-2.5499894618988037,0.0032990588806569576,0.0006717685610055923,0.00044601300032809377,0.02308080717921257,0.022828880697488785,213.0,36.0,0.0034008522052317858,2
-353521750.0,1491741918.0,604060.0,121.0,200.0,0.0,15628.0,10.0,0.002114759525284171,0.0001091190570150502,-2.5499894618988037,0.0032990588806569576,0.0006717685610055923,0.00044601300032809377,0.02308080717921257,0.022828880697488785,213.0,36.0,0.0034008522052317858,2
-353521750.0,1491741918.0,604060.0,121.0,200.0,0.0,17967.0,10.0,0.0022047164384275675,0.000686632061842829,-2.550177574157715,-0.0013080872595310211,0.003392915241420269,-0.0006035019177943468,0.0556519515812397,0.023057008162140846,213.0,33.0,-0.05065090209245682,2
-353521750.0,1491741918.0,604060.0,121.0,200.0,0.0,17967.0,10.0,0.0022047164384275675,0.000686632061842829,-2.550177574157715,-0.0013080872595310211,0.003392915241420269,-0.0006035019177943468,0.0556519515812397,0.023057008162140846,213.0,33.0,-0.05065090209245682,2
-353521750.0,1491741918.0,604060.0,121.0,200.0,0.0,19712.0,10.0,0.0018946864875033498,0.0011455484200268984,-2.5504233837127686,-0.0019806937780231237,0.0002497883979231119,-8.325476665049791e-05,0.275774210691452,0.023717312142252922,213.0,32.0,-0.2747524678707123,2
-353521750.0,1491741918.0,604060.0,121.0,200.0,0.0,19712.0,10.0,0.0018946864875033498,0.0011455484200268984,-2.5504233837127686,-0.0019806937780231237,0.0002497883979231119,-8.325476665049791e-05,0.275774210691452,0.023717312142252922,213.0,32.0,-0.2747524678707123,2
-353521750.0,1491741918.0,603970.0,121.0,200.0,0.0,21254.0,10.0,0.0017433332977816463,0.0011963750002905726,-2.5505123138427734,-0.0001633136998862028,-0.0008629855001345277,0.0005444308626465499,0.5482979416847229,0.02425050549209118,213.0,31.0,-0.5477614402770996,2
-353521750.0,1491741918.0,603970.0,121.0,200.0,0.0,21254.0,10.0,0.0017433332977816463,0.0011963750002905726,-2.5505123138427734,-0.0001633136998862028,-0.0008629855001345277,0.0005444308626465499,0.5482979416847229,0.02425050549209118,213.0,31.0,-0.5477614402770996,2
-353521750.0,1491741918.0,603970.0,121.0,200.0,0.0,21254.0,10.0,0.0017433332977816463,0.0011963750002905726,-2.5505123138427734,-0.0001633136998862028,-0.0008629855001345277,0.0005444308626465499,0.5482979416847229,0.02425050549209118,213.0,31.0,-0.5477614402770996,2
-353521750.0,1491741918.0,603870.0,121.0,200.0,0.0,21550.0,10.0,0.0017886869609355927,0.001365529838949442,-2.5505011081695557,0.0008284182986244559,0.0029937850777059793,0.000740358023904264,0.8318373560905457,0.024015501141548157,213.0,31.0,-0.8314905762672424,2
-353521750.0,1491741918.0,603870.0,121.0,200.0,0.0,21550.0,10.0,0.0017886869609355927,0.001365529838949442,-2.5505011081695557,0.0008284182986244559,0.0029937850777059793,0.000740358023904264,0.8318373560905457,0.024015501141548157,213.0,31.0,-0.8314905762672424,2
-353521750.0,1491741918.0,603720.0,121.0,200.0,0.0,21833.0,10.0,0.0015798361273482442,0.0016071528661996126,-2.5504512786865234,-0.0007200152613222599,-0.001860331860370934,0.0005667979130521417,1.1100870370864868,0.024303516373038292,213.0,31.0,-1.1098209619522095,2
-353521750.0,1491741918.0,603720.0,121.0,200.0,0.0,21833.0,10.0,0.0015798361273482442,0.0016071528661996126,-2.5504512786865234,-0.0007200152613222599,-0.001860331860370934,0.0005667979130521417,1.1100870370864868,0.024303516373038292,213.0,31.0,-1.1098209619522095,2
-353521750.0,1491741918.0,603520.0,121.0,200.0,0.0,22093.0,10.0,0.0014199233846738935,0.001481268322095275,-2.5504634380340576,0.00026441458612680435,-0.0006090147653594613,0.0005672043771483004,1.375815749168396,0.024703867733478546,213.0,31.0,-1.375593900680542,2
-353521750.0,1491741918.0,603520.0,121.0,200.0,0.0,22093.0,10.0,0.0014199233846738935,0.001481268322095275,-2.5504634380340576,0.00026441458612680435,-0.0006090147653594613,0.0005672043771483004,1.375815749168396,0.024703867733478546,213.0,31.0,-1.375593900680542,2
-353521750.0,1491741918.0,603010.0,121.0,200.0,0.0,19890.0,10.0,0.0014298430178314447,0.0011185785988345742,-2.5504379272460938,0.0011087440652772784,-0.001331885578110814,0.0005205644993111491,1.5347641706466675,0.02503790706396103,213.0,33.0,-1.534559965133667,2
-353521750.0,1491741918.0,603010.0,121.0,200.0,0.0,19890.0,10.0,0.0014298430178314447,0.0011185785988345742,-2.5504379272460938,0.0011087440652772784,-0.001331885578110814,0.0005205644993111491,1.5347641706466675,0.02503790706396103,213.0,33.0,-1.534559965133667,2
-353521750.0,1491741918.0,602700.0,121.0,200.0,0.0,17041.0,10.0,0.0014669394586235285,0.000835813523735851,-2.5504233837127686,0.0014741932973265648,-0.0020366457756608725,0.0004264330491423607,1.5737392902374268,0.02479395642876625,213.0,34.0,-1.5735440254211426,2
-353521750.0,1491741918.0,602700.0,121.0,200.0,0.0,17041.0,10.0,0.0014669394586235285,0.000835813523735851,-2.5504233837127686,0.0014741932973265648,-0.0020366457756608725,0.0004264330491423607,1.5737392902374268,0.02479395642876625,213.0,34.0,-1.5735440254211426,2
-353521750.0,1491741918.0,602390.0,121.0,200.0,0.0,16306.0,10.0,0.001397782121784985,0.0006919209845364094,-2.550419569015503,-0.001034575398080051,-0.0014506103470921516,0.00033364974660798907,1.5569249391555786,0.024509655311703682,213.0,35.0,-1.5567320585250854,2
-353521750.0,1491741918.0,602390.0,121.0,200.0,0.0,16306.0,10.0,0.001397782121784985,0.0006919209845364094,-2.550419569015503,-0.001034575398080051,-0.0014506103470921516,0.00033364974660798907,1.5569249391555786,0.024509655311703682,213.0,35.0,-1.5567320585250854,2
-353521750.0,1491741918.0,602080.0,121.0,200.0,0.0,16458.0,10.0,0.0014043718110769987,0.0006469208747148514,-2.5504226684570312,0.000698680873028934,0.000681618694216013,0.000561200431548059,1.522649884223938,0.023937951773405075,213.0,35.0,-1.5224616527557373,2
-353521750.0,1491741918.0,602080.0,121.0,200.0,0.0,16458.0,10.0,0.0014043718110769987,0.0006469208747148514,-2.5504226684570312,0.000698680873028934,0.000681618694216013,0.000561200431548059,1.522649884223938,0.023937951773405075,213.0,35.0,-1.5224616527557373,2
-353521750.0,1491741918.0,601480.0,121.0,200.0,0.0,16940.0,10.0,0.001409509452059865,0.0007208118913695216,-2.5504188537597656,-0.0004167606821283698,0.002271929755806923,0.00035684293834492564,1.4918314218521118,0.023793190717697144,213.0,35.0,-1.491641640663147,2
-353521750.0,1491741918.0,601480.0,121.0,200.0,0.0,16940.0,10.0,0.001409509452059865,0.0007208118913695216,-2.5504188537597656,-0.0004167606821283698,0.002271929755806923,0.00035684293834492564,1.4918314218521118,0.023793190717697144,213.0,35.0,-1.491641640663147,2
-353521750.0,1491741918.0,601480.0,121.0,200.0,0.0,16940.0,10.0,0.001409509452059865,0.0007208118913695216,-2.5504188537597656,-0.0004167606821283698,0.002271929755806923,0.00035684293834492564,1.4918314218521118,0.023793190717697144,213.0,35.0,-1.491641640663147,2
-353521750.0,1491741918.0,601180.0,121.0,200.0,0.0,17183.0,10.0,0.001471597934141755,0.0007028182735666633,-2.550417184829712,-0.0014998347032815218,0.001197451027110219,0.0004885881207883358,1.4719369411468506,0.023073138669133186,213.0,34.0,-1.471756100654602,2
-353521750.0,1491741918.0,601180.0,121.0,200.0,0.0,17183.0,10.0,0.001471597934141755,0.0007028182735666633,-2.550417184829712,-0.0014998347032815218,0.001197451027110219,0.0004885881207883358,1.4719369411468506,0.023073138669133186,213.0,34.0,-1.471756100654602,2
-353521750.0,1491741918.0,600880.0,121.0,200.0,0.0,17306.0,10.0,0.0013463122304528952,0.0010651061311364174,-2.550422430038452,0.0008715545991435647,0.0025463420897722244,0.0004558166256174445,1.4300867319107056,0.022740773856639862,213.0,36.0,-1.429905891418457,2
-353521750.0,1491741918.0,600880.0,121.0,200.0,0.0,17306.0,10.0,0.0013463122304528952,0.0010651061311364174,-2.550422430038452,0.0008715545991435647,0.0025463420897722244,0.0004558166256174445,1.4300867319107056,0.022740773856639862,213.0,36.0,-1.429905891418457,2
-353521751.0,1491741918.0,600600.0,121.0,200.0,0.0,16989.0,10.0,0.0014875177294015884,0.0011883105617016554,-2.550447702407837,0.0006420220015570521,0.00048012484330683947,0.0004694870440289378,1.2057697772979736,0.02332567423582077,213.0,39.0,-1.205544114112854,2
-353521751.0,1491741918.0,600600.0,121.0,200.0,0.0,16989.0,10.0,0.0014875177294015884,0.0011883105617016554,-2.550447702407837,0.0006420220015570521,0.00048012484330683947,0.0004694870440289378,1.2057697772979736,0.02332567423582077,213.0,39.0,-1.205544114112854,2
-353521752.0,1491741918.0,600100.0,121.0,200.0,0.0,15622.0,10.0,0.0016356033738702536,0.0012011105427518487,-2.5504391193389893,0.00038915988989174366,0.00013076234608888626,0.0005721719935536385,0.8372475504875183,0.02398388646543026,213.0,41.0,-0.8369039297103882,2
-353521752.0,1491741918.0,600100.0,121.0,200.0,0.0,15622.0,10.0,0.0016356033738702536,0.0012011105427518487,-2.5504391193389893,0.00038915988989174366,0.00013076234608888626,0.0005721719935536385,0.8372475504875183,0.02398388646543026,213.0,41.0,-0.8369039297103882,2
-353521752.0,1491741918.0,600100.0,121.0,200.0,0.0,15622.0,10.0,0.0016356033738702536,0.0012011105427518487,-2.5504391193389893,0.00038915988989174366,0.00013076234608888626,0.0005721719935536385,0.8372475504875183,0.02398388646543026,213.0,41.0,-0.8369039297103882,2
-353521752.0,1491741918.0,599930.0,121.0,200.0,0.0,14893.0,10.0,0.0017632941016927361,0.0015048928325995803,-2.550431728363037,0.0001904063392430544,0.002051036339253187,0.0006749420426785946,0.4280954897403717,0.02456466108560562,213.0,41.0,-0.42739012837409973,2
-353521752.0,1491741918.0,599930.0,121.0,200.0,0.0,14893.0,10.0,0.0017632941016927361,0.0015048928325995803,-2.550431728363037,0.0001904063392430544,0.002051036339253187,0.0006749420426785946,0.4280954897403717,0.02456466108560562,213.0,41.0,-0.42739012837409973,2
-353521752.0,1491741918.0,599820.0,121.0,200.0,0.0,13479.0,10.0,0.0021025906316936016,0.0014350650599226356,-2.5504019260406494,0.0015926925698295236,0.0010587256401777267,0.0005681118345819414,0.05891455337405205,0.025835668668150902,213.0,41.0,-0.052947551012039185,2
-353521752.0,1491741918.0,599820.0,121.0,200.0,0.0,13479.0,10.0,0.0021025906316936016,0.0014350650599226356,-2.5504019260406494,0.0015926925698295236,0.0010587256401777267,0.0005681118345819414,0.05891455337405205,0.025835668668150902,213.0,41.0,-0.052947551012039185,2
-353521752.0,1491741918.0,599780.0,121.0,200.0,0.0,10918.0,10.0,0.0022654987405985594,0.0013154324842616916,-2.5504236221313477,0.0020559446420520544,-0.0007380404276773334,0.0004080879152752459,0.2405376136302948,0.027565108612179756,213.0,40.0,0.23895293474197388,2
-353521752.0,1491741918.0,599780.0,121.0,200.0,0.0,10918.0,10.0,0.0022654987405985594,0.0013154324842616916,-2.5504236221313477,0.0020559446420520544,-0.0007380404276773334,0.0004080879152752459,0.2405376136302948,0.027565108612179756,213.0,40.0,0.23895293474197388,2
-353521752.0,1491741918.0,599840.0,121.0,200.0,0.0,2866.0,10.0,0.0022552497684955597,0.0012875477550551295,-2.5504698753356934,0.002572320867329836,-0.0011003883555531502,0.00037618400529026985,0.4336244463920593,0.02899928204715252,213.0,38.0,0.4326536953449249,2
-353521752.0,1491741918.0,599840.0,121.0,200.0,0.0,2866.0,10.0,0.0022552497684955597,0.0012875477550551295,-2.5504698753356934,0.002572320867329836,-0.0011003883555531502,0.00037618400529026985,0.4336244463920593,0.02899928204715252,213.0,38.0,0.4326536953449249,2
-353521752.0,1491741918.0,599840.0,121.0,200.0,0.0,2866.0,10.0,0.0022552497684955597,0.0012875477550551295,-2.5504698753356934,0.002572320867329836,-0.0011003883555531502,0.00037618400529026985,0.4336244463920593,0.02899928204715252,213.0,38.0,0.4326536953449249,2
-353521752.0,1491741918.0,599930.0,121.0,200.0,0.0,806.0,10.0,0.002146287588402629,0.0013524098321795464,-2.550485610961914,-0.0006142625352367759,0.000755180255509913,0.0004947647685185075,0.5424021482467651,0.0297907255589962,213.0,37.0,0.5415833592414856,2
-353521752.0,1491741918.0,599930.0,121.0,200.0,0.0,806.0,10.0,0.002146287588402629,0.0013524098321795464,-2.550485610961914,-0.0006142625352367759,0.000755180255509913,0.0004947647685185075,0.5424021482467651,0.0297907255589962,213.0,37.0,0.5415833592414856,2
-353521752.0,1491741918.0,600030.0,121.0,200.0,0.0,35977.0,10.0,0.001965196570381522,0.0013736649416387081,-2.5504746437072754,-0.00036648078821599483,-0.0001317176502197981,0.0006190511048771441,0.5898549556732178,0.030321141704916954,213.0,37.0,0.5890750885009766,2
-353521752.0,1491741918.0,600030.0,121.0,200.0,0.0,35977.0,10.0,0.001965196570381522,0.0013736649416387081,-2.5504746437072754,-0.00036648078821599483,-0.0001317176502197981,0.0006190511048771441,0.5898549556732178,0.030321141704916954,213.0,37.0,0.5890750885009766,2
-353521752.0,1491741918.0,600150.0,121.0,200.0,0.0,35770.0,10.0,0.0018262539524585009,0.0014855826739221811,-2.550488233566284,0.0006332439370453358,0.002330000279471278,0.0005166928749531507,0.5920261144638062,0.03040003962814808,213.0,36.0,0.5912451148033142,2
-353521752.0,1491741918.0,600150.0,121.0,200.0,0.0,35770.0,10.0,0.0018262539524585009,0.0014855826739221811,-2.550488233566284,0.0006332439370453358,0.002330000279471278,0.0005166928749531507,0.5920261144638062,0.03040003962814808,213.0,36.0,0.5912451148033142,2
-353521752.0,1491741918.0,600390.0,121.0,200.0,0.0,35958.0,10.0,0.0019222067203372717,0.0008715855656191707,-2.5504560470581055,0.0015103276818990707,-0.01110097300261259,0.0007511175354011357,0.5765628814697266,0.030821828171610832,213.0,36.0,0.5757384300231934,2
-353521752.0,1491741918.0,600390.0,121.0,200.0,0.0,35958.0,10.0,0.0019222067203372717,0.0008715855656191707,-2.5504560470581055,0.0015103276818990707,-0.01110097300261259,0.0007511175354011357,0.5765628814697266,0.030821828171610832,213.0,36.0,0.5757384300231934,2
-353521752.0,1491741918.0,600390.0,121.0,200.0,0.0,35958.0,10.0,0.0019222067203372717,0.0008715855656191707,-2.5504560470581055,0.0015103276818990707,-0.01110097300261259,0.0007511175354011357,0.5765628814697266,0.030821828171610832,213.0,36.0,0.5757384300231934,2
-353521752.0,1491741918.0,600510.0,121.0,200.0,0.0,34679.0,10.0,0.0017160229617729783,-0.01144034881144762,-2.550455331802368,-0.001179100596345961,-0.08377188444137573,0.0006207062979228795,0.5460874438285828,0.02504168637096882,213.0,36.0,0.5455129742622375,2
-353521752.0,1491741918.0,600510.0,121.0,200.0,0.0,34679.0,10.0,0.0017160229617729783,-0.01144034881144762,-2.550455331802368,-0.001179100596345961,-0.08377188444137573,0.0006207062979228795,0.5460874438285828,0.02504168637096882,213.0,36.0,0.5455129742622375,2
-353521752.0,1491741918.0,600620.0,121.0,200.0,1.0,23549.0,10.0,0.0016809545923024416,-0.012386777438223362,-2.5505564212799072,0.00156918924767524,0.12280742824077606,0.0005577200790867209,0.4442446827888489,0.04310024902224541,213.0,33.0,0.44214898347854614,2
-353521752.0,1491741918.0,600620.0,121.0,200.0,1.0,23549.0,10.0,0.0016809545923024416,-0.012386777438223362,-2.5505564212799072,0.00156918924767524,0.12280742824077606,0.0005577200790867209,0.4442446827888489,0.04310024902224541,213.0,33.0,0.44214898347854614,2
-353521752.0,1491741918.0,600720.0,121.0,200.0,3.0,22062.0,10.0,0.0018982068868353963,0.01012829877436161,-2.5508079528808594,0.0033207586966454983,0.03734070807695389,0.0009673163876868784,0.23412993550300598,0.03952804580330849,213.0,33.0,0.2307690680027008,2
-353521752.0,1491741918.0,600720.0,121.0,200.0,3.0,22062.0,10.0,0.0018982068868353963,0.01012829877436161,-2.5508079528808594,0.0033207586966454983,0.03734070807695389,0.0009673163876868784,0.23412993550300598,0.03952804580330849,213.0,33.0,0.2307690680027008,2
-353521752.0,1491741917.0,600830.0,121.0,200.0,3.0,22391.0,10.0,0.0016301273135468364,0.0103549649938941,-2.550966739654541,-0.0018040689174085855,-0.017704278230667114,0.001894729328341782,0.024987325072288513,0.02394426241517067,213.0,32.0,-0.007144133094698191,2
-353521752.0,1491741917.0,600830.0,121.0,200.0,3.0,22391.0,10.0,0.0016301273135468364,0.0103549649938941,-2.550966739654541,-0.0018040689174085855,-0.017704278230667114,0.001894729328341782,0.024987325072288513,0.02394426241517067,213.0,32.0,-0.007144133094698191,2
-353521752.0,1491741917.0,600830.0,121.0,200.0,3.0,22391.0,10.0,0.0016301273135468364,0.0103549649938941,-2.550966739654541,-0.0018040689174085855,-0.017704278230667114,0.001894729328341782,0.024987325072288513,0.02394426241517067,213.0,32.0,-0.007144133094698191,2
-353521753.0,1491741917.0,600830.0,121.0,200.0,1.0,23745.0,10.0,0.001498332479968667,0.005631073843687773,-2.5507984161376953,-0.0006586465169675648,-0.014800319448113441,0.002028896939009428,0.2537696361541748,0.024358175694942474,213.0,32.0,-0.2525979280471802,2
-353521753.0,1491741917.0,600830.0,121.0,200.0,1.0,23745.0,10.0,0.001498332479968667,0.005631073843687773,-2.5507984161376953,-0.0006586465169675648,-0.014800319448113441,0.002028896939009428,0.2537696361541748,0.024358175694942474,213.0,32.0,-0.2525979280471802,2
-353521753.0,1491741916.0,600800.0,121.0,200.0,0.0,28490.0,10.0,0.0018360987305641174,0.00259670102968812,-2.5505306720733643,0.0023943090345710516,-0.008996072225272655,0.0013953368179500103,0.49684664607048035,0.02743026427924633,213.0,32.0,-0.4960888922214508,2
-353521753.0,1491741916.0,600800.0,121.0,200.0,0.0,28490.0,10.0,0.0018360987305641174,0.00259670102968812,-2.5505306720733643,0.0023943090345710516,-0.008996072225272655,0.0013953368179500103,0.49684664607048035,0.02743026427924633,213.0,32.0,-0.4960888922214508,2
-353521753.0,1491741916.0,600730.0,121.0,200.0,0.0,33597.0,10.0,0.0016385428607463837,0.0008940559346228838,-2.5503463745117188,4.064349923282862e-05,-0.004488619510084391,0.0006903382018208504,0.736748993396759,0.028342559933662415,213.0,32.0,-0.7362035512924194,2
-353521753.0,1491741916.0,600730.0,121.0,200.0,0.0,33597.0,10.0,0.0016385428607463837,0.0008940559346228838,-2.5503463745117188,4.064349923282862e-05,-0.004488619510084391,0.0006903382018208504,0.736748993396759,0.028342559933662415,213.0,32.0,-0.7362035512924194,2
-353521753.0,1491741916.0,600460.0,121.0,200.0,0.0,34573.0,10.0,0.0015340319368988276,4.8114456149050966e-05,-2.5502986907958984,-0.0018056923290714622,-0.0027467822656035423,0.0004611220210790634,0.9747862219810486,0.027648968622088432,213.0,31.0,-0.9743940234184265,2
-353521753.0,1491741916.0,600460.0,121.0,200.0,0.0,34573.0,10.0,0.0015340319368988276,4.8114456149050966e-05,-2.5502986907958984,-0.0018056923290714622,-0.0027467822656035423,0.0004611220210790634,0.9747862219810486,0.027648968622088432,213.0,31.0,-0.9743940234184265,2
-353521753.0,1491741916.0,600270.0,121.0,200.0,0.0,33779.0,10.0,0.0010191694600507617,-0.00029485556297004223,-2.5503122806549072,-0.0005948899779468775,-0.0012581890914589167,0.00018604652723297477,1.2105594873428345,0.025216037407517433,213.0,31.0,-1.2102967500686646,2
-353521753.0,1491741916.0,600270.0,121.0,200.0,0.0,33779.0,10.0,0.0010191694600507617,-0.00029485556297004223,-2.5503122806549072,-0.0005948899779468775,-0.0012581890914589167,0.00018604652723297477,1.2105594873428345,0.025216037407517433,213.0,31.0,-1.2102967500686646,2
-353521753.0,1491741916.0,600040.0,121.0,200.0,0.0,32309.0,10.0,0.0011424676049500704,-3.914515764336102e-05,-2.5503647327423096,0.001038108952343464,0.0015933470567688346,6.676535122096539e-05,1.4396640062332153,0.022925639525055885,213.0,32.0,-1.439481496810913,2
-353521753.0,1491741916.0,600040.0,121.0,200.0,0.0,32309.0,10.0,0.0011424676049500704,-3.914515764336102e-05,-2.5503647327423096,0.001038108952343464,0.0015933470567688346,6.676535122096539e-05,1.4396640062332153,0.022925639525055885,213.0,32.0,-1.439481496810913,2
-353521753.0,1491741916.0,599770.0,121.0,200.0,0.0,29830.0,10.0,0.0012763489503413439,0.0002852288307622075,-2.550414562225342,0.0008106677560135722,0.0019314613891765475,0.00037332618376240134,1.5550689697265625,0.021578339859843254,213.0,33.0,-1.5549192428588867,2
-353521753.0,1491741916.0,599770.0,121.0,200.0,0.0,29830.0,10.0,0.0012763489503413439,0.0002852288307622075,-2.550414562225342,0.0008106677560135722,0.0019314613891765475,0.00037332618376240134,1.5550689697265625,0.021578339859843254,213.0,33.0,-1.5549192428588867,2
-353521753.0,1491741916.0,599170.0,121.0,200.0,0.0,24787.0,10.0,0.0014085669536143541,0.000588984927162528,-2.550438642501831,-0.0010725755710154772,-0.0011840348597615957,0.00039507978362962604,1.575815200805664,0.021149106323719025,213.0,34.0,-1.5756733417510986,2
-353521753.0,1491741916.0,599170.0,121.0,200.0,0.0,24787.0,10.0,0.0014085669536143541,0.000588984927162528,-2.550438642501831,-0.0010725755710154772,-0.0011840348597615957,0.00039507978362962604,1.575815200805664,0.021149106323719025,213.0,34.0,-1.5756733417510986,2
-353521753.0,1491741916.0,599170.0,121.0,200.0,0.0,24787.0,10.0,0.0014085669536143541,0.000588984927162528,-2.550438642501831,-0.0010725755710154772,-0.0011840348597615957,0.00039507978362962604,1.575815200805664,0.021149106323719025,213.0,34.0,-1.5756733417510986,2
-353521753.0,1491741916.0,598850.0,121.0,200.0,0.0,23679.0,10.0,0.001455626799724996,0.0007566834101453424,-2.550426483154297,-0.000422345707193017,0.0004762596217915416,0.0006440179422497749,1.554073452949524,0.021022213622927666,213.0,35.0,-1.5539313554763794,2
-353521753.0,1491741916.0,598850.0,121.0,200.0,0.0,23679.0,10.0,0.001455626799724996,0.0007566834101453424,-2.550426483154297,-0.000422345707193017,0.0004762596217915416,0.0006440179422497749,1.554073452949524,0.021022213622927666,213.0,35.0,-1.5539313554763794,2
-353521753.0,1491741916.0,598520.0,121.0,200.0,0.0,23119.0,10.0,0.0006877743871882558,0.000287881150143221,-2.550373077392578,-0.004044485278427601,-0.0023901318199932575,0.0007292759255506098,3.4936022758483887,0.017680274322628975,213.0,0.0,-3.4935574531555176,2
-353521753.0,1491741916.0,598520.0,121.0,200.0,0.0,23119.0,10.0,0.0006877743871882558,0.000287881150143221,-2.550373077392578,-0.004044485278427601,-0.0023901318199932575,0.0007292759255506098,3.4936022758483887,0.017680274322628975,213.0,0.0,-3.4935574531555176,2
-353521753.0,1491741916.0,598020.0,121.0,200.0,0.0,22886.0,10.0,-8.173706737579778e-05,-0.00018224722589366138,-2.5503287315368652,-0.007910734042525291,-0.003908074460923672,0.0007251002243719995,5.753468990325928,0.014059443026781082,213.0,0.0,-5.753451824188232,2
-353521753.0,1491741916.0,598020.0,121.0,200.0,0.0,22886.0,10.0,-8.173706737579778e-05,-0.00018224722589366138,-2.5503287315368652,-0.007910734042525291,-0.003908074460923672,0.0007251002243719995,5.753468990325928,0.014059443026781082,213.0,0.0,-5.753451824188232,2
-353521753.0,1491741916.0,595960.0,121.0,200.0,0.0,22225.0,10.0,0.003216945566236973,-0.00043774739606305957,-2.550288200378418,0.01616726815700531,-0.0003486237255856395,0.0006519103772006929,7.812364101409912,0.011349091306328773,213.0,0.0,-7.812355995178223,2
-353521753.0,1491741916.0,595960.0,121.0,200.0,0.0,22225.0,10.0,0.003216945566236973,-0.00043774739606305957,-2.550288200378418,0.01616726815700531,-0.0003486237255856395,0.0006519103772006929,7.812364101409912,0.011349091306328773,213.0,0.0,-7.812355995178223,2
-353521753.0,1491741916.0,595960.0,121.0,200.0,0.0,22225.0,10.0,0.003216945566236973,-0.00043774739606305957,-2.550288200378418,0.01616726815700531,-0.0003486237255856395,0.0006519103772006929,7.812364101409912,0.011349091306328773,213.0,0.0,-7.812355995178223,2
-353521753.0,1491741916.0,594440.0,121.0,200.0,0.0,22950.0,10.0,0.007203222718089819,-0.0005702904891222715,-2.55025577545166,0.01586909219622612,-0.0003210669383406639,0.000806660857051611,9.617847442626953,0.011332481168210506,213.0,0.0,-9.617840766906738,2
-353521753.0,1491741916.0,594440.0,121.0,200.0,0.0,22950.0,10.0,0.007203222718089819,-0.0005702904891222715,-2.55025577545166,0.01586909219622612,-0.0003210669383406639,0.000806660857051611,9.617847442626953,0.011332481168210506,213.0,0.0,-9.617840766906738,2
-353521753.0,1491741915.0,592610.0,121.0,200.0,0.0,25009.0,10.0,0.011141970753669739,-0.0007050803396850824,-2.5502359867095947,0.01567109115421772,-0.0003714130725711584,0.0006815638625994325,11.155280113220215,0.016926325857639313,213.0,0.0,-11.155267715454102,2
-353521753.0,1491741915.0,592610.0,121.0,200.0,0.0,25009.0,10.0,0.011141970753669739,-0.0007050803396850824,-2.5502359867095947,0.01567109115421772,-0.0003714130725711584,0.0006815638625994325,11.155280113220215,0.016926325857639313,213.0,0.0,-11.155267715454102,2
-353521753.0,1491741915.0,590530.0,121.0,200.0,1.0,26922.0,10.0,0.015033062547445297,-0.0008340384811162949,-2.5502498149871826,0.015399622730910778,-0.000237633241340518,0.0007731869118288159,12.431999206542969,0.030118582770228386,213.0,0.0,-12.431962966918945,2
-353521753.0,1491741915.0,590530.0,121.0,200.0,1.0,26922.0,10.0,0.015033062547445297,-0.0008340384811162949,-2.5502498149871826,0.015399622730910778,-0.000237633241340518,0.0007731869118288159,12.431999206542969,0.030118582770228386,213.0,0.0,-12.431962966918945,2
-353521753.0,1491741914.0,585700.0,121.0,200.0,3.0,28640.0,10.0,0.01887010969221592,-0.0009548172238282859,-2.5503172874450684,0.015230641700327396,-0.00031326967291533947,0.0006575503502972424,13.46975326538086,0.05177852511405945,213.0,0.0,-13.46965503692627,2
-353521753.0,1491741914.0,585700.0,121.0,200.0,3.0,28640.0,10.0,0.01887010969221592,-0.0009548172238282859,-2.5503172874450684,0.015230641700327396,-0.00031326967291533947,0.0006575503502972424,13.46975326538086,0.05177852511405945,213.0,0.0,-13.46965503692627,2
-353521753.0,1491741913.0,583030.0,121.0,200.0,5.0,28988.0,10.0,0.022645067423582077,-0.0010815932182595134,-2.5505101680755615,0.015088167041540146,-0.00027351733297109604,0.0006191940628923476,14.298916816711426,0.08264690637588501,213.0,0.0,-14.298677444458008,2
-353521753.0,1491741913.0,583030.0,121.0,200.0,5.0,28988.0,10.0,0.022645067423582077,-0.0010815932182595134,-2.5505101680755615,0.015088167041540146,-0.00027351733297109604,0.0006191940628923476,14.298916816711426,0.08264690637588501,213.0,0.0,-14.298677444458008,2
-353521753.0,1491741912.0,580220.0,121.0,200.0,8.0,29205.0,10.0,0.026367532089352608,-0.0012099507730454206,-2.5508453845977783,0.014826611615717411,-0.0001850607804954052,0.0007218014798127115,14.952544212341309,0.1231648400425911,213.0,0.0,-14.95203685760498,2
-353521753.0,1491741912.0,580220.0,121.0,200.0,8.0,29205.0,10.0,0.026367532089352608,-0.0012099507730454206,-2.5508453845977783,0.014826611615717411,-0.0001850607804954052,0.0007218014798127115,14.952544212341309,0.1231648400425911,213.0,0.0,-14.95203685760498,2
-353521753.0,1491741912.0,580220.0,121.0,200.0,8.0,29205.0,10.0,0.026367532089352608,-0.0012099507730454206,-2.5508453845977783,0.014826611615717411,-0.0001850607804954052,0.0007218014798127115,14.952544212341309,0.1231648400425911,213.0,0.0,-14.95203685760498,2
-353521752.0,1491741910.0,577290.0,121.0,200.0,11.0,29348.0,10.0,0.03002774529159069,-0.0013401360483840108,-2.5513858795166016,0.014626980759203434,-0.0002645803615450859,0.0007457539322786033,15.463184356689453,0.17335674166679382,213.0,0.0,-15.462211608886719,2
-353521752.0,1491741910.0,577290.0,121.0,200.0,11.0,29348.0,10.0,0.03002774529159069,-0.0013401360483840108,-2.5513858795166016,0.014626980759203434,-0.0002645803615450859,0.0007457539322786033,15.463184356689453,0.17335674166679382,213.0,0.0,-15.462211608886719,2
-353521750.0,1491741904.0,571490.0,121.0,200.0,9.0,29491.0,10.0,0.011645221151411533,0.0003230820584576577,-2.552069902420044,-0.10550843924283981,0.009353636763989925,0.0008609089418314397,0.6537927389144897,0.057242605835199356,213.0,0.0,-0.6512819528579712,2
-353521750.0,1491741904.0,571490.0,121.0,200.0,9.0,29491.0,10.0,0.011645221151411533,0.0003230820584576577,-2.552069902420044,-0.10550843924283981,0.009353636763989925,0.0008609089418314397,0.6537927389144897,0.057242605835199356,213.0,0.0,-0.6512819528579712,2
-353521749.0,1491741903.0,570580.0,121.0,200.0,1.0,11521.0,10.0,0.0026086776051670313,0.001044468954205513,-2.552260160446167,-0.008525483310222626,0.0014226107159629464,0.0007797215948812664,2.7039506435394287,0.03998365253210068,213.0,0.0,2.7036550045013428,2
-353521749.0,1491741903.0,570580.0,121.0,200.0,1.0,11521.0,10.0,0.0026086776051670313,0.001044468954205513,-2.552260160446167,-0.008525483310222626,0.0014226107159629464,0.0007797215948812664,2.7039506435394287,0.03998365253210068,213.0,0.0,2.7036550045013428,2
-353521749.0,1491741903.0,570580.0,121.0,200.0,1.0,11521.0,10.0,0.0026086776051670313,0.001044468954205513,-2.552260160446167,-0.008525483310222626,0.0014226107159629464,0.0007797215948812664,2.7039506435394287,0.03998365253210068,213.0,0.0,2.7036550045013428,2
-353521749.0,1491741903.0,571100.0,121.0,200.0,2.0,11522.0,10.0,0.0017990880878642201,0.0008980376878753304,-2.550623655319214,-0.0006794613436795771,0.0005299020558595657,0.0009971593972295523,0.8284643888473511,0.050628989934921265,213.0,73.0,-0.8269159197807312,2
-353521749.0,1491741903.0,571100.0,121.0,200.0,2.0,11522.0,10.0,0.0017990880878642201,0.0008980376878753304,-2.550623655319214,-0.0006794613436795771,0.0005299020558595657,0.0009971593972295523,0.8284643888473511,0.050628989934921265,213.0,73.0,-0.8269159197807312,2
-353521749.0,1491741903.0,571220.0,121.0,200.0,0.0,29521.0,10.0,0.001580086536705494,0.0008229194791056216,-2.5501365661621094,6.040546577423811e-05,0.00031587155535817146,0.0008218080620281398,0.04509922116994858,0.038380738347768784,213.0,14.0,0.023682456463575363,2
-353521749.0,1491741903.0,571220.0,121.0,200.0,0.0,29521.0,10.0,0.001580086536705494,0.0008229194791056216,-2.5501365661621094,6.040546577423811e-05,0.00031587155535817146,0.0008218080620281398,0.04509922116994858,0.038380738347768784,213.0,14.0,0.023682456463575363,2
-353521749.0,1491741903.0,571130.0,121.0,200.0,0.0,11521.0,10.0,0.001545908977277577,0.0008082618587650359,-2.549877882003784,0.00045877578668296337,0.0002442150143906474,0.0009704174008220434,0.0532841756939888,0.03423229977488518,213.0,1.0,0.040833234786987305,2
-353521749.0,1491741903.0,571130.0,121.0,200.0,0.0,11521.0,10.0,0.001545908977277577,0.0008082618587650359,-2.549877882003784,0.00045877578668296337,0.0002442150143906474,0.0009704174008220434,0.0532841756939888,0.03423229977488518,213.0,1.0,0.040833234786987305,2
-353521749.0,1491741903.0,571150.0,121.0,200.0,0.0,11522.0,10.0,0.0014966544695198536,0.0007710440549999475,-2.549586534500122,0.00022105907555669546,0.00015120324678719044,0.0010868697427213192,0.04361151531338692,0.031131751835346222,213.0,0.0,-0.030541419982910156,2
-353521749.0,1491741903.0,571150.0,121.0,200.0,0.0,11522.0,10.0,0.0014966544695198536,0.0007710440549999475,-2.549586534500122,0.00022105907555669546,0.00015120324678719044,0.0010868697427213192,0.04361151531338692,0.031131751835346222,213.0,0.0,-0.030541419982910156,2
-353521749.0,1491741903.0,571140.0,121.0,200.0,0.0,29521.0,10.0,0.0014386997791007161,0.0007535960176028311,-2.5493786334991455,0.0002856069477275014,0.0004701114958152175,0.0007123693940229714,0.028825074434280396,0.028157899156212807,213.0,0.0,-0.006165848113596439,2
-353521749.0,1491741903.0,571140.0,121.0,200.0,0.0,29521.0,10.0,0.0014386997791007161,0.0007535960176028311,-2.5493786334991455,0.0002856069477275014,0.0004701114958152175,0.0007123693940229714,0.028825074434280396,0.028157899156212807,213.0,0.0,-0.006165848113596439,2
-353521749.0,1491741903.0,571140.0,121.0,200.0,0.0,29522.0,10.0,0.0014253638219088316,0.0007349597290158272,-2.5492231845855713,0.0002286756644025445,0.00019338529091328382,0.0007361696334555745,0.0272646714001894,0.02661724016070366,213.0,0.0,-0.005906346254050732,2
-353521749.0,1491741903.0,571140.0,121.0,200.0,0.0,29522.0,10.0,0.0014253638219088316,0.0007349597290158272,-2.5492231845855713,0.0002286756644025445,0.00019338529091328382,0.0007361696334555745,0.0272646714001894,0.02661724016070366,213.0,0.0,-0.005906346254050732,2
-353521749.0,1491741903.0,571140.0,121.0,200.0,0.0,29521.0,10.0,0.0013994089094921947,0.0007274909876286983,-2.549100637435913,0.0002456316724419594,0.0002537184627726674,0.001116039464250207,0.02614017017185688,0.025423921644687653,213.0,0.0,-0.006077229045331478,2
-353521749.0,1491741903.0,571140.0,121.0,200.0,0.0,29521.0,10.0,0.0013994089094921947,0.0007274909876286983,-2.549100637435913,0.0002456316724419594,0.0002537184627726674,0.001116039464250207,0.02614017017185688,0.025423921644687653,213.0,0.0,-0.006077229045331478,2
-353521749.0,1491741903.0,571140.0,121.0,200.0,0.0,29521.0,10.0,0.0013994089094921947,0.0007274909876286983,-2.549100637435913,0.0002456316724419594,0.0002537184627726674,0.001116039464250207,0.02614017017185688,0.025423921644687653,213.0,0.0,-0.006077229045331478,2
-353521749.0,1491741903.0,571140.0,121.0,200.0,0.0,29522.0,10.0,0.0013763073366135359,0.0007194426143541932,-2.5489745140075684,0.0001438806066289544,0.0004502850351855159,0.0010187774896621704,0.024616284295916557,0.02424290031194687,213.0,0.0,-0.004271212965250015,2
-353521749.0,1491741903.0,571140.0,121.0,200.0,0.0,29522.0,10.0,0.0013763073366135359,0.0007194426143541932,-2.5489745140075684,0.0001438806066289544,0.0004502850351855159,0.0010187774896621704,0.024616284295916557,0.02424290031194687,213.0,0.0,-0.004271212965250015,2
-353521749.0,1491741903.0,571140.0,121.0,200.0,0.0,11521.0,10.0,0.0013792576501145959,0.0007286209729500115,-2.5488743782043457,0.00025164498947560787,0.0002797899069264531,0.0009334317874163389,0.023709816858172417,0.02348802052438259,213.0,0.0,-0.003235476091504097,2
-353521749.0,1491741903.0,571140.0,121.0,200.0,0.0,11521.0,10.0,0.0013792576501145959,0.0007286209729500115,-2.5488743782043457,0.00025164498947560787,0.0002797899069264531,0.0009334317874163389,0.023709816858172417,0.02348802052438259,213.0,0.0,-0.003235476091504097,2
-353521749.0,1491741903.0,571140.0,121.0,200.0,0.0,11522.0,10.0,0.0013888507382944226,0.0007275355164892972,-2.548828601837158,0.00029467232525348663,0.00019608414731919765,0.0006520330789498985,0.02332930453121662,0.023223964497447014,213.0,0.0,-0.002214498817920685,2
-353521749.0,1491741903.0,571140.0,121.0,200.0,0.0,11522.0,10.0,0.0013888507382944226,0.0007275355164892972,-2.548828601837158,0.00029467232525348663,0.00019608414731919765,0.0006520330789498985,0.02332930453121662,0.023223964497447014,213.0,0.0,-0.002214498817920685,2
-353521749.0,1491741903.0,571140.0,121.0,200.0,0.0,29522.0,10.0,0.0014071501791477203,0.000721463467925787,-2.548797130584717,0.00019445654470473528,0.00024255726020783186,0.0007899610209278762,0.022799380123615265,0.02277621626853943,213.0,0.0,-0.0010275046806782484,2
-353521749.0,1491741903.0,571140.0,121.0,200.0,0.0,29522.0,10.0,0.0014071501791477203,0.000721463467925787,-2.548797130584717,0.00019445654470473528,0.00024255726020783186,0.0007899610209278762,0.022799380123615265,0.02277621626853943,213.0,0.0,-0.0010275046806782484,2
-353521749.0,1491741903.0,571140.0,121.0,200.0,0.0,11521.0,10.0,0.0013924152590334415,0.0007251500501297414,-2.5487728118896484,0.0004036900354549289,0.0002332623116672039,0.0011384862009435892,0.02265283651649952,0.02265283465385437,213.0,0.0,-2.293864554303582e-06,2
-353521749.0,1491741903.0,571140.0,121.0,200.0,0.0,11521.0,10.0,0.0013924152590334415,0.0007251500501297414,-2.5487728118896484,0.0004036900354549289,0.0002332623116672039,0.0011384862009435892,0.02265283651649952,0.02265283465385437,213.0,0.0,-2.293864554303582e-06,2
-353521749.0,1491741903.0,571140.0,121.0,200.0,0.0,11522.0,10.0,0.0015381497796624899,0.0007537064957432449,-2.549685478210449,0.00022914400324225426,0.00030393130145967007,0.0009000728605315089,0.03303096815943718,0.024390796199440956,213.0,0.0,0.022274065762758255,2
-353521749.0,1491741903.0,571140.0,121.0,200.0,0.0,11522.0,10.0,0.0015381497796624899,0.0007537064957432449,-2.549685478210449,0.00022914400324225426,0.00030393130145967007,0.0009000728605315089,0.03303096815943718,0.024390796199440956,213.0,0.0,0.022274065762758255,2
-353521749.0,1491741903.0,571140.0,121.0,200.0,0.0,11522.0,10.0,0.0015381497796624899,0.0007537064957432449,-2.549685478210449,0.00022914400324225426,0.00030393130145967007,0.0009000728605315089,0.03303096815943718,0.024390796199440956,213.0,0.0,0.022274065762758255,2
-353521749.0,1491741903.0,571140.0,121.0,200.0,0.0,29522.0,10.0,0.0015203093644231558,0.0007715639076195657,-2.552671432495117,0.0002607903443276882,0.00023924419656395912,0.0008615335682407022,0.032883886247873306,0.02442268654704094,213.0,0.0,0.022020047530531883,2
-353521749.0,1491741903.0,571140.0,121.0,200.0,0.0,29522.0,10.0,0.0015203093644231558,0.0007715639076195657,-2.552671432495117,0.0002607903443276882,0.00023924419656395912,0.0008615335682407022,0.032883886247873306,0.02442268654704094,213.0,0.0,0.022020047530531883,2
-353521749.0,1491741903.0,571140.0,121.0,200.0,0.0,11522.0,10.0,0.0015018832636997104,0.0007927811238914728,-2.5544986724853516,0.0001943231327459216,0.0002475493820384145,0.0008409711881540716,0.03275160491466522,0.024505868554115295,213.0,0.0,0.021728554740548134,2
-353521749.0,1491741903.0,571140.0,121.0,200.0,0.0,11522.0,10.0,0.0015018832636997104,0.0007927811238914728,-2.5544986724853516,0.0001943231327459216,0.0002475493820384145,0.0008409711881540716,0.03275160491466522,0.024505868554115295,213.0,0.0,0.021728554740548134,2
-353521749.0,1491741903.0,571140.0,121.0,200.0,0.0,29521.0,10.0,0.0014774075243622065,0.0008103892323561013,-2.5557150840759277,0.00025369366630911827,0.00034189887810498476,0.0008932446362450719,0.03230055049061775,0.02419416233897209,213.0,0.0,0.02140018716454506,2
-353521749.0,1491741903.0,571140.0,121.0,200.0,0.0,29521.0,10.0,0.0014774075243622065,0.0008103892323561013,-2.5557150840759277,0.00025369366630911827,0.00034189887810498476,0.0008932446362450719,0.03230055049061775,0.02419416233897209,213.0,0.0,0.02140018716454506,2
-353521749.0,1491741903.0,571140.0,121.0,200.0,0.0,29522.0,10.0,0.0014524329453706741,0.0008214854169636965,-2.5565731525421143,0.00014619529247283936,0.0003007608465850353,0.0009347121813334525,0.03202219307422638,0.024060379713773727,213.0,0.0,0.021130993962287903,2
-353521749.0,1491741903.0,571140.0,121.0,200.0,0.0,29522.0,10.0,0.0014524329453706741,0.0008214854169636965,-2.5565731525421143,0.00014619529247283936,0.0003007608465850353,0.0009347121813334525,0.03202219307422638,0.024060379713773727,213.0,0.0,0.021130993962287903,2
-353521749.0,1491741903.0,571140.0,121.0,200.0,0.0,11521.0,10.0,0.0014314571162685752,0.0008390182629227638,-2.557220458984375,0.0001902140211313963,0.0003294677007943392,0.000916859193239361,0.03173629567027092,0.023987650871276855,213.0,0.0,0.0207794439047575,2
-353521749.0,1491741903.0,571140.0,121.0,200.0,0.0,11521.0,10.0,0.0014314571162685752,0.0008390182629227638,-2.557220458984375,0.0001902140211313963,0.0003294677007943392,0.000916859193239361,0.03173629567027092,0.023987650871276855,213.0,0.0,0.0207794439047575,2
-353521749.0,1491741903.0,571140.0,121.0,200.0,0.0,29521.0,10.0,0.0014205382904037833,0.0008515127701684833,-2.5576987266540527,0.0002101752907037735,0.00030634854920208454,0.0009604882798157632,0.03142069652676582,0.02385864593088627,213.0,0.0,0.02044566534459591,2
-353521749.0,1491741903.0,571140.0,121.0,200.0,0.0,29521.0,10.0,0.0014205382904037833,0.0008515127701684833,-2.5576987266540527,0.0002101752907037735,0.00030634854920208454,0.0009604882798157632,0.03142069652676582,0.02385864593088627,213.0,0.0,0.02044566534459591,2
-353521749.0,1491741903.0,571140.0,121.0,200.0,0.0,29521.0,10.0,0.0014205382904037833,0.0008515127701684833,-2.5576987266540527,0.0002101752907037735,0.00030634854920208454,0.0009604882798157632,0.03142069652676582,0.02385864593088627,213.0,0.0,0.02044566534459591,2
-353521749.0,1491741903.0,571140.0,121.0,200.0,0.0,29521.0,10.0,0.001396250445395708,0.0008564555319026113,-2.5580856800079346,0.0001894481247290969,0.00034055206924676895,0.000919979764148593,0.030906567350029945,0.02355310134589672,213.0,0.0,0.02001168020069599,2
-353521749.0,1491741903.0,571140.0,121.0,200.0,0.0,29521.0,10.0,0.001396250445395708,0.0008564555319026113,-2.5580856800079346,0.0001894481247290969,0.00034055206924676895,0.000919979764148593,0.030906567350029945,0.02355310134589672,213.0,0.0,0.02001168020069599,2
-353521749.0,1491741903.0,571140.0,121.0,200.0,0.0,11522.0,10.0,0.001382669317536056,0.0008606869960203767,-2.558389186859131,0.0002407607389613986,0.00021033291704952717,0.0009180008200928569,0.030322343111038208,0.023213358595967293,213.0,0.0,0.019508572295308113,2
-353521749.0,1491741903.0,571140.0,121.0,200.0,0.0,11522.0,10.0,0.001382669317536056,0.0008606869960203767,-2.558389186859131,0.0002407607389613986,0.00021033291704952717,0.0009180008200928569,0.030322343111038208,0.023213358595967293,213.0,0.0,0.019508572295308113,2
-353521749.0,1491741903.0,571140.0,121.0,200.0,0.0,11521.0,10.0,0.0013669030740857124,0.0008702694321982563,-2.558626890182495,0.0002577445702627301,0.00027894123923033476,0.0008974627708084881,0.030018184334039688,0.023153990507125854,213.0,0.0,0.019104555249214172,2
-353521749.0,1491741903.0,571140.0,121.0,200.0,0.0,11521.0,10.0,0.0013669030740857124,0.0008702694321982563,-2.558626890182495,0.0002577445702627301,0.00027894123923033476,0.0008974627708084881,0.030018184334039688,0.023153990507125854,213.0,0.0,0.019104555249214172,2
-353521749.0,1491741903.0,571140.0,121.0,200.0,0.0,11597.0,10.0,0.0013628622982650995,0.0008794861496426165,-2.5587961673736572,0.0002450603060424328,0.0003298640949651599,0.0009967293590307236,0.02956147864460945,0.022934136912226677,213.0,0.0,0.01865224912762642,2
-353521749.0,1491741903.0,571140.0,121.0,200.0,0.0,11597.0,10.0,0.0013628622982650995,0.0008794861496426165,-2.5587961673736572,0.0002450603060424328,0.0003298640949651599,0.0009967293590307236,0.02956147864460945,0.022934136912226677,213.0,0.0,0.01865224912762642,2
-353521749.0,1491741903.0,571140.0,121.0,200.0,0.0,11597.0,10.0,0.0013628622982650995,0.0008794861496426165,-2.5587961673736572,0.0002450603060424328,0.0003298640949651599,0.0009967293590307236,0.02956147864460945,0.022934136912226677,213.0,0.0,0.01865224912762642,2
-353521749.0,1491741903.0,571140.0,121.0,200.0,0.0,11590.0,10.0,0.0013410440878942609,0.0008798932540230453,-2.558936357498169,0.00022201263345777988,0.0002793507883325219,0.0009561553015373647,0.028903553262352943,0.022480186074972153,213.0,0.0,0.018167462199926376,2
-353521749.0,1491741903.0,571140.0,121.0,200.0,0.0,11590.0,10.0,0.0013410440878942609,0.0008798932540230453,-2.558936357498169,0.00022201263345777988,0.0002793507883325219,0.0009561553015373647,0.028903553262352943,0.022480186074972153,213.0,0.0,0.018167462199926376,2
-353521749.0,1491741903.0,571140.0,121.0,200.0,0.0,29071.0,10.0,0.0013309769565239549,0.0008768173865973949,-2.559037923812866,0.00022352812811732292,0.0003144959919154644,0.0009783455170691013,0.028340455144643784,0.0222103763371706,213.0,0.0,0.017603429034352303,2
-353521749.0,1491741903.0,571140.0,121.0,200.0,0.0,29071.0,10.0,0.0013309769565239549,0.0008768173865973949,-2.559037923812866,0.00022352812811732292,0.0003144959919154644,0.0009783455170691013,0.028340455144643784,0.0222103763371706,213.0,0.0,0.017603429034352303,2
-353521749.0,1491741903.0,571140.0,121.0,200.0,0.0,29284.0,10.0,0.0013238347601145506,0.0008846787386573851,-2.5591282844543457,0.00024154828861355782,0.00034612335730344057,0.0009270934388041496,0.02790701389312744,0.022086551412940025,213.0,0.0,0.017058301717042923,2
-353521749.0,1491741903.0,571140.0,121.0,200.0,0.0,29284.0,10.0,0.0013238347601145506,0.0008846787386573851,-2.5591282844543457,0.00024154828861355782,0.00034612335730344057,0.0009270934388041496,0.02790701389312744,0.022086551412940025,213.0,0.0,0.017058301717042923,2
-353521749.0,1491741903.0,571140.0,121.0,200.0,0.0,14133.0,10.0,0.0013269635383039713,0.0009012895752675831,-2.5591795444488525,0.00021438405383378267,0.0003687639255076647,0.0009679704671725631,0.027587193995714188,0.02204875834286213,213.0,0.0,0.016580278053879738,2
-353521749.0,1491741903.0,571140.0,121.0,200.0,0.0,14133.0,10.0,0.0013269635383039713,0.0009012895752675831,-2.5591795444488525,0.00021438405383378267,0.0003687639255076647,0.0009679704671725631,0.027587193995714188,0.02204875834286213,213.0,0.0,0.016580278053879738,2
-353521749.0,1491741903.0,571140.0,121.0,200.0,0.0,14133.0,10.0,0.0013269635383039713,0.0009012895752675831,-2.5591795444488525,0.00021438405383378267,0.0003687639255076647,0.0009679704671725631,0.027587193995714188,0.02204875834286213,213.0,0.0,0.016580278053879738,2
-353521749.0,1491741903.0,571140.0,121.0,200.0,0.0,15600.0,10.0,0.0013181328540667892,0.0009033956448547542,-2.559227705001831,0.00031221797689795494,0.000272635486908257,0.0009072266984730959,0.02705041691660881,0.021783575415611267,213.0,0.0,0.016037484630942345,2
-353521749.0,1491741903.0,571140.0,121.0,200.0,0.0,15600.0,10.0,0.0013181328540667892,0.0009033956448547542,-2.559227705001831,0.00031221797689795494,0.000272635486908257,0.0009072266984730959,0.02705041691660881,0.021783575415611267,213.0,0.0,0.016037484630942345,2
-353521749.0,1491741903.0,571140.0,121.0,200.0,0.0,15820.0,10.0,0.001317184534855187,0.0009085678611882031,-2.559239625930786,0.00023367744870483875,0.0003214748576283455,0.0010132899042218924,0.026637380942702293,0.021639162674546242,213.0,0.0,0.015533728525042534,2
-353521749.0,1491741903.0,571140.0,121.0,200.0,0.0,15820.0,10.0,0.001317184534855187,0.0009085678611882031,-2.559239625930786,0.00023367744870483875,0.0003214748576283455,0.0010132899042218924,0.026637380942702293,0.021639162674546242,213.0,0.0,0.015533728525042534,2
-353521749.0,1491741903.0,571140.0,121.0,200.0,0.0,15850.0,10.0,0.0013164372649043798,0.0009161651832982898,-2.5592503547668457,0.00025067979004234076,0.0002518758410587907,0.0009071350214071572,0.0264289490878582,0.02172119729220867,213.0,0.0,0.015055862255394459,2
-353521749.0,1491741903.0,571140.0,121.0,200.0,0.0,15850.0,10.0,0.0013164372649043798,0.0009161651832982898,-2.5592503547668457,0.00025067979004234076,0.0002518758410587907,0.0009071350214071572,0.0264289490878582,0.02172119729220867,213.0,0.0,0.015055862255394459,2
-353521749.0,1491741903.0,571140.0,121.0,200.0,0.0,15855.0,10.0,0.0013221458066254854,0.0009336533839814365,-2.559246301651001,0.000267155934125185,0.0002877179067581892,0.000925128988455981,0.026261309161782265,0.02185955084860325,213.0,0.0,0.014553911052644253,2
-353521749.0,1491741903.0,571140.0,121.0,200.0,0.0,15855.0,10.0,0.0013221458066254854,0.0009336533839814365,-2.559246301651001,0.000267155934125185,0.0002877179067581892,0.000925128988455981,0.026261309161782265,0.02185955084860325,213.0,0.0,0.014553911052644253,2
-353521749.0,1491741903.0,571140.0,121.0,200.0,0.0,15855.0,10.0,0.0013221458066254854,0.0009336533839814365,-2.559246301651001,0.000267155934125185,0.0002877179067581892,0.000925128988455981,0.026261309161782265,0.02185955084860325,213.0,0.0,0.014553911052644253,2
-353521749.0,1491741903.0,571140.0,121.0,200.0,0.0,15855.0,10.0,0.0013190548634156585,0.0009373839711770415,-2.559229850769043,0.00017635675612837076,0.000321261934004724,0.0010564763797447085,0.025808019563555717,0.021704895421862602,213.0,0.0,0.013962502591311932,2
-353521749.0,1491741903.0,571140.0,121.0,200.0,0.0,15855.0,10.0,0.0013190548634156585,0.0009373839711770415,-2.559229850769043,0.00017635675612837076,0.000321261934004724,0.0010564763797447085,0.025808019563555717,0.021704895421862602,213.0,0.0,0.013962502591311932,2
-353521749.0,1491741903.0,571140.0,121.0,200.0,0.0,15855.0,10.0,0.001321091316640377,0.0009462096495553851,-2.5592007637023926,0.00023672194220125675,0.00032996933441609144,0.0009289732552133501,0.02562461979687214,0.021792247891426086,213.0,0.0,0.013480322435498238,2
-353521749.0,1491741903.0,571140.0,121.0,200.0,0.0,15855.0,10.0,0.001321091316640377,0.0009462096495553851,-2.5592007637023926,0.00023672194220125675,0.00032996933441609144,0.0009289732552133501,0.02562461979687214,0.021792247891426086,213.0,0.0,0.013480322435498238,2
-353521749.0,1491741903.0,571140.0,121.0,200.0,0.0,15855.0,10.0,0.0013201046967878938,0.0009521354222670197,-2.5591745376586914,0.0001961305970326066,0.00030835100915282965,0.0009689622675068676,0.025561848655343056,0.02202668786048889,213.0,0.0,0.01297046709805727,2
-353521749.0,1491741903.0,571140.0,121.0,200.0,0.0,15855.0,10.0,0.0013201046967878938,0.0009521354222670197,-2.5591745376586914,0.0001961305970326066,0.00030835100915282965,0.0009689622675068676,0.025561848655343056,0.02202668786048889,213.0,0.0,0.01297046709805727,2
-353521749.0,1491741903.0,571140.0,121.0,200.0,0.0,15855.0,10.0,0.0013308937195688486,0.000961590267252177,-2.5591254234313965,0.00019733246881514788,0.00027447345200926065,0.0009448693017475307,0.025552336126565933,0.02229904755949974,213.0,0.0,0.01247695554047823,2
-353521749.0,1491741903.0,571140.0,121.0,200.0,0.0,15855.0,10.0,0.0013308937195688486,0.000961590267252177,-2.5591254234313965,0.00019733246881514788,0.00027447345200926065,0.0009448693017475307,0.025552336126565933,0.02229904755949974,213.0,0.0,0.01247695554047823,2
-353521749.0,1491741903.0,571140.0,121.0,200.0,0.0,15855.0,10.0,0.0013308937195688486,0.000961590267252177,-2.5591254234313965,0.00019733246881514788,0.00027447345200926065,0.0009448693017475307,0.025552336126565933,0.02229904755949974,213.0,0.0,0.01247695554047823,2
-353521749.0,1491741903.0,571140.0,121.0,200.0,0.0,15855.0,10.0,0.00132744200527668,0.0009583674254827201,-2.5590832233428955,0.00020909716840833426,0.0003461717860773206,0.0010488663101568818,0.025329552590847015,0.022329937666654587,213.0,0.0,0.011956588365137577,2
-353521749.0,1491741903.0,571140.0,121.0,200.0,0.0,15855.0,10.0,0.00132744200527668,0.0009583674254827201,-2.5590832233428955,0.00020909716840833426,0.0003461717860773206,0.0010488663101568818,0.025329552590847015,0.022329937666654587,213.0,0.0,0.011956588365137577,2
-353521749.0,1491741903.0,571140.0,121.0,200.0,0.0,15855.0,10.0,0.0013270849594846368,0.0009647149126976728,-2.5590262413024902,0.00019218702800571918,0.0002658328739926219,0.001021103234961629,0.025174828246235847,0.022452859207987785,213.0,0.0,0.011386004276573658,2
-353521749.0,1491741903.0,571140.0,121.0,200.0,0.0,15855.0,10.0,0.0013270849594846368,0.0009647149126976728,-2.5590262413024902,0.00019218702800571918,0.0002658328739926219,0.001021103234961629,0.025174828246235847,0.022452859207987785,213.0,0.0,0.011386004276573658,2
-353521749.0,1491741903.0,571140.0,121.0,200.0,0.0,15855.0,10.0,0.0013325662584975362,0.0009737869258970022,-2.5589702129364014,0.0002563769230619073,0.0003569084219634533,0.0010009012185037136,0.02519453689455986,0.022729409858584404,213.0,0.0,0.010869157500565052,2
-353521749.0,1491741903.0,571140.0,121.0,200.0,0.0,15855.0,10.0,0.0013325662584975362,0.0009737869258970022,-2.5589702129364014,0.0002563769230619073,0.0003569084219634533,0.0010009012185037136,0.02519453689455986,0.022729409858584404,213.0,0.0,0.010869157500565052,2
-353521749.0,1491741903.0,571140.0,121.0,200.0,0.0,15855.0,10.0,0.0013400226598605514,0.0009873564122244716,-2.558900833129883,0.00014869647566229105,0.00034589297138154507,0.0010419602040201426,0.025251882150769234,0.023007290437817574,213.0,0.0,0.010407796129584312,2
-353521749.0,1491741903.0,571140.0,121.0,200.0,0.0,15855.0,10.0,0.0013400226598605514,0.0009873564122244716,-2.558900833129883,0.00014869647566229105,0.00034589297138154507,0.0010419602040201426,0.025251882150769234,0.023007290437817574,213.0,0.0,0.010407796129584312,2
-353521749.0,1491741903.0,571140.0,121.0,200.0,0.0,15855.0,10.0,0.0013400226598605514,0.0009873564122244716,-2.558900833129883,0.00014869647566229105,0.00034589297138154507,0.0010419602040201426,0.025251882150769234,0.023007290437817574,213.0,0.0,0.010407796129584312,2
-353521749.0,1491741903.0,571140.0,121.0,200.0,0.0,15855.0,10.0,0.001334083965048194,0.0009843353182077408,-2.5588271617889404,0.00022180972155183554,0.00032654672395437956,0.001003708690404892,0.02503632940351963,0.022959215566515923,213.0,0.0,0.00998460128903389,2
-353521749.0,1491741903.0,571140.0,121.0,200.0,0.0,15855.0,10.0,0.001334083965048194,0.0009843353182077408,-2.5588271617889404,0.00022180972155183554,0.00032654672395437956,0.001003708690404892,0.02503632940351963,0.022959215566515923,213.0,0.0,0.00998460128903389,2
-353521749.0,1491741903.0,571140.0,121.0,200.0,0.0,15855.0,10.0,0.0013304899912327528,0.0009840031852945685,-2.5587472915649414,0.00017065706197172403,0.00027482188306748867,0.0009940017480403185,0.02491278387606144,0.023014802485704422,213.0,0.0,0.009537594392895699,2
-353521749.0,1491741903.0,571140.0,121.0,200.0,0.0,15855.0,10.0,0.0013304899912327528,0.0009840031852945685,-2.5587472915649414,0.00017065706197172403,0.00027482188306748867,0.0009940017480403185,0.02491278387606144,0.023014802485704422,213.0,0.0,0.009537594392895699,2
-353521749.0,1491741903.0,571140.0,121.0,200.0,0.0,15855.0,10.0,0.001332310144789517,0.0009829446207731962,-2.5586676597595215,0.0002745134988799691,0.0003049622755497694,0.0009833351941779256,0.024986233562231064,0.023250756785273552,213.0,0.0,0.009149536490440369,2
-353521749.0,1491741903.0,571140.0,121.0,200.0,0.0,15855.0,10.0,0.001332310144789517,0.0009829446207731962,-2.5586676597595215,0.0002745134988799691,0.0003049622755497694,0.0009833351941779256,0.024986233562231064,0.023250756785273552,213.0,0.0,0.009149536490440369,2
-353521749.0,1491741903.0,571140.0,121.0,200.0,0.0,15855.0,10.0,0.0013459700858220458,0.000987762352451682,-2.5585739612579346,0.0003095122519880533,0.00032302236650139093,0.0010332430247217417,0.02498653717339039,0.023409901186823845,213.0,0.0,0.008735191076993942,2
-353521749.0,1491741903.0,571140.0,121.0,200.0,0.0,15855.0,10.0,0.0013459700858220458,0.000987762352451682,-2.5585739612579346,0.0003095122519880533,0.00032302236650139093,0.0010332430247217417,0.02498653717339039,0.023409901186823845,213.0,0.0,0.008735191076993942,2
-353521749.0,1491741903.0,571140.0,121.0,200.0,0.0,15855.0,10.0,0.0013459700858220458,0.000987762352451682,-2.5585739612579346,0.0003095122519880533,0.00032302236650139093,0.0010332430247217417,0.02498653717339039,0.023409901186823845,213.0,0.0,0.008735191076993942,2
-353521749.0,1491741903.0,571140.0,121.0,200.0,0.0,15855.0,10.0,0.0013475295854732394,0.0009886930929496884,-2.558490514755249,0.0002777436748147011,0.0003442330053076148,0.0009942587930709124,0.024713724851608276,0.023278342559933662,213.0,0.0,0.008299816399812698,2
-353521749.0,1491741903.0,571140.0,121.0,200.0,0.0,15855.0,10.0,0.0013475295854732394,0.0009886930929496884,-2.558490514755249,0.0002777436748147011,0.0003442330053076148,0.0009942587930709124,0.024713724851608276,0.023278342559933662,213.0,0.0,0.008299816399812698,2
-353521749.0,1491741903.0,571140.0,121.0,200.0,0.0,15855.0,10.0,0.001344960881397128,0.000986724509857595,-2.5584027767181396,0.00021037785336375237,0.00032542168628424406,0.0009759307140484452,0.02469656988978386,0.023405689746141434,213.0,0.0,0.007879981771111488,2
-353521749.0,1491741903.0,571140.0,121.0,200.0,0.0,15855.0,10.0,0.001344960881397128,0.000986724509857595,-2.5584027767181396,0.00021037785336375237,0.00032542168628424406,0.0009759307140484452,0.02469656988978386,0.023405689746141434,213.0,0.0,0.007879981771111488,2
-353521749.0,1491741903.0,571140.0,121.0,200.0,0.0,15855.0,10.0,0.001350922859273851,0.0009904992766678333,-2.5583159923553467,0.00018235680181533098,0.00038006389513611794,0.0010273198131471872,0.02465694025158882,0.02351812645792961,213.0,0.0,0.0074069201946258545,2
-353521749.0,1491741903.0,571140.0,121.0,200.0,0.0,15855.0,10.0,0.001350922859273851,0.0009904992766678333,-2.5583159923553467,0.00018235680181533098,0.00038006389513611794,0.0010273198131471872,0.02465694025158882,0.02351812645792961,213.0,0.0,0.0074069201946258545,2
-353521749.0,1491741903.0,571140.0,121.0,200.0,0.0,15855.0,10.0,0.00136383599601686,0.0009984008502215147,-2.5582151412963867,0.00026919995434582233,0.0002877175575122237,0.0010303135495632887,0.024718541651964188,0.02368466928601265,213.0,0.0,0.0070740943774580956,2
-353521749.0,1491741903.0,571140.0,121.0,200.0,0.0,15855.0,10.0,0.00136383599601686,0.0009984008502215147,-2.5582151412963867,0.00026919995434582233,0.0002877175575122237,0.0010303135495632887,0.024718541651964188,0.02368466928601265,213.0,0.0,0.0070740943774580956,2
-353521749.0,1491741903.0,571140.0,121.0,200.0,0.0,15855.0,10.0,0.001368476077914238,0.0009972697589546442,-2.558121681213379,0.00031806807965040207,0.0002901257248595357,0.0010214358335360885,0.02455328218638897,0.02361038327217102,213.0,0.0,0.006738950964063406,2
-353521749.0,1491741903.0,571140.0,121.0,200.0,0.0,15855.0,10.0,0.001368476077914238,0.0009972697589546442,-2.558121681213379,0.00031806807965040207,0.0002901257248595357,0.0010214358335360885,0.02455328218638897,0.02361038327217102,213.0,0.0,0.006738950964063406,2
-353521749.0,1491741903.0,571140.0,121.0,200.0,0.0,15855.0,10.0,0.001368476077914238,0.0009972697589546442,-2.558121681213379,0.00031806807965040207,0.0002901257248595357,0.0010214358335360885,0.02455328218638897,0.02361038327217102,213.0,0.0,0.006738950964063406,2
-353521749.0,1491741903.0,571140.0,121.0,200.0,0.0,15855.0,10.0,0.0013709963532164693,0.0009911592351272702,-2.5580108165740967,0.0002048845635727048,0.00030716811306774616,0.0010504683014005423,0.024513281881809235,0.02366821840405464,213.0,0.0,0.006380944978445768,2
-353521749.0,1491741903.0,571140.0,121.0,200.0,0.0,15855.0,10.0,0.0013709963532164693,0.0009911592351272702,-2.5580108165740967,0.0002048845635727048,0.00030716811306774616,0.0010504683014005423,0.024513281881809235,0.02366821840405464,213.0,0.0,0.006380944978445768,2
-353521749.0,1491741903.0,571140.0,121.0,200.0,0.0,15855.0,10.0,0.0013718769187107682,0.0009859787533059716,-2.557914972305298,0.00019019620958715677,0.00034007499925792217,0.0010965182445943356,0.02453947812318802,0.02380000427365303,213.0,0.0,0.005978790577501059,2
-353521749.0,1491741903.0,571140.0,121.0,200.0,0.0,15855.0,10.0,0.0013718769187107682,0.0009859787533059716,-2.557914972305298,0.00019019620958715677,0.00034007499925792217,0.0010965182445943356,0.02453947812318802,0.02380000427365303,213.0,0.0,0.005978790577501059,2
-353521749.0,1491741903.0,571140.0,121.0,200.0,0.0,15855.0,10.0,0.0013805567286908627,0.0009962978074327111,-2.5578060150146484,0.00018177588935941458,0.0003849936183542013,0.0009595665032975376,0.02458241954445839,0.023926114663481712,213.0,0.0,0.0056423707865178585,2
-353521749.0,1491741903.0,571140.0,121.0,200.0,0.0,15855.0,10.0,0.0013805567286908627,0.0009962978074327111,-2.5578060150146484,0.00018177588935941458,0.0003849936183542013,0.0009595665032975376,0.02458241954445839,0.023926114663481712,213.0,0.0,0.0056423707865178585,2
-353521749.0,1491741903.0,571140.0,121.0,200.0,0.0,15855.0,10.0,0.0013806907227262855,0.0009932932443916798,-2.5577080249786377,0.0001928998390212655,0.0003594253212213516,0.0009889870416373014,0.02436244674026966,0.023770906031131744,213.0,0.0,0.00533600989729166,2
-353521749.0,1491741903.0,571140.0,121.0,200.0,0.0,15855.0,10.0,0.0013806907227262855,0.0009932932443916798,-2.5577080249786377,0.0001928998390212655,0.0003594253212213516,0.0009889870416373014,0.02436244674026966,0.023770906031131744,213.0,0.0,0.00533600989729166,2
-353521749.0,1491741903.0,571140.0,121.0,200.0,0.0,15855.0,10.0,0.0013831185642629862,0.0009951391257345676,-2.5575923919677734,0.0001629466423764825,0.0002743565710261464,0.000998771283775568,0.02430010214447975,0.023758577182888985,213.0,0.0,0.005101468414068222,2
-353521749.0,1491741903.0,571140.0,121.0,200.0,0.0,15855.0,10.0,0.0013831185642629862,0.0009951391257345676,-2.5575923919677734,0.0001629466423764825,0.0002743565710261464,0.000998771283775568,0.02430010214447975,0.023758577182888985,213.0,0.0,0.005101468414068222,2
-353521749.0,1491741903.0,571140.0,121.0,200.0,0.0,15855.0,10.0,0.0013831185642629862,0.0009951391257345676,-2.5575923919677734,0.0001629466423764825,0.0002743565710261464,0.000998771283775568,0.02430010214447975,0.023758577182888985,213.0,0.0,0.005101468414068222,2
-353521749.0,1491741903.0,571140.0,121.0,200.0,0.0,15855.0,10.0,0.001386683085002005,0.0009953409899026155,-2.557482957839966,0.0002663355553522706,0.00032950122840702534,0.0010375850833952427,0.02439069375395775,0.023895263671875,213.0,0.0,0.004891049582511187,2
-353521749.0,1491741903.0,571140.0,121.0,200.0,0.0,15855.0,10.0,0.001386683085002005,0.0009953409899026155,-2.557482957839966,0.0002663355553522706,0.00032950122840702534,0.0010375850833952427,0.02439069375395775,0.023895263671875,213.0,0.0,0.004891049582511187,2
-353521749.0,1491741903.0,571140.0,121.0,200.0,0.0,15855.0,10.0,0.001392037607729435,0.000998433562926948,-2.5573699474334717,0.00020098406821489334,0.00027000647969543934,0.0011182230664417148,0.024513157084584236,0.02407282218337059,213.0,0.0,0.004625379573553801,2
-353521749.0,1491741903.0,571140.0,121.0,200.0,0.0,15855.0,10.0,0.001392037607729435,0.000998433562926948,-2.5573699474334717,0.00020098406821489334,0.00027000647969543934,0.0011182230664417148,0.024513157084584236,0.02407282218337059,213.0,0.0,0.004625379573553801,2
-353521749.0,1491741903.0,571140.0,121.0,200.0,0.0,15855.0,10.0,0.0013941958313807845,0.0009896098636090755,-2.5572562217712402,0.0003048067446798086,0.00028616224881261587,0.0011030870955437422,0.024334365501999855,0.02394149824976921,213.0,0.0,0.004354996141046286,2
-353521749.0,1491741903.0,571140.0,121.0,200.0,0.0,15855.0,10.0,0.0013941958313807845,0.0009896098636090755,-2.5572562217712402,0.0003048067446798086,0.00028616224881261587,0.0011030870955437422,0.024334365501999855,0.02394149824976921,213.0,0.0,0.004354996141046286,2
-353521749.0,1491741903.0,571140.0,121.0,200.0,0.0,15855.0,10.0,0.001391091151162982,0.0009893412934616208,-2.5571398735046387,0.00023018009960651398,0.0003029888030141592,0.001032380503602326,0.024228952825069427,0.023863479495048523,213.0,0.0,0.004192445892840624,2
-353521749.0,1491741903.0,571140.0,121.0,200.0,0.0,15855.0,10.0,0.001391091151162982,0.0009893412934616208,-2.5571398735046387,0.00023018009960651398,0.0003029888030141592,0.001032380503602326,0.024228952825069427,0.023863479495048523,213.0,0.0,0.004192445892840624,2
-353521749.0,1491741903.0,571140.0,121.0,200.0,0.0,15855.0,10.0,0.0013935189926996827,0.0009956838330253959,-2.5570292472839355,0.00015287811402231455,0.0003556839656084776,0.0010141031816601753,0.024294253438711166,0.023973971605300903,213.0,0.0,0.003931852523237467,2
-353521749.0,1491741903.0,571140.0,121.0,200.0,0.0,15855.0,10.0,0.0013935189926996827,0.0009956838330253959,-2.5570292472839355,0.00015287811402231455,0.0003556839656084776,0.0010141031816601753,0.024294253438711166,0.023973971605300903,213.0,0.0,0.003931852523237467,2
-353521749.0,1491741903.0,571140.0,121.0,200.0,0.0,15855.0,10.0,0.0013989066937938333,0.0009990495163947344,-2.5569164752960205,0.0002098464174196124,0.00026377802714705467,0.001040496164932847,0.02429964393377304,0.024016475304961205,213.0,0.0,0.0036988731008023024,2
-353521749.0,1491741903.0,571140.0,121.0,200.0,0.0,15855.0,10.0,0.0013989066937938333,0.0009990495163947344,-2.5569164752960205,0.0002098464174196124,0.00026377802714705467,0.001040496164932847,0.02429964393377304,0.024016475304961205,213.0,0.0,0.0036988731008023024,2
-353521749.0,1491741903.0,571140.0,121.0,200.0,0.0,15855.0,10.0,0.0013989066937938333,0.0009990495163947344,-2.5569164752960205,0.0002098464174196124,0.00026377802714705467,0.001040496164932847,0.02429964393377304,0.024016475304961205,213.0,0.0,0.0036988731008023024,2
-353521749.0,1491741903.0,571140.0,121.0,200.0,0.0,15855.0,10.0,0.0013948142295703292,0.0009991974802687764,-2.556797981262207,0.00023976806551218033,0.0004176254151389003,0.0010029517579823732,0.0241176038980484,0.023859621956944466,213.0,0.0,0.0035181439016014338,2
-353521749.0,1491741903.0,571140.0,121.0,200.0,0.0,15855.0,10.0,0.0013948142295703292,0.0009991974802687764,-2.556797981262207,0.00023976806551218033,0.0004176254151389003,0.0010029517579823732,0.0241176038980484,0.023859621956944466,213.0,0.0,0.0035181439016014338,2
-353521749.0,1491741903.0,571140.0,121.0,200.0,0.0,15855.0,10.0,0.001399907865561545,0.0009977526497095823,-2.5566790103912354,0.00027068157214671373,0.0003596460446715355,0.0010273624211549759,0.024078700691461563,0.023850001394748688,213.0,0.0,0.0033107709605246782,2
-353521749.0,1491741903.0,571140.0,121.0,200.0,0.0,15855.0,10.0,0.001399907865561545,0.0009977526497095823,-2.5566790103912354,0.00027068157214671373,0.0003596460446715355,0.0010273624211549759,0.024078700691461563,0.023850001394748688,213.0,0.0,0.0033107709605246782,2
-353521749.0,1491741903.0,571140.0,121.0,200.0,0.0,15855.0,10.0,0.0014046570286154747,0.0010005580261349678,-2.556560516357422,0.00028114335145801306,0.0003109199460595846,0.001123702386394143,0.02423175610601902,0.024026133120059967,213.0,0.0,0.0031500831246376038,2
-353521749.0,1491741903.0,571140.0,121.0,200.0,0.0,15855.0,10.0,0.0014046570286154747,0.0010005580261349678,-2.556560516357422,0.00028114335145801306,0.0003109199460595846,0.001123702386394143,0.02423175610601902,0.024026133120059967,213.0,0.0,0.0031500831246376038,2
-353521749.0,1491741903.0,571140.0,121.0,200.0,0.0,15855.0,10.0,0.0014106848975643516,0.0010052052093669772,-2.5564370155334473,0.00021597836166620255,0.00029342668130993843,0.0010741304140537977,0.02429899014532566,0.024105722084641457,213.0,0.0,0.003058608388528228,2
-353521749.0,1491741903.0,571140.0,121.0,200.0,0.0,15855.0,10.0,0.0014106848975643516,0.0010052052093669772,-2.5564370155334473,0.00021597836166620255,0.00029342668130993843,0.0010741304140537977,0.02429899014532566,0.024105722084641457,213.0,0.0,0.003058608388528228,2
-353521749.0,1491741903.0,571140.0,121.0,200.0,0.0,15855.0,10.0,0.0014106848975643516,0.0010052052093669772,-2.5564370155334473,0.00021597836166620255,0.00029342668130993843,0.0010741304140537977,0.02429899014532566,0.024105722084641457,213.0,0.0,0.003058608388528228,2
-353521749.0,1491741903.0,571140.0,121.0,200.0,0.0,15855.0,10.0,0.0014110110932961106,0.000998029951006174,-2.5563178062438965,0.00013076572213321924,0.00029198476113379,0.0010970113798975945,0.02418525516986847,0.024018123745918274,213.0,0.0,0.00283836224116385,2
-353521749.0,1491741903.0,571140.0,121.0,200.0,0.0,15855.0,10.0,0.0014110110932961106,0.000998029951006174,-2.5563178062438965,0.00013076572213321924,0.00029198476113379,0.0010970113798975945,0.02418525516986847,0.024018123745918274,213.0,0.0,0.00283836224116385,2
-353521749.0,1491741903.0,571140.0,121.0,200.0,0.0,15855.0,10.0,0.0014120062114670873,0.0009977949084714055,-2.556190252304077,0.00020196754485368729,0.00032541772816330194,0.0011147857876494527,0.024183150380849838,0.024028198793530464,213.0,0.0,0.002733205910772085,2
-353521749.0,1491741903.0,571140.0,121.0,200.0,0.0,15855.0,10.0,0.0014120062114670873,0.0009977949084714055,-2.556190252304077,0.00020196754485368729,0.00032541772816330194,0.0011147857876494527,0.024183150380849838,0.024028198793530464,213.0,0.0,0.002733205910772085,2
-353521749.0,1491741903.0,571140.0,121.0,200.0,0.0,15855.0,10.0,0.0014098769752308726,0.000997370108962059,-2.5560667514801025,0.0001766015775501728,0.00036784098483622074,0.0010829928796738386,0.024297408759593964,0.02416331321001053,213.0,0.0,0.0025491889100521803,2
-353521749.0,1491741903.0,571140.0,121.0,200.0,0.0,15855.0,10.0,0.0014098769752308726,0.000997370108962059,-2.5560667514801025,0.0001766015775501728,0.00036784098483622074,0.0010829928796738386,0.024297408759593964,0.02416331321001053,213.0,0.0,0.0025491889100521803,2
-353521749.0,1491741903.0,571140.0,121.0,200.0,0.0,15855.0,10.0,0.0014170450158417225,0.0010050067212432623,-2.5559372901916504,0.00017697189468890429,0.0003242748789489269,0.0010539742652326822,0.024418892338871956,0.02430344559252262,213.0,0.0,0.002371706999838352,2
-353521749.0,1491741903.0,571140.0,121.0,200.0,0.0,15855.0,10.0,0.0014170450158417225,0.0010050067212432623,-2.5559372901916504,0.00017697189468890429,0.0003242748789489269,0.0010539742652326822,0.024418892338871956,0.02430344559252262,213.0,0.0,0.002371706999838352,2
-353521749.0,1491741903.0,571140.0,121.0,200.0,0.0,15855.0,10.0,0.0014170450158417225,0.0010050067212432623,-2.5559372901916504,0.00017697189468890429,0.0003242748789489269,0.0010539742652326822,0.024418892338871956,0.02430344559252262,213.0,0.0,0.002371706999838352,2
-353521749.0,1491741903.0,571140.0,121.0,200.0,0.0,15855.0,10.0,0.0014097855892032385,0.0009950307430699468,-2.555819272994995,0.00026914174668490887,0.0003565744264051318,0.0011037099175155163,0.02420016936957836,0.024091850966215134,213.0,0.0,0.002287133364006877,2
-353521749.0,1491741903.0,571140.0,121.0,200.0,0.0,15855.0,10.0,0.0014097855892032385,0.0009950307430699468,-2.555819272994995,0.00026914174668490887,0.0003565744264051318,0.0011037099175155163,0.02420016936957836,0.024091850966215134,213.0,0.0,0.002287133364006877,2
-353521749.0,1491741903.0,571140.0,121.0,200.0,0.0,15855.0,10.0,0.0014129678020253778,0.000997571973130107,-2.55568790435791,0.0002258355962112546,0.00037706876173615456,0.0010346660856157541,0.02420947700738907,0.024113992229104042,213.0,0.0,0.0021480796858668327,2
-353521749.0,1491741903.0,571140.0,121.0,200.0,0.0,15855.0,10.0,0.0014129678020253778,0.000997571973130107,-2.55568790435791,0.0002258355962112546,0.00037706876173615456,0.0010346660856157541,0.02420947700738907,0.024113992229104042,213.0,0.0,0.0021480796858668327,2
-353521749.0,1491741903.0,571140.0,121.0,200.0,0.0,15855.0,10.0,0.0014048441080376506,0.0009934905683621764,-2.555567741394043,0.00018485495820641518,0.0003345614532008767,0.0010341019369661808,0.02436639927327633,0.024280427023768425,213.0,0.0,0.0020450602751225233,2
-353521749.0,1491741903.0,571140.0,121.0,200.0,0.0,15855.0,10.0,0.0014048441080376506,0.0009934905683621764,-2.555567741394043,0.00018485495820641518,0.0003345614532008767,0.0010341019369661808,0.02436639927327633,0.024280427023768425,213.0,0.0,0.0020450602751225233,2
-353521749.0,1491741903.0,571140.0,121.0,200.0,0.0,15855.0,10.0,0.0014100589323788881,0.0009989431127905846,-2.5554451942443848,0.00025990454014390707,0.0003549008397385478,0.001054508495144546,0.024469388648867607,0.024388078600168228,213.0,0.0,0.0019931423012167215,2
-353521749.0,1491741903.0,571140.0,121.0,200.0,0.0,15855.0,10.0,0.0014100589323788881,0.0009989431127905846,-2.5554451942443848,0.00025990454014390707,0.0003549008397385478,0.001054508495144546,0.024469388648867607,0.024388078600168228,213.0,0.0,0.0019931423012167215,2
-353521749.0,1491741903.0,571140.0,121.0,200.0,0.0,15855.0,10.0,0.0014100589323788881,0.0009989431127905846,-2.5554451942443848,0.00025990454014390707,0.0003549008397385478,0.001054508495144546,0.024469388648867607,0.024388078600168228,213.0,0.0,0.0019931423012167215,2
-353521749.0,1491741903.0,571140.0,121.0,200.0,0.0,15855.0,10.0,0.0014023761032149196,0.000995582202449441,-2.555309534072876,0.0002525778254494071,0.0002875354839488864,0.0011275972938165069,0.02424791269004345,0.024171169847249985,213.0,0.0,0.0019276764942333102,0
-353521749.0,1491741903.0,571140.0,121.0,200.0,0.0,15855.0,10.0,0.0014023761032149196,0.000995582202449441,-2.555309534072876,0.0002525778254494071,0.0002875354839488864,0.0011275972938165069,0.02424791269004345,0.024171169847249985,213.0,0.0,0.0019276764942333102,0
-353521749.0,1491741903.0,571140.0,121.0,200.0,0.0,15855.0,10.0,0.0014026383869349957,0.000996389426290989,-2.5551774501800537,0.00029478431679308414,0.00035574031062424183,0.0010799928568303585,0.024259274825453758,0.02419155277311802,213.0,0.0,0.0018114212434738874,0
-353521749.0,1491741903.0,571140.0,121.0,200.0,0.0,15855.0,10.0,0.0014026383869349957,0.000996389426290989,-2.5551774501800537,0.00029478431679308414,0.00035574031062424183,0.0010799928568303585,0.024259274825453758,0.02419155277311802,213.0,0.0,0.0018114212434738874,0
-353521749.0,1491741903.0,571140.0,121.0,200.0,0.0,15855.0,10.0,0.001400679349899292,0.0009914920665323734,-2.5550546646118164,0.00019403081387281418,0.00026578945107758045,0.0010654665529727936,0.024441439658403397,0.02437656559050083,213.0,0.0,0.0017795758321881294,0
-353521749.0,1491741903.0,571140.0,121.0,200.0,0.0,15855.0,10.0,0.001400679349899292,0.0009914920665323734,-2.5550546646118164,0.00019403081387281418,0.00026578945107758045,0.0010654665529727936,0.024441439658403397,0.02437656559050083,213.0,0.0,0.0017795758321881294,0
-353521749.0,1491741903.0,571140.0,121.0,200.0,0.0,15855.0,10.0,0.0014041181420907378,0.0009901446755975485,-2.5549304485321045,0.00023085286375135183,0.00038386997766792774,0.0010610343888401985,0.024582602083683014,0.02452785335481167,213.0,0.0,0.0016397425206378102,0
-353521749.0,1491741903.0,571140.0,121.0,200.0,0.0,15855.0,10.0,0.0014041181420907378,0.0009901446755975485,-2.5549304485321045,0.00023085286375135183,0.00038386997766792774,0.0010610343888401985,0.024582602083683014,0.02452785335481167,213.0,0.0,0.0016397425206378102,0
-353521749.0,1491741903.0,571140.0,121.0,200.0,0.0,15855.0,10.0,0.0013970390427857637,0.0009913335088640451,-2.5548014640808105,0.00021819269750267267,0.0003028702922165394,0.0011610746150836349,0.024324188008904457,0.024271579459309578,213.0,0.0,0.00159893196541816,0
-353521749.0,1491741903.0,571140.0,121.0,200.0,0.0,15855.0,10.0,0.0013970390427857637,0.0009913335088640451,-2.5548014640808105,0.00021819269750267267,0.0003028702922165394,0.0011610746150836349,0.024324188008904457,0.024271579459309578,213.0,0.0,0.00159893196541816,0
-353521749.0,1491741903.0,571140.0,121.0,200.0,0.0,15855.0,10.0,0.0013907639076933265,0.000985480728559196,-2.55466890335083,0.0002441790420562029,0.0003087978111580014,0.0011502339038997889,0.02425488270819187,0.024204542860388756,213.0,0.0,0.0015618358738720417,0
-353521749.0,1491741903.0,571140.0,121.0,200.0,0.0,15855.0,10.0,0.0013907639076933265,0.000985480728559196,-2.55466890335083,0.0002441790420562029,0.0003087978111580014,0.0011502339038997889,0.02425488270819187,0.024204542860388756,213.0,0.0,0.0015618358738720417,0
-353521749.0,1491741903.0,571140.0,121.0,200.0,0.0,15855.0,10.0,0.0013894587755203247,0.0009810399496927857,-2.554539680480957,0.00020811380818486214,0.00034057721495628357,0.001099738059565425,0.02440680004656315,0.024360230192542076,213.0,0.0,0.0015070412773638964,0
-353521749.0,1491741903.0,571140.0,121.0,200.0,0.0,15855.0,10.0,0.0013894587755203247,0.0009810399496927857,-2.554539680480957,0.00020811380818486214,0.00034057721495628357,0.001099738059565425,0.02440680004656315,0.024360230192542076,213.0,0.0,0.0015070412773638964,0
-353521749.0,1491741903.0,571140.0,121.0,200.0,0.0,15855.0,10.0,0.0013908036053180695,0.0009825177257880569,-2.554408550262451,0.00020153704099357128,0.00032641785219311714,0.0011432224418967962,0.024501508101820946,0.02445760741829872,213.0,0.0,0.0014660911401733756,0
-353521749.0,1491741903.0,571140.0,121.0,200.0,0.0,15855.0,10.0,0.0013908036053180695,0.0009825177257880569,-2.554408550262451,0.00020153704099357128,0.00032641785219311714,0.0011432224418967962,0.024501508101820946,0.02445760741829872,213.0,0.0,0.0014660911401733756,0
-353521749.0,1491741903.0,571140.0,121.0,200.0,0.0,15855.0,10.0,0.0013908036053180695,0.0009825177257880569,-2.554408550262451,0.00020153704099357128,0.00032641785219311714,0.0011432224418967962,0.024501508101820946,0.02445760741829872,213.0,0.0,0.0014660911401733756,0
-353521749.0,1491741903.0,571140.0,121.0,200.0,0.0,15855.0,10.0,0.0013880572514608502,0.0009748943848535419,-2.554283380508423,0.0002818159991875291,0.00034393847454339266,0.001115976832807064,0.024257855489850044,0.0242149718105793,213.0,0.0,0.001441773260012269,0
-353521749.0,1491741903.0,571140.0,121.0,200.0,0.0,15855.0,10.0,0.0013880572514608502,0.0009748943848535419,-2.554283380508423,0.0002818159991875291,0.00034393847454339266,0.001115976832807064,0.024257855489850044,0.0242149718105793,213.0,0.0,0.001441773260012269,0
-353521749.0,1491741903.0,571140.0,121.0,200.0,0.0,15855.0,10.0,0.0013876568991690874,0.000970633642282337,-2.5541529655456543,0.00033467146568000317,0.0003094166750088334,0.00112074741628021,0.024173567071557045,0.024133756756782532,213.0,0.0,0.0013868242967873812,0
-353521749.0,1491741903.0,571140.0,121.0,200.0,0.0,15855.0,10.0,0.0013876568991690874,0.000970633642282337,-2.5541529655456543,0.00033467146568000317,0.0003094166750088334,0.00112074741628021,0.024173567071557045,0.024133756756782532,213.0,0.0,0.0013868242967873812,0
-353521749.0,1491741903.0,571140.0,121.0,200.0,0.0,15855.0,10.0,0.001395275117829442,0.0009722048998810351,-2.5540225505828857,0.00028972222935408354,0.00027000484988093376,0.0011942172423005104,0.024184223264455795,0.024148128926753998,213.0,0.0,0.001320773852057755,0
-353521749.0,1491741903.0,571140.0,121.0,200.0,0.0,15855.0,10.0,0.001395275117829442,0.0009722048998810351,-2.5540225505828857,0.00028972222935408354,0.00027000484988093376,0.0011942172423005104,0.024184223264455795,0.024148128926753998,213.0,0.0,0.001320773852057755,0
-353521749.0,1491741903.0,571140.0,121.0,200.0,0.0,15855.0,10.0,0.0013998373178765178,0.0009741759859025478,-2.553889036178589,0.00018750026356428862,0.00033506471663713455,0.0010924377711489797,0.024139048531651497,0.024105746299028397,213.0,0.0,0.0012675914913415909,0
-353521749.0,1491741903.0,571140.0,121.0,200.0,0.0,15855.0,10.0,0.0013998373178765178,0.0009741759859025478,-2.553889036178589,0.00018750026356428862,0.00033506471663713455,0.0010924377711489797,0.024139048531651497,0.024105746299028397,213.0,0.0,0.0012675914913415909,0
-353521749.0,1491741903.0,571140.0,121.0,200.0,0.0,15855.0,10.0,0.001399284228682518,0.000970870372839272,-2.55375599861145,0.0001963519025593996,0.0002911263145506382,0.0011793061858043075,0.02394085004925728,0.023911047726869583,213.0,0.0,0.0011941861594095826,0
-353521749.0,1491741903.0,571140.0,121.0,200.0,0.0,15855.0,10.0,0.001399284228682518,0.000970870372839272,-2.55375599861145,0.0001963519025593996,0.0002911263145506382,0.0011793061858043075,0.02394085004925728,0.023911047726869583,213.0,0.0,0.0011941861594095826,0
-353521749.0,1491741903.0,571140.0,121.0,200.0,0.0,15855.0,10.0,0.0013944688253104687,0.0009611424175091088,-2.5536186695098877,0.00026459351647645235,0.00030181684996932745,0.0011379107600077987,0.02390407957136631,0.023873096331954002,213.0,0.0,0.0012166911037638783,0
-353521749.0,1491741903.0,571140.0,121.0,200.0,0.0,15855.0,10.0,0.0013944688253104687,0.0009611424175091088,-2.5536186695098877,0.00026459351647645235,0.00030181684996932745,0.0011379107600077987,0.02390407957136631,0.023873096331954002,213.0,0.0,0.0012166911037638783,0
-353521749.0,1491741903.0,571140.0,121.0,200.0,0.0,15855.0,10.0,0.001398900873027742,0.0009598696487955749,-2.553492307662964,0.0002445206046104431,0.00029976340010762215,0.001093478873372078,0.02399604581296444,0.02396867610514164,213.0,0.0,0.001145726884715259,0
-353521749.0,1491741903.0,571140.0,121.0,200.0,0.0,15855.0,10.0,0.001398900873027742,0.0009598696487955749,-2.553492307662964,0.0002445206046104431,0.00029976340010762215,0.001093478873372078,0.02399604581296444,0.02396867610514164,213.0,0.0,0.001145726884715259,0
-353521749.0,1491741903.0,571140.0,121.0,200.0,0.0,15855.0,10.0,0.0014125581365078688,0.0009626156534068286,-2.5533595085144043,0.00023629493080079556,0.00022286211606115103,0.0011374757159501314,0.024036996066570282,0.024008678272366524,213.0,0.0,0.001166447764262557,0
-353521749.0,1491741903.0,571140.0,121.0,200.0,0.0,15855.0,10.0,0.0014125581365078688,0.0009626156534068286,-2.5533595085144043,0.00023629493080079556,0.00022286211606115103,0.0011374757159501314,0.024036996066570282,0.024008678272366524,213.0,0.0,0.001166447764262557,0
-353521749.0,1491741903.0,571140.0,121.0,200.0,0.0,15855.0,10.0,0.0014125581365078688,0.0009626156534068286,-2.5533595085144043,0.00023629493080079556,0.00022286211606115103,0.0011374757159501314,0.024036996066570282,0.024008678272366524,213.0,0.0,0.001166447764262557,0
-353521749.0,1491741903.0,571140.0,121.0,200.0,0.0,15855.0,10.0,0.0014123303117230535,0.0009548680973239243,-2.553224802017212,0.00018759071826934814,0.00032790435943752527,0.001113471225835383,0.02368696965277195,0.023663444444537163,213.0,0.0,0.0010554082691669464,0
-353521749.0,1491741903.0,571140.0,121.0,200.0,0.0,15855.0,10.0,0.0014123303117230535,0.0009548680973239243,-2.553224802017212,0.00018759071826934814,0.00032790435943752527,0.001113471225835383,0.02368696965277195,0.023663444444537163,213.0,0.0,0.0010554082691669464,0
-353521749.0,1491741903.0,571140.0,121.0,200.0,0.0,15855.0,10.0,0.0014053891645744443,0.0009555298602208495,-2.553086280822754,0.00010389031376689672,0.0003370916238054633,0.0011627086205407977,0.023693550378084183,0.02366715483367443,213.0,0.0,0.001118099084123969,0
-353521749.0,1491741903.0,571140.0,121.0,200.0,0.0,15855.0,10.0,0.0014053891645744443,0.0009555298602208495,-2.553086280822754,0.00010389031376689672,0.0003370916238054633,0.0011627086205407977,0.023693550378084183,0.02366715483367443,213.0,0.0,0.001118099084123969,0
-353521749.0,1491741903.0,571140.0,121.0,200.0,0.0,15855.0,10.0,0.0014032145263627172,0.0009543010382913053,-2.5529592037200928,0.00021156237926334143,0.00020601286087185144,0.0010770459193736315,0.02378157339990139,0.023755189031362534,213.0,0.0,0.001119973254390061,0
-353521749.0,1491741903.0,571140.0,121.0,200.0,0.0,15855.0,10.0,0.0014032145263627172,0.0009543010382913053,-2.5529592037200928,0.00021156237926334143,0.00020601286087185144,0.0010770459193736315,0.02378157339990139,0.023755189031362534,213.0,0.0,0.001119973254390061,0
-353521749.0,1491741903.0,571140.0,121.0,200.0,0.0,15855.0,10.0,0.0014080849941819906,0.0009582496713846922,-2.552825450897217,0.0002262574853375554,0.0003122712951153517,0.001126563991419971,0.0239774938672781,0.023956619203090668,213.0,0.0,0.001000374206341803,0
-353521749.0,1491741903.0,571140.0,121.0,200.0,0.0,15855.0,10.0,0.0014080849941819906,0.0009582496713846922,-2.552825450897217,0.0002262574853375554,0.0003122712951153517,0.001126563991419971,0.0239774938672781,0.023956619203090668,213.0,0.0,0.001000374206341803,0
-353521749.0,1491741903.0,571140.0,121.0,200.0,0.0,15855.0,10.0,0.0014080849941819906,0.0009582496713846922,-2.552825450897217,0.0002262574853375554,0.0003122712951153517,0.001126563991419971,0.0239774938672781,0.023956619203090668,213.0,0.0,0.001000374206341803,0
-353521749.0,1491741903.0,571140.0,121.0,200.0,0.0,15855.0,10.0,0.0014027559664100409,0.0009497627033852041,-2.552692174911499,0.0002973440568894148,0.0002275377046316862,0.0011151181533932686,0.023831449449062347,0.023812636733055115,213.0,0.0,0.0009467729832977057,0
-353521749.0,1491741903.0,571140.0,121.0,200.0,0.0,15855.0,10.0,0.0014027559664100409,0.0009497627033852041,-2.552692174911499,0.0002973440568894148,0.0002275377046316862,0.0011151181533932686,0.023831449449062347,0.023812636733055115,213.0,0.0,0.0009467729832977057,0
-353521749.0,1491741903.0,571140.0,121.0,200.0,0.0,15855.0,10.0,0.0013955243630334735,0.0009451424120925367,-2.5525529384613037,0.00024659372866153717,0.000280529260635376,0.0011595066171139479,0.023774944245815277,0.023755233734846115,213.0,0.0,0.0009678517817519605,0
-353521749.0,1491741903.0,571140.0,121.0,200.0,0.0,15855.0,10.0,0.0013955243630334735,0.0009451424120925367,-2.5525529384613037,0.00024659372866153717,0.000280529260635376,0.0011595066171139479,0.023774944245815277,0.023755233734846115,213.0,0.0,0.0009678517817519605,0
-353521749.0,1491741903.0,571140.0,121.0,200.0,0.0,15855.0,10.0,0.0013985021505504847,0.0009482100722379982,-2.5524215698242188,0.0002074324293062091,0.00029519142117351294,0.0011767898686230183,0.023892071098089218,0.023878110572695732,213.0,0.0,0.0008166705956682563,0
-353521749.0,1491741903.0,571140.0,121.0,200.0,0.0,15855.0,10.0,0.0013985021505504847,0.0009482100722379982,-2.5524215698242188,0.0002074324293062091,0.00029519142117351294,0.0011767898686230183,0.023892071098089218,0.023878110572695732,213.0,0.0,0.0008166705956682563,0
-353521749.0,1491741903.0,571140.0,121.0,200.0,0.0,15855.0,10.0,0.001406230148859322,0.0009583824430592358,-2.5522806644439697,0.0002473259810358286,0.00029924220871180296,0.0011567776091396809,0.023957740515470505,0.023947037756443024,213.0,0.0,0.0007160028908401728,0
-353521749.0,1491741903.0,571140.0,121.0,200.0,0.0,15855.0,10.0,0.001406230148859322,0.0009583824430592358,-2.5522806644439697,0.0002473259810358286,0.00029924220871180296,0.0011567776091396809,0.023957740515470505,0.023947037756443024,213.0,0.0,0.0007160028908401728,0
-353521749.0,1491741903.0,571140.0,121.0,200.0,0.0,15855.0,10.0,0.0014011601451784372,0.000957777607254684,-2.5521509647369385,0.00018325133714824915,0.00040872092358767986,0.0011469684541225433,0.02389359474182129,0.023883895948529243,213.0,0.0,0.0006806915043853223,0
-353521749.0,1491741903.0,571140.0,121.0,200.0,0.0,15855.0,10.0,0.0014011601451784372,0.000957777607254684,-2.5521509647369385,0.00018325133714824915,0.00040872092358767986,0.0011469684541225433,0.02389359474182129,0.023883895948529243,213.0,0.0,0.0006806915043853223,0
-353521749.0,1491741903.0,571140.0,121.0,200.0,0.0,15855.0,10.0,0.0013976952759549022,0.0009637580951675773,-2.5520124435424805,0.00024617090821266174,0.00030192232225090265,0.0011986596509814262,0.023830551654100418,0.023821355774998665,213.0,0.0,0.0006620041676796973,0
-353521749.0,1491741903.0,571140.0,121.0,200.0,0.0,15855.0,10.0,0.0013976952759549022,0.0009637580951675773,-2.5520124435424805,0.00024617090821266174,0.00030192232225090265,0.0011986596509814262,0.023830551654100418,0.023821355774998665,213.0,0.0,0.0006620041676796973,0
-353521749.0,1491741903.0,571140.0,121.0,200.0,0.0,15855.0,10.0,0.0014000022783875465,0.0009733965853229165,-2.551874876022339,0.00021362293045967817,0.0003850237699225545,0.0012964763445779681,0.02402745932340622,0.024019204080104828,213.0,0.0,0.0006297944928519428,0
-353521749.0,1491741903.0,571140.0,121.0,200.0,0.0,15855.0,10.0,0.0014000022783875465,0.0009733965853229165,-2.551874876022339,0.00021362293045967817,0.0003850237699225545,0.0012964763445779681,0.02402745932340622,0.024019204080104828,213.0,0.0,0.0006297944928519428,0
-353521749.0,1491741903.0,571140.0,121.0,200.0,0.0,15855.0,10.0,0.0014060558751225471,0.0009800100233405828,-2.5517377853393555,0.00021072861272841692,0.0003060130402445793,0.001192650874145329,0.024099817499518394,0.024093877524137497,213.0,0.0,0.0005350916762836277,0
-353521749.0,1491741903.0,571140.0,121.0,200.0,0.0,15855.0,10.0,0.0014060558751225471,0.0009800100233405828,-2.5517377853393555,0.00021072861272841692,0.0003060130402445793,0.001192650874145329,0.024099817499518394,0.024093877524137497,213.0,0.0,0.0005350916762836277,0
-353521749.0,1491741903.0,571140.0,121.0,200.0,0.0,15855.0,10.0,0.0014060558751225471,0.0009800100233405828,-2.5517377853393555,0.00021072861272841692,0.0003060130402445793,0.001192650874145329,0.024099817499518394,0.024093877524137497,213.0,0.0,0.0005350916762836277,0
-353521749.0,1491741903.0,571140.0,121.0,200.0,0.0,15855.0,10.0,0.001403787056915462,0.0009719701483845711,-2.5516066551208496,0.00026673160027712584,0.00032246054615825415,0.0011883771512657404,0.023931263014674187,0.023926297202706337,213.0,0.0,0.00048751322901807725,0
-353521749.0,1491741903.0,571140.0,121.0,200.0,0.0,15855.0,10.0,0.001403787056915462,0.0009719701483845711,-2.5516066551208496,0.00026673160027712584,0.00032246054615825415,0.0011883771512657404,0.023931263014674187,0.023926297202706337,213.0,0.0,0.00048751322901807725,0
-353521749.0,1491741903.0,571140.0,121.0,200.0,0.0,15855.0,10.0,0.001402493566274643,0.0009692349703982472,-2.5514678955078125,0.00023537874221801758,0.00027799559757113457,0.001184573513455689,0.02400016039609909,0.02399355173110962,213.0,0.0,0.000563246023375541,0
-353521749.0,1491741903.0,571140.0,121.0,200.0,0.0,15855.0,10.0,0.001402493566274643,0.0009692349703982472,-2.5514678955078125,0.00023537874221801758,0.00027799559757113457,0.001184573513455689,0.02400016039609909,0.02399355173110962,213.0,0.0,0.000563246023375541,0
-353521749.0,1491741903.0,571140.0,121.0,200.0,0.0,15855.0,10.0,0.0014028394361957908,0.0009664085227996111,-2.5513319969177246,0.00022508390247821808,0.00031278515234589577,0.0011639753356575966,0.024147002026438713,0.024141350761055946,213.0,0.0,0.0005223822663538158,0
-353521749.0,1491741903.0,571140.0,121.0,200.0,0.0,15855.0,10.0,0.0014028394361957908,0.0009664085227996111,-2.5513319969177246,0.00022508390247821808,0.00031278515234589577,0.0011639753356575966,0.024147002026438713,0.024141350761055946,213.0,0.0,0.0005223822663538158,0
-353521749.0,1491741903.0,571140.0,121.0,200.0,0.0,15855.0,10.0,0.0014043251285329461,0.000969977758359164,-2.5511908531188965,0.0002555716782808304,0.0003581359051167965,0.0012834608787670732,0.02422553487122059,0.024216756224632263,213.0,0.0,0.0006521321483887732,0
-353521749.0,1491741903.0,571140.0,121.0,200.0,0.0,15855.0,10.0,0.0014043251285329461,0.000969977758359164,-2.5511908531188965,0.0002555716782808304,0.0003581359051167965,0.0012834608787670732,0.02422553487122059,0.024216756224632263,213.0,0.0,0.0006521321483887732,0
-353521749.0,1491741903.0,571140.0,121.0,200.0,0.0,15855.0,10.0,0.0014043251285329461,0.000969977758359164,-2.5511908531188965,0.0002555716782808304,0.0003581359051167965,0.0012834608787670732,0.02422553487122059,0.024216756224632263,213.0,0.0,0.0006521321483887732,0
-353521749.0,1491741903.0,571140.0,121.0,200.0,0.0,15855.0,10.0,0.00139922508969903,0.0009654047316871583,-2.551063060760498,0.0002788122510537505,0.00043198454659432173,0.0011884542182087898,0.023836294189095497,0.023826580494642258,213.0,0.0,0.0006805089651606977,0
-353521749.0,1491741903.0,571140.0,121.0,200.0,0.0,15855.0,10.0,0.00139922508969903,0.0009654047316871583,-2.551063060760498,0.0002788122510537505,0.00043198454659432173,0.0011884542182087898,0.023836294189095497,0.023826580494642258,213.0,0.0,0.0006805089651606977,0
-353521749.0,1491741903.0,571140.0,121.0,200.0,0.0,15855.0,10.0,0.0013994867913424969,0.0009623673395253718,-2.5509207248687744,0.00023060140665620565,0.0003163872752338648,0.0012427412439137697,0.024006668478250504,0.023995541036128998,213.0,0.0,0.0007308570202440023,0
-353521749.0,1491741903.0,571140.0,121.0,200.0,0.0,15855.0,10.0,0.0013994867913424969,0.0009623673395253718,-2.5509207248687744,0.00023060140665620565,0.0003163872752338648,0.0012427412439137697,0.024006668478250504,0.023995541036128998,213.0,0.0,0.0007308570202440023,0
-353521749.0,1491741903.0,571140.0,121.0,200.0,0.0,15855.0,10.0,0.0014006394194439054,0.0009584655635990202,-2.5507900714874268,0.00026923208497464657,0.0003182286163792014,0.0012223798548802733,0.0240949597209692,0.02408568561077118,213.0,0.0,0.0006685357657261193,0
-353521749.0,1491741903.0,571140.0,121.0,200.0,0.0,15855.0,10.0,0.0014006394194439054,0.0009584655635990202,-2.5507900714874268,0.00026923208497464657,0.0003182286163792014,0.0012223798548802733,0.0240949597209692,0.02408568561077118,213.0,0.0,0.0006685357657261193,0
-353521749.0,1491741903.0,571140.0,121.0,200.0,0.0,15855.0,10.0,0.0014025343116372824,0.0009619808406569064,-2.5506436824798584,0.00021840527188032866,0.00034057663287967443,0.00129611324518919,0.024139294400811195,0.02413059026002884,213.0,0.0,0.0006481966120190918,0
-353521749.0,1491741903.0,571140.0,121.0,200.0,0.0,15855.0,10.0,0.0014025343116372824,0.0009619808406569064,-2.5506436824798584,0.00021840527188032866,0.00034057663287967443,0.00129611324518919,0.024139294400811195,0.02413059026002884,213.0,0.0,0.0006481966120190918,0
-353521749.0,1491741903.0,571140.0,121.0,200.0,0.0,15855.0,10.0,0.0014025343116372824,0.0009619808406569064,-2.5506436824798584,0.00021840527188032866,0.00034057663287967443,0.00129611324518919,0.024139294400811195,0.02413059026002884,213.0,0.0,0.0006481966120190918,0
-353521749.0,1491741903.0,571140.0,121.0,200.0,0.0,15855.0,10.0,0.001391872763633728,0.0009472403326071799,-2.550507068634033,0.00018660631030797958,0.0003234929172322154,0.0011399179929867387,0.023981360718607903,0.023973552510142326,213.0,0.0,0.0006118447054177523,0
-353521749.0,1491741903.0,571140.0,121.0,200.0,0.0,15855.0,10.0,0.001391872763633728,0.0009472403326071799,-2.550507068634033,0.00018660631030797958,0.0003234929172322154,0.0011399179929867387,0.023981360718607903,0.023973552510142326,213.0,0.0,0.0006118447054177523,0
-353521749.0,1491741903.0,571140.0,121.0,200.0,0.0,15855.0,10.0,0.0013842355692759156,0.0009454411920160055,-2.55036997795105,0.00026321818586438894,0.00035616406239569187,0.00116006750613451,0.02390510030090809,0.02389831282198429,213.0,0.0,0.0005695943254977465,0
-353521749.0,1491741903.0,571140.0,121.0,200.0,0.0,15855.0,10.0,0.0013842355692759156,0.0009454411920160055,-2.55036997795105,0.00026321818586438894,0.00035616406239569187,0.00116006750613451,0.02390510030090809,0.02389831282198429,213.0,0.0,0.0005695943254977465,0
-353521749.0,1491741903.0,571140.0,121.0,200.0,0.0,15855.0,10.0,0.0013832730473950505,0.0009433147497475147,-2.5502407550811768,0.0002176335547119379,0.000315494486130774,0.0011599701829254627,0.023933658376336098,0.023927785456180573,213.0,0.0,0.0005301250494085252,0
-353521749.0,1491741903.0,571140.0,121.0,200.0,0.0,15855.0,10.0,0.0013832730473950505,0.0009433147497475147,-2.5502407550811768,0.0002176335547119379,0.000315494486130774,0.0011599701829254627,0.023933658376336098,0.023927785456180573,213.0,0.0,0.0005301250494085252,0
-353521749.0,1491741903.0,571140.0,121.0,200.0,0.0,15855.0,10.0,0.0013844686327502131,0.00094542873557657,-2.550103187561035,0.00015242258086800575,0.0002902795094996691,0.001220990321598947,0.024043995887041092,0.024039659649133682,213.0,0.0,0.0004565587732940912,0
-353521749.0,1491741903.0,571140.0,121.0,200.0,0.0,15855.0,10.0,0.0013844686327502131,0.00094542873557657,-2.550103187561035,0.00015242258086800575,0.0002902795094996691,0.001220990321598947,0.024043995887041092,0.024039659649133682,213.0,0.0,0.0004565587732940912,0
-353521749.0,1491741903.0,571140.0,121.0,200.0,0.0,15855.0,10.0,0.0013784783659502864,0.0009340502438135445,-2.5499749183654785,0.00029573915526270866,0.0002845523413270712,0.0011691772378981113,0.02376629412174225,0.023763705044984818,213.0,0.0,0.00035083768307231367,0
-353521749.0,1491741903.0,571140.0,121.0,200.0,0.0,15855.0,10.0,0.0013784783659502864,0.0009340502438135445,-2.5499749183654785,0.00029573915526270866,0.0002845523413270712,0.0011691772378981113,0.02376629412174225,0.023763705044984818,213.0,0.0,0.00035083768307231367,0
-353521749.0,1491741903.0,571140.0,121.0,200.0,0.0,15855.0,10.0,0.0013786143390461802,0.0009347075247205794,-2.5498414039611816,0.00023044052068144083,0.00036799581721425056,0.0011728662066161633,0.023728426545858383,0.023726800456643105,213.0,0.0,0.00027768543804995716,0
-353521749.0,1491741903.0,571140.0,121.0,200.0,0.0,15855.0,10.0,0.0013786143390461802,0.0009347075247205794,-2.5498414039611816,0.00023044052068144083,0.00036799581721425056,0.0011728662066161633,0.023728426545858383,0.023726800456643105,213.0,0.0,0.00027768543804995716,0
-353521749.0,1491741903.0,571140.0,121.0,200.0,0.0,15855.0,10.0,0.0013851274270564318,0.0009412006475031376,-2.5497076511383057,0.00027019192930310965,0.00032942823600023985,0.0012018041452392936,0.023735031485557556,0.023734111338853836,213.0,0.0,0.0002091441856464371,0
-353521749.0,1491741903.0,571140.0,121.0,200.0,0.0,15855.0,10.0,0.0013851274270564318,0.0009412006475031376,-2.5497076511383057,0.00027019192930310965,0.00032942823600023985,0.0012018041452392936,0.023735031485557556,0.023734111338853836,213.0,0.0,0.0002091441856464371,0
-353521749.0,1491741903.0,571140.0,121.0,200.0,0.0,15855.0,10.0,0.0013933982700109482,0.0009454064420424402,-2.5495736598968506,0.0002711712149903178,0.00038751494139432907,0.0011992927175015211,0.023833081126213074,0.02383192628622055,213.0,0.0,0.00023459468502551317,0
-353521749.0,1491741903.0,571140.0,121.0,200.0,0.0,15855.0,10.0,0.0013933982700109482,0.0009454064420424402,-2.5495736598968506,0.0002711712149903178,0.00038751494139432907,0.0011992927175015211,0.023833081126213074,0.02383192628622055,213.0,0.0,0.00023459468502551317,0
-353521749.0,1491741903.0,571140.0,121.0,200.0,0.0,15855.0,10.0,0.0013933982700109482,0.0009454064420424402,-2.5495736598968506,0.0002711712149903178,0.00038751494139432907,0.0011992927175015211,0.023833081126213074,0.02383192628622055,213.0,0.0,0.00023459468502551317,0
-353521749.0,1491741903.0,571140.0,121.0,200.0,0.0,15855.0,10.0,0.0013853501295670867,0.0009419316193088889,-2.5494465827941895,0.00027481967117637396,0.00029466242995113134,0.0012138355523347855,0.023667361587285995,0.023665856570005417,213.0,0.0,0.0002668580273166299,0
-353521749.0,1491741903.0,571140.0,121.0,200.0,0.0,15855.0,10.0,0.0013853501295670867,0.0009419316193088889,-2.5494465827941895,0.00027481967117637396,0.00029466242995113134,0.0012138355523347855,0.023667361587285995,0.023665856570005417,213.0,0.0,0.0002668580273166299,0
-353521749.0,1491741903.0,571140.0,121.0,200.0,0.0,15855.0,10.0,0.0013841564068570733,0.0009340899996459484,-2.5493125915527344,0.00017513998318463564,0.00030598160810768604,0.0012285906122997403,0.023611221462488174,0.02360984869301319,213.0,0.0,0.000254854210652411,0
-353521749.0,1491741903.0,571140.0,121.0,200.0,0.0,15855.0,10.0,0.0013841564068570733,0.0009340899996459484,-2.5493125915527344,0.00017513998318463564,0.00030598160810768604,0.0012285906122997403,0.023611221462488174,0.02360984869301319,213.0,0.0,0.000254854210652411,0
-353521749.0,1491741903.0,571140.0,121.0,200.0,0.0,15855.0,10.0,0.0013820145977661014,0.0009366866433992982,-2.5491788387298584,0.00022850732784718275,0.0002775327302515507,0.0011983149452134967,0.02370299957692623,0.023701468482613564,213.0,0.0,0.0002695545554161072,0
-353521749.0,1491741903.0,571140.0,121.0,200.0,0.0,15855.0,10.0,0.0013820145977661014,0.0009366866433992982,-2.5491788387298584,0.00022850732784718275,0.0002775327302515507,0.0011983149452134967,0.02370299957692623,0.023701468482613564,213.0,0.0,0.0002695545554161072,0
-353521749.0,1491741903.0,571140.0,121.0,200.0,0.0,15855.0,10.0,0.0013861247571185231,0.0009399428381584585,-2.5490450859069824,0.00025741872377693653,0.00027247052639722824,0.001174611272290349,0.023766109719872475,0.023763244971632957,213.0,0.0,0.0003689774894155562,0
-353521749.0,1491741903.0,571140.0,121.0,200.0,0.0,15855.0,10.0,0.0013861247571185231,0.0009399428381584585,-2.5490450859069824,0.00025741872377693653,0.00027247052639722824,0.001174611272290349,0.023766109719872475,0.023763244971632957,213.0,0.0,0.0003689774894155562,0
-353521749.0,1491741903.0,571140.0,121.0,200.0,0.0,15855.0,10.0,0.0013861247571185231,0.0009399428381584585,-2.5490450859069824,0.00025741872377693653,0.00027247052639722824,0.001174611272290349,0.023766109719872475,0.023763244971632957,213.0,0.0,0.0003689774894155562,0
-353521749.0,1491741903.0,571140.0,121.0,200.0,0.0,15855.0,10.0,0.0013827267102897167,0.0009416526299901307,-2.548915147781372,0.00017813581507652998,0.0003336031222715974,0.0011637257412075996,0.023536184802651405,0.023532520979642868,213.0,0.0,0.00041526579298079014,0
-353521749.0,1491741903.0,571140.0,121.0,200.0,0.0,15855.0,10.0,0.0013827267102897167,0.0009416526299901307,-2.548915147781372,0.00017813581507652998,0.0003336031222715974,0.0011637257412075996,0.023536184802651405,0.023532520979642868,213.0,0.0,0.00041526579298079014,0
-353521749.0,1491741903.0,571140.0,121.0,200.0,0.0,15855.0,10.0,0.0013799137668684125,0.0009401266579516232,-2.5487823486328125,0.0002695412840694189,0.0003896247362717986,0.0011851629242300987,0.023537730798125267,0.023534508422017097,213.0,0.0,0.0003893311077263206,0
-353521749.0,1491741903.0,571140.0,121.0,200.0,0.0,15855.0,10.0,0.0013799137668684125,0.0009401266579516232,-2.5487823486328125,0.0002695412840694189,0.0003896247362717986,0.0011851629242300987,0.023537730798125267,0.023534508422017097,213.0,0.0,0.0003893311077263206,0
-353521749.0,1491741903.0,571140.0,121.0,200.0,0.0,15855.0,10.0,0.001379451365210116,0.0009422781877219677,-2.5486533641815186,0.00022492604330182076,0.0004120252560824156,0.001197009114548564,0.023651130497455597,0.023647958412766457,213.0,0.0,0.00038723257603123784,0
-353521749.0,1491741903.0,571140.0,121.0,200.0,0.0,15855.0,10.0,0.001379451365210116,0.0009422781877219677,-2.5486533641815186,0.00022492604330182076,0.0004120252560824156,0.001197009114548564,0.023651130497455597,0.023647958412766457,213.0,0.0,0.00038723257603123784,0
-353521749.0,1491741903.0,571140.0,121.0,200.0,0.0,15855.0,10.0,0.0013887640088796616,0.0009409270132891834,-2.548518419265747,0.0003086761571466923,0.0002876772778108716,0.001263509737327695,0.023787032812833786,0.02378520555794239,213.0,0.0,0.0002949286426883191,0
-353521749.0,1491741903.0,571140.0,121.0,200.0,0.0,15855.0,10.0,0.0013887640088796616,0.0009409270132891834,-2.548518419265747,0.0003086761571466923,0.0002876772778108716,0.001263509737327695,0.023787032812833786,0.02378520555794239,213.0,0.0,0.0002949286426883191,0
-353521749.0,1491741903.0,571140.0,121.0,200.0,0.0,15855.0,10.0,0.0013887640088796616,0.0009409270132891834,-2.548518419265747,0.0003086761571466923,0.0002876772778108716,0.001263509737327695,0.023787032812833786,0.02378520555794239,213.0,0.0,0.0002949286426883191,0
-353521749.0,1491741903.0,571140.0,121.0,200.0,0.0,15855.0,10.0,0.0013850792311131954,0.0009351500775665045,-2.5483875274658203,0.00014961708802729845,0.00032254052348434925,0.0012308488367125392,0.02351824752986431,0.023516640067100525,213.0,0.0,0.00027503870660439134,0
-353521749.0,1491741903.0,571140.0,121.0,200.0,0.0,15855.0,10.0,0.0013850792311131954,0.0009351500775665045,-2.5483875274658203,0.00014961708802729845,0.00032254052348434925,0.0012308488367125392,0.02351824752986431,0.023516640067100525,213.0,0.0,0.00027503870660439134,0
-353521749.0,1491741903.0,571140.0,121.0,200.0,0.0,15855.0,10.0,0.0013824902707710862,0.0009256176417693496,-2.5482473373413086,0.0002325496170669794,0.0002776832552626729,0.001218742923811078,0.023445772007107735,0.02344435825943947,213.0,0.0,0.00025731715140864253,0
-353521749.0,1491741903.0,571140.0,121.0,200.0,0.0,15855.0,10.0,0.0013824902707710862,0.0009256176417693496,-2.5482473373413086,0.0002325496170669794,0.0002776832552626729,0.001218742923811078,0.023445772007107735,0.02344435825943947,213.0,0.0,0.00025731715140864253,0
-353521749.0,1491741903.0,571140.0,121.0,200.0,0.0,15855.0,10.0,0.0013838221784681082,0.0009229065617546439,-2.548118829727173,0.00028213998302817345,0.0003249987494200468,0.001306208549067378,0.023467836901545525,0.023466309532523155,214.0,0.0,0.0002673935960046947,0
-353521749.0,1491741903.0,571140.0,121.0,200.0,0.0,15855.0,10.0,0.0013838221784681082,0.0009229065617546439,-2.548118829727173,0.00028213998302817345,0.0003249987494200468,0.001306208549067378,0.023467836901545525,0.023466309532523155,214.0,0.0,0.0002673935960046947,0
-353521749.0,1491741903.0,571140.0,121.0,200.0,0.0,15855.0,10.0,0.0013911757851019502,0.0009259858634322882,-2.547987222671509,0.00017074530478566885,0.00028553942684084177,0.001180701656267047,0.02346663922071457,0.023465389385819435,214.0,0.0,0.0002421606332063675,0
-353521749.0,1491741903.0,571140.0,121.0,200.0,0.0,15855.0,10.0,0.0013911757851019502,0.0009259858634322882,-2.547987222671509,0.00017074530478566885,0.00028553942684084177,0.001180701656267047,0.02346663922071457,0.023465389385819435,214.0,0.0,0.0002421606332063675,0
-353521749.0,1491741903.0,571140.0,121.0,200.0,0.0,15855.0,10.0,0.0013911757851019502,0.0009259858634322882,-2.547987222671509,0.00017074530478566885,0.00028553942684084177,0.001180701656267047,0.02346663922071457,0.023465389385819435,214.0,0.0,0.0002421606332063675,0
-353521749.0,1491741903.0,571140.0,121.0,200.0,0.0,15855.0,10.0,0.001382279908284545,0.0009181234054267406,-2.5478591918945312,0.00013439985923469067,0.0002746641403064132,0.0012822893913835287,0.02315155602991581,0.02315034344792366,214.0,0.0,0.0002371257869526744,0
-353521749.0,1491741903.0,571140.0,121.0,200.0,0.0,15855.0,10.0,0.001382279908284545,0.0009181234054267406,-2.5478591918945312,0.00013439985923469067,0.0002746641403064132,0.0012822893913835287,0.02315155602991581,0.02315034344792366,214.0,0.0,0.0002371257869526744,0
-353521749.0,1491741903.0,571140.0,121.0,200.0,0.0,15855.0,10.0,0.0013808694202452898,0.0009189284755848348,-2.5477278232574463,0.00027784169651567936,0.0003937073051929474,0.0012632529251277447,0.02305256947875023,0.023050978779792786,214.0,0.0,0.0002708122774492949,0
-353521749.0,1491741903.0,571140.0,121.0,200.0,0.0,15855.0,10.0,0.0013808694202452898,0.0009189284755848348,-2.5477278232574463,0.00027784169651567936,0.0003937073051929474,0.0012632529251277447,0.02305256947875023,0.023050978779792786,214.0,0.0,0.0002708122774492949,0
-353521749.0,1491741903.0,571140.0,121.0,200.0,0.0,15855.0,10.0,0.0013853483833372593,0.0009277912904508412,-2.547600746154785,0.00025375315453857183,0.00040429411455988884,0.0012534732231870294,0.023091286420822144,0.023090094327926636,214.0,0.0,0.000234829232795164,0
-353521749.0,1491741903.0,571140.0,121.0,200.0,0.0,15855.0,10.0,0.0013853483833372593,0.0009277912904508412,-2.547600746154785,0.00025375315453857183,0.00040429411455988884,0.0012534732231870294,0.023091286420822144,0.023090094327926636,214.0,0.0,0.000234829232795164,0
-353521749.0,1491741903.0,571140.0,121.0,200.0,0.0,15855.0,10.0,0.0013972705928608775,0.0009366010781377554,-2.54746413230896,0.00021759478840976954,0.0003297114744782448,0.0012279868824407458,0.023150036111474037,0.023148393258452415,214.0,0.0,0.0002756359172053635,0
-353521749.0,1491741903.0,571140.0,121.0,200.0,0.0,15855.0,10.0,0.0013972705928608775,0.0009366010781377554,-2.54746413230896,0.00021759478840976954,0.0003297114744782448,0.0012279868824407458,0.023150036111474037,0.023148393258452415,214.0,0.0,0.0002756359172053635,0
-353521749.0,1491741903.0,571140.0,121.0,200.0,0.0,15855.0,10.0,0.0013935581082478166,0.0009395305532962084,-2.547340154647827,0.00024927768390625715,0.000286760157905519,0.001208657631650567,0.022908592596650124,0.022905945777893066,214.0,0.0,0.0003483406617306173,0
-353521749.0,1491741903.0,571140.0,121.0,200.0,0.0,15855.0,10.0,0.0013935581082478166,0.0009395305532962084,-2.547340154647827,0.00024927768390625715,0.000286760157905519,0.001208657631650567,0.022908592596650124,0.022905945777893066,214.0,0.0,0.0003483406617306173,0
-353521749.0,1491741903.0,571140.0,121.0,200.0,0.0,15855.0,10.0,0.0013905075611546636,0.0009394784574396908,-2.5472118854522705,0.0002165196929126978,0.0002705516526475549,0.0012627097312361002,0.023042531684041023,0.023040490224957466,214.0,0.0,0.0003069416561629623,0
-353521749.0,1491741903.0,571140.0,121.0,200.0,0.0,15855.0,10.0,0.0013905075611546636,0.0009394784574396908,-2.5472118854522705,0.0002165196929126978,0.0002705516526475549,0.0012627097312361002,0.023042531684041023,0.023040490224957466,214.0,0.0,0.0003069416561629623,0
-353521749.0,1491741903.0,571140.0,121.0,200.0,0.0,15855.0,10.0,0.0013931511202827096,0.0009421462891623378,-2.547086477279663,0.00023323879577219486,0.00038262445013970137,0.0012008531484752893,0.023197833448648453,0.02319565787911415,214.0,0.0,0.00031780608696863055,0
-353521749.0,1491741903.0,571140.0,121.0,200.0,0.0,15855.0,10.0,0.0013931511202827096,0.0009421462891623378,-2.547086477279663,0.00023323879577219486,0.00038262445013970137,0.0012008531484752893,0.023197833448648453,0.02319565787911415,214.0,0.0,0.00031780608696863055,0
-353521749.0,1491741903.0,571140.0,121.0,200.0,0.0,15855.0,10.0,0.0013975176261737943,0.0009491683449596167,-2.546956777572632,0.00018351932521909475,0.0002823823597282171,0.0012680081417784095,0.023311642929911613,0.02330932952463627,214.0,0.0,0.00032823302899487317,0
-353521749.0,1491741903.0,571140.0,121.0,200.0,0.0,15855.0,10.0,0.0013975176261737943,0.0009491683449596167,-2.546956777572632,0.00018351932521909475,0.0002823823597282171,0.0012680081417784095,0.023311642929911613,0.02330932952463627,214.0,0.0,0.00032823302899487317,0
-353521749.0,1491741903.0,571140.0,121.0,200.0,0.0,15855.0,10.0,0.0013975176261737943,0.0009491683449596167,-2.546956777572632,0.00018351932521909475,0.0002823823597282171,0.0012680081417784095,0.023311642929911613,0.02330932952463627,214.0,0.0,0.00032823302899487317,0
-353521749.0,1491741903.0,571140.0,121.0,200.0,0.0,15855.0,10.0,0.001392338890582323,0.0009475750848650932,-2.54683256149292,0.00018161768093705177,0.0002932454226538539,0.001238661352545023,0.023274583742022514,0.023271294310688972,214.0,0.0,0.00039142576861195266,0
-353521749.0,1491741903.0,571140.0,121.0,200.0,0.0,15855.0,10.0,0.001392338890582323,0.0009475750848650932,-2.54683256149292,0.00018161768093705177,0.0002932454226538539,0.001238661352545023,0.023274583742022514,0.023271294310688972,214.0,0.0,0.00039142576861195266,0
-353521749.0,1491741903.0,571140.0,121.0,200.0,0.0,15855.0,10.0,0.0013927359832450747,0.0009506643982604146,-2.5466983318328857,0.00013421231415122747,0.0003046070924028754,0.001259481767192483,0.02336319535970688,0.023358482867479324,214.0,0.0,0.0004692411166615784,0
-353521749.0,1491741903.0,571140.0,121.0,200.0,0.0,15855.0,10.0,0.0013927359832450747,0.0009506643982604146,-2.5466983318328857,0.00013421231415122747,0.0003046070924028754,0.001259481767192483,0.02336319535970688,0.023358482867479324,214.0,0.0,0.0004692411166615784,0
-353521749.0,1491741903.0,571140.0,121.0,200.0,0.0,15855.0,10.0,0.0013938980409875512,0.0009490577504038811,-2.5465776920318604,0.0001777430297806859,0.00030739023350179195,0.0012912070378661156,0.023481272161006927,0.023475097492337227,214.0,0.0,0.0005384066025726497,0
-353521749.0,1491741903.0,571140.0,121.0,200.0,0.0,15855.0,10.0,0.0013938980409875512,0.0009490577504038811,-2.5465776920318604,0.0001777430297806859,0.00030739023350179195,0.0012912070378661156,0.023481272161006927,0.023475097492337227,214.0,0.0,0.0005384066025726497,0
-353521749.0,1491741903.0,571140.0,121.0,200.0,0.0,15855.0,10.0,0.0013990289298817515,0.0009555296273902059,-2.5464463233947754,0.00026955362409353256,0.00032070185989141464,0.001232801005244255,0.023680580779910088,0.023674722760915756,214.0,0.0,0.0005264666979201138,0
-353521749.0,1491741903.0,571140.0,121.0,200.0,0.0,15855.0,10.0,0.0013990289298817515,0.0009555296273902059,-2.5464463233947754,0.00026955362409353256,0.00032070185989141464,0.001232801005244255,0.023680580779910088,0.023674722760915756,214.0,0.0,0.0005264666979201138,0
-353521749.0,1491741903.0,571140.0,121.0,200.0,0.0,15855.0,10.0,0.0013970789732411504,0.0009556981967762113,-2.546328067779541,0.0002412435133010149,0.0002350248396396637,0.001228446140885353,0.023629311472177505,0.023622896522283554,214.0,0.0,0.0005505464505404234,0
-353521749.0,1491741903.0,571140.0,121.0,200.0,0.0,15855.0,10.0,0.0013970789732411504,0.0009556981967762113,-2.546328067779541,0.0002412435133010149,0.0002350248396396637,0.001228446140885353,0.023629311472177505,0.023622896522283554,214.0,0.0,0.0005505464505404234,0
-353521749.0,1491741903.0,571140.0,121.0,200.0,0.0,15855.0,10.0,0.001391859259456396,0.0009563218918628991,-2.5462119579315186,0.0002136447001248598,0.0002940734848380089,0.001255388488061726,0.023627592250704765,0.02362046018242836,214.0,0.0,0.0005805992404930294,0
-353521749.0,1491741903.0,571140.0,121.0,200.0,0.0,15855.0,10.0,0.001391859259456396,0.0009563218918628991,-2.5462119579315186,0.0002136447001248598,0.0002940734848380089,0.001255388488061726,0.023627592250704765,0.02362046018242836,214.0,0.0,0.0005805992404930294,0
-353521749.0,1491741903.0,571140.0,121.0,200.0,0.0,15855.0,10.0,0.0013852576958015561,0.0009589250548742712,-2.5460898876190186,0.00016368785873055458,0.0002845843555405736,0.0012716377386823297,0.023835867643356323,0.02383061684668064,214.0,0.0,0.0005000808741897345,0
-353521749.0,1491741903.0,571140.0,121.0,200.0,0.0,15855.0,10.0,0.0013852576958015561,0.0009589250548742712,-2.5460898876190186,0.00016368785873055458,0.0002845843555405736,0.0012716377386823297,0.023835867643356323,0.02383061684668064,214.0,0.0,0.0005000808741897345,0
-353521749.0,1491741903.0,571140.0,121.0,200.0,0.0,15855.0,10.0,0.0013826991198584437,0.0009695253102108836,-2.5459704399108887,0.0001727496273815632,0.00029259861912578344,0.0012023333692923188,0.023917827755212784,0.02391110174357891,214.0,0.0,0.0005672183469869196,0
-353521749.0,1491741903.0,571140.0,121.0,200.0,0.0,15855.0,10.0,0.0013826991198584437,0.0009695253102108836,-2.5459704399108887,0.0001727496273815632,0.00029259861912578344,0.0012023333692923188,0.023917827755212784,0.02391110174357891,214.0,0.0,0.0005672183469869196,0
-353521749.0,1491741903.0,571140.0,121.0,200.0,0.0,15855.0,10.0,0.0013826991198584437,0.0009695253102108836,-2.5459704399108887,0.0001727496273815632,0.00029259861912578344,0.0012023333692923188,0.023917827755212784,0.02391110174357891,214.0,0.0,0.0005672183469869196,0
-353521749.0,1491741903.0,571140.0,121.0,200.0,0.0,15855.0,10.0,0.0013728037010878325,0.0009602161007933319,-2.5458548069000244,0.00026792287826538086,0.00026615557726472616,0.0011951259803026915,0.023682143539190292,0.02367563731968403,214.0,0.0,0.000555051548872143,0
-353521749.0,1491741903.0,571140.0,121.0,200.0,0.0,15855.0,10.0,0.0013728037010878325,0.0009602161007933319,-2.5458548069000244,0.00026792287826538086,0.00026615557726472616,0.0011951259803026915,0.023682143539190292,0.02367563731968403,214.0,0.0,0.000555051548872143,0
-353521749.0,1491741903.0,571140.0,121.0,200.0,0.0,15855.0,10.0,0.0013713616644963622,0.0009554342832416296,-2.5457334518432617,0.0001703561283648014,0.00025753502268344164,0.001233645249158144,0.02366834133863449,0.02366277575492859,214.0,0.0,0.0005132899968884885,0
-353521749.0,1491741903.0,571140.0,121.0,200.0,0.0,15855.0,10.0,0.0013713616644963622,0.0009554342832416296,-2.5457334518432617,0.0001703561283648014,0.00025753502268344164,0.001233645249158144,0.02366834133863449,0.02366277575492859,214.0,0.0,0.0005132899968884885,0
-353521749.0,1491741903.0,571140.0,121.0,200.0,0.0,15855.0,10.0,0.001372902188450098,0.0009555972646921873,-2.545616865158081,0.00025259796530008316,0.00025220983661711216,0.001321851392276585,0.023767344653606415,0.023760220035910606,214.0,0.0,0.0005818095523864031,0
-353521749.0,1491741903.0,571140.0,121.0,200.0,0.0,15855.0,10.0,0.001372902188450098,0.0009555972646921873,-2.545616865158081,0.00025259796530008316,0.00025220983661711216,0.001321851392276585,0.023767344653606415,0.023760220035910606,214.0,0.0,0.0005818095523864031,0
-353521749.0,1491741903.0,571140.0,121.0,200.0,0.0,15855.0,10.0,0.001375809428282082,0.0009585561929270625,-2.5454976558685303,0.00026716291904449463,0.0002921131672337651,0.0012053376995027065,0.02373608760535717,0.023728497326374054,214.0,0.0,0.0006001589936204255,0
-353521749.0,1491741903.0,571140.0,121.0,200.0,0.0,15855.0,10.0,0.001375809428282082,0.0009585561929270625,-2.5454976558685303,0.00026716291904449463,0.0002921131672337651,0.0012053376995027065,0.02373608760535717,0.023728497326374054,214.0,0.0,0.0006001589936204255,0
-353521749.0,1491741903.0,571140.0,121.0,200.0,0.0,15855.0,10.0,0.001375809428282082,0.0009585561929270625,-2.5454976558685303,0.00026716291904449463,0.0002921131672337651,0.0012053376995027065,0.02373608760535717,0.023728497326374054,214.0,0.0,0.0006001589936204255,0
-353521749.0,1491741903.0,571140.0,121.0,200.0,0.0,15855.0,10.0,0.0013708655023947358,0.0009503873297944665,-2.545382261276245,0.00023501389659941196,0.00034097570460289717,0.0012518658768385649,0.023494523018598557,0.02348831668496132,214.0,0.0,0.0005399292567744851,0
-353521749.0,1491741903.0,571140.0,121.0,200.0,0.0,15855.0,10.0,0.0013708655023947358,0.0009503873297944665,-2.545382261276245,0.00023501389659941196,0.00034097570460289717,0.0012518658768385649,0.023494523018598557,0.02348831668496132,214.0,0.0,0.0005399292567744851,0
-353521749.0,1491741903.0,571140.0,121.0,200.0,0.0,15855.0,10.0,0.001371632213704288,0.0009478170541115105,-2.5452589988708496,0.00019484572112560272,0.00026698329020291567,0.0012741730315610766,0.02348206751048565,0.023472433909773827,214.0,0.0,0.0006726181018166244,0
-353521749.0,1491741903.0,571140.0,121.0,200.0,0.0,15855.0,10.0,0.001371632213704288,0.0009478170541115105,-2.5452589988708496,0.00019484572112560272,0.00026698329020291567,0.0012741730315610766,0.02348206751048565,0.023472433909773827,214.0,0.0,0.0006726181018166244,0
-353521749.0,1491741903.0,571140.0,121.0,200.0,0.0,15855.0,10.0,0.0013686349848285317,0.0009459800203330815,-2.545135259628296,0.0002130577340722084,0.0004087600391358137,0.0013204800197854638,0.02355378493666649,0.02354625053703785,214.0,0.0,0.0005957328248769045,0
-353521749.0,1491741903.0,571140.0,121.0,200.0,0.0,15855.0,10.0,0.0013686349848285317,0.0009459800203330815,-2.545135259628296,0.0002130577340722084,0.0004087600391358137,0.0013204800197854638,0.02355378493666649,0.02354625053703785,214.0,0.0,0.0005957328248769045,0
-353521749.0,1491741903.0,571140.0,121.0,200.0,0.0,15855.0,10.0,0.0013807326322421432,0.0009544171625748277,-2.545008897781372,0.00022525270469486713,0.0002868447918444872,0.0012478709686547518,0.02362912707030773,0.02361905202269554,214.0,0.0,0.0006899324944242835,0
-353521749.0,1491741903.0,571140.0,121.0,200.0,0.0,15855.0,10.0,0.0013807326322421432,0.0009544171625748277,-2.545008897781372,0.00022525270469486713,0.0002868447918444872,0.0012478709686547518,0.02362912707030773,0.02361905202269554,214.0,0.0,0.0006899324944242835,0
-353521749.0,1491741903.0,571140.0,121.0,200.0,0.0,15855.0,10.0,0.0013807326322421432,0.0009544171625748277,-2.545008897781372,0.00022525270469486713,0.0002868447918444872,0.0012478709686547518,0.02362912707030773,0.02361905202269554,214.0,0.0,0.0006899324944242835,0
-353521749.0,1491741903.0,571140.0,121.0,200.0,0.0,15855.0,10.0,0.0013811798999086022,0.0009539874154143035,-2.5449068546295166,0.0002807597629725933,0.0003307303413748741,0.0011867077555507421,0.023393796756863594,0.023386286571621895,214.0,0.0,0.0005928633036091924,0
-353521749.0,1491741903.0,571140.0,121.0,200.0,0.0,15855.0,10.0,0.0013811798999086022,0.0009539874154143035,-2.5449068546295166,0.0002807597629725933,0.0003307303413748741,0.0011867077555507421,0.023393796756863594,0.023386286571621895,214.0,0.0,0.0005928633036091924,0
-353521749.0,1491741903.0,571140.0,121.0,200.0,0.0,15855.0,10.0,0.001382532762363553,0.000952775648329407,-2.544785737991333,0.00023328769020736217,0.00036819500382989645,0.0012595454463735223,0.023359209299087524,0.023351257666945457,214.0,0.0,0.0006094457348808646,0
-353521749.0,1491741903.0,571140.0,121.0,200.0,0.0,15855.0,10.0,0.001382532762363553,0.000952775648329407,-2.544785737991333,0.00023328769020736217,0.00036819500382989645,0.0012595454463735223,0.023359209299087524,0.023351257666945457,214.0,0.0,0.0006094457348808646,0
-353521749.0,1491741903.0,571140.0,121.0,200.0,0.0,15855.0,10.0,0.0013807076029479504,0.0009598032920621336,-2.5446712970733643,0.00021848059259355068,0.000324030639603734,0.0012488332577049732,0.023478690534830093,0.02346738427877426,214.0,0.0,0.0007285079336725175,0
-353521749.0,1491741903.0,571140.0,121.0,200.0,0.0,15855.0,10.0,0.0013807076029479504,0.0009598032920621336,-2.5446712970733643,0.00021848059259355068,0.000324030639603734,0.0012488332577049732,0.023478690534830093,0.02346738427877426,214.0,0.0,0.0007285079336725175,0
-353521749.0,1491741903.0,571140.0,121.0,200.0,0.0,15855.0,10.0,0.0013833865523338318,0.000959158584009856,-2.544550657272339,0.0002312818542122841,0.0003422447480261326,0.0012978818267583847,0.023597460240125656,0.023587290197610855,214.0,0.0,0.0006927468930371106,0
-353521749.0,1491741903.0,571140.0,121.0,200.0,0.0,15855.0,10.0,0.0013833865523338318,0.000959158584009856,-2.544550657272339,0.0002312818542122841,0.0003422447480261326,0.0012978818267583847,0.023597460240125656,0.023587290197610855,214.0,0.0,0.0006927468930371106,0
-353521749.0,1491741903.0,571140.0,121.0,200.0,0.0,15855.0,10.0,0.0013833865523338318,0.000959158584009856,-2.544550657272339,0.0002312818542122841,0.0003422447480261326,0.0012978818267583847,0.023597460240125656,0.023587290197610855,214.0,0.0,0.0006927468930371106,0
-353521749.0,1491741903.0,571140.0,121.0,200.0,0.0,15855.0,10.0,0.0013811669778078794,0.0009540605824440718,-2.5444400310516357,0.00025677517987787724,0.00032652891241014004,0.001289238454774022,0.023370953276753426,0.023359982296824455,214.0,0.0,0.0007159658707678318,0
-353521749.0,1491741903.0,571140.0,121.0,200.0,0.0,15855.0,10.0,0.0013811669778078794,0.0009540605824440718,-2.5444400310516357,0.00025677517987787724,0.00032652891241014004,0.001289238454774022,0.023370953276753426,0.023359982296824455,214.0,0.0,0.0007159658707678318,0
-353521749.0,1491741903.0,571140.0,121.0,200.0,0.0,15855.0,10.0,0.0013810611562803388,0.0009564242791384459,-2.5443263053894043,0.0002012846525758505,0.0002860660897567868,0.0012558693997561932,0.023405110463500023,0.023395618423819542,214.0,0.0,0.0006664764368906617,0
-353521749.0,1491741903.0,571140.0,121.0,200.0,0.0,15855.0,10.0,0.0013810611562803388,0.0009564242791384459,-2.5443263053894043,0.0002012846525758505,0.0002860660897567868,0.0012558693997561932,0.023405110463500023,0.023395618423819542,214.0,0.0,0.0006664764368906617,0
-353521749.0,1491741903.0,571140.0,121.0,200.0,0.0,15855.0,10.0,0.0013773067621514201,0.0009557585581205785,-2.544219493865967,0.00029699807055294514,0.0002575176768004894,0.0012599974870681763,0.023590579628944397,0.023579822853207588,214.0,0.0,0.0007122937240637839,0
-353521749.0,1491741903.0,571140.0,121.0,200.0,0.0,15855.0,10.0,0.0013773067621514201,0.0009557585581205785,-2.544219493865967,0.00029699807055294514,0.0002575176768004894,0.0012599974870681763,0.023590579628944397,0.023579822853207588,214.0,0.0,0.0007122937240637839,0
-353521749.0,1491741903.0,571140.0,121.0,200.0,0.0,15855.0,10.0,0.001383233000524342,0.000958526972681284,-2.544106960296631,0.0002528803888708353,0.00035597558598965406,0.0011975765228271484,0.02379029244184494,0.023777691647410393,214.0,0.0,0.0007742558373138309,0
-353521749.0,1491741903.0,571140.0,121.0,200.0,0.0,15855.0,10.0,0.001383233000524342,0.000958526972681284,-2.544106960296631,0.0002528803888708353,0.00035597558598965406,0.0011975765228271484,0.02379029244184494,0.023777691647410393,214.0,0.0,0.0007742558373138309,0
-353521749.0,1491741903.0,571140.0,121.0,200.0,0.0,15855.0,10.0,0.001383233000524342,0.000958526972681284,-2.544106960296631,0.0002528803888708353,0.00035597558598965406,0.0011975765228271484,0.02379029244184494,0.023777691647410393,214.0,0.0,0.0007742558373138309,0
-353521749.0,1491741903.0,571140.0,121.0,200.0,0.0,15855.0,10.0,0.0013811688404530287,0.0009506781352683902,-2.5440003871917725,0.00012138509191572666,0.00025206804275512695,0.00131344108376652,0.023643560707569122,0.02363165281713009,214.0,0.0,0.0007502790540456772,0
-353521749.0,1491741903.0,571140.0,121.0,200.0,0.0,15855.0,10.0,0.0013811688404530287,0.0009506781352683902,-2.5440003871917725,0.00012138509191572666,0.00025206804275512695,0.00131344108376652,0.023643560707569122,0.02363165281713009,214.0,0.0,0.0007502790540456772,0
-353521749.0,1491741903.0,571140.0,121.0,200.0,0.0,15855.0,10.0,0.001375399180687964,0.0009513905388303101,-2.5438895225524902,0.0002124863676726818,0.0003158228937536478,0.0012691623996943235,0.02371460758149624,0.02370024286210537,214.0,0.0,0.0008252774132415652,0
-353521749.0,1491741903.0,571140.0,121.0,200.0,0.0,15855.0,10.0,0.001375399180687964,0.0009513905388303101,-2.5438895225524902,0.0002124863676726818,0.0003158228937536478,0.0012691623996943235,0.02371460758149624,0.02370024286210537,214.0,0.0,0.0008252774132415652,0
-353521749.0,1491741903.0,571140.0,121.0,200.0,0.0,15855.0,10.0,0.0013854404678568244,0.0009513008408248425,-2.5437848567962646,0.0003042547032237053,0.00030876381788402796,0.00124591332860291,0.02383311465382576,0.023819640278816223,214.0,0.0,0.0008012619218789041,0
-353521749.0,1491741903.0,571140.0,121.0,200.0,0.0,15855.0,10.0,0.0013854404678568244,0.0009513008408248425,-2.5437848567962646,0.0003042547032237053,0.00030876381788402796,0.00124591332860291,0.02383311465382576,0.023819640278816223,214.0,0.0,0.0008012619218789041,0
-353521749.0,1491741903.0,571140.0,121.0,200.0,0.0,15855.0,10.0,0.0013928660191595554,0.0009600082994438708,-2.5436806678771973,0.000268345233052969,0.00032687082421034575,0.0012741367099806666,0.023889359086751938,0.023876642808318138,214.0,0.0,0.0007793442928232253,0
-353521749.0,1491741903.0,571140.0,121.0,200.0,0.0,15855.0,10.0,0.0013928660191595554,0.0009600082994438708,-2.5436806678771973,0.000268345233052969,0.00032687082421034575,0.0012741367099806666,0.023889359086751938,0.023876642808318138,214.0,0.0,0.0007793442928232253,0
-353521749.0,1491741903.0,571140.0,121.0,200.0,0.0,15855.0,10.0,0.0013928660191595554,0.0009600082994438708,-2.5436806678771973,0.000268345233052969,0.00032687082421034575,0.0012741367099806666,0.023889359086751938,0.023876642808318138,214.0,0.0,0.0007793442928232253,0
-353521749.0,1491741903.0,571140.0,121.0,200.0,0.0,15855.0,10.0,0.0013847126392647624,0.000958127377089113,-2.543576240539551,0.00019597727805376053,0.000273724552243948,0.0012668609851971269,0.023769401013851166,0.0237576924264431,214.0,0.0,0.0007460336782969534,0
-353521749.0,1491741903.0,571140.0,121.0,200.0,0.0,15855.0,10.0,0.0013847126392647624,0.000958127377089113,-2.543576240539551,0.00019597727805376053,0.000273724552243948,0.0012668609851971269,0.023769401013851166,0.0237576924264431,214.0,0.0,0.0007460336782969534,0
-353521749.0,1491741903.0,571140.0,121.0,200.0,0.0,15855.0,10.0,0.0013796018902212381,0.0009607035899534822,-2.5434672832489014,0.00021493551321327686,0.00030699826311320066,0.0013015731237828732,0.023804759606719017,0.023793408647179604,214.0,0.0,0.0007349496590904891,0
-353521749.0,1491741903.0,571140.0,121.0,200.0,0.0,15855.0,10.0,0.0013796018902212381,0.0009607035899534822,-2.5434672832489014,0.00021493551321327686,0.00030699826311320066,0.0013015731237828732,0.023804759606719017,0.023793408647179604,214.0,0.0,0.0007349496590904891,0
-353521749.0,1491741903.0,571140.0,121.0,200.0,0.0,15855.0,10.0,0.0013847844675183296,0.0009637731127440929,-2.5433616638183594,0.00025825505144894123,0.0002765369135886431,0.0012918778229504824,0.023785101249814034,0.023772425949573517,214.0,0.0,0.0007764572510495782,0
-353521749.0,1491741903.0,571140.0,121.0,200.0,0.0,15855.0,10.0,0.0013847844675183296,0.0009637731127440929,-2.5433616638183594,0.00025825505144894123,0.0002765369135886431,0.0012918778229504824,0.023785101249814034,0.023772425949573517,214.0,0.0,0.0007764572510495782,0
-353521749.0,1491741903.0,571140.0,121.0,200.0,0.0,15855.0,10.0,0.0013976730406284332,0.0009754612692631781,-2.543260335922241,0.00023606815375387669,0.00037194136530160904,0.0012794581707566977,0.02398441545665264,0.02397536113858223,214.0,0.0,0.000659046636428684,0
-353521749.0,1491741903.0,571140.0,121.0,200.0,0.0,15855.0,10.0,0.0013976730406284332,0.0009754612692631781,-2.543260335922241,0.00023606815375387669,0.00037194136530160904,0.0012794581707566977,0.02398441545665264,0.02397536113858223,214.0,0.0,0.000659046636428684,0
-353521749.0,1491741903.0,571140.0,121.0,200.0,0.0,15855.0,10.0,0.0013976730406284332,0.0009754612692631781,-2.543260335922241,0.00023606815375387669,0.00037194136530160904,0.0012794581707566977,0.02398441545665264,0.02397536113858223,214.0,0.0,0.000659046636428684,0
-353521749.0,1491741903.0,571140.0,121.0,200.0,0.0,15855.0,10.0,0.0013952093431726098,0.000971502042375505,-2.5431582927703857,0.00021334574557840824,0.0002545323222875595,0.0012583096977323294,0.023766526952385902,0.023760398849844933,214.0,0.0,0.0005397255881689489,0
-353521749.0,1491741903.0,571140.0,121.0,200.0,0.0,15855.0,10.0,0.0013952093431726098,0.000971502042375505,-2.5431582927703857,0.00021334574557840824,0.0002545323222875595,0.0012583096977323294,0.023766526952385902,0.023760398849844933,214.0,0.0,0.0005397255881689489,0
-353521749.0,1491741903.0,571140.0,121.0,200.0,0.0,15855.0,10.0,0.0013992957537993789,0.0009696163469925523,-2.5430514812469482,0.00025719800032675266,0.00036930828355252743,0.0012457307893782854,0.023806964978575706,0.02380203828215599,214.0,0.0,0.0004842799389734864,0
-353521749.0,1491741903.0,571140.0,121.0,200.0,0.0,15855.0,10.0,0.0013992957537993789,0.0009696163469925523,-2.5430514812469482,0.00025719800032675266,0.00036930828355252743,0.0012457307893782854,0.023806964978575706,0.02380203828215599,214.0,0.0,0.0004842799389734864,0
-353521749.0,1491741903.0,571140.0,121.0,200.0,0.0,15855.0,10.0,0.001400355133228004,0.0009658887865953147,-2.542952299118042,0.00024692341685295105,0.0003484275657683611,0.0013011533301323652,0.023963753134012222,0.023958157747983932,214.0,0.0,0.0005178435822017491,0
-353521749.0,1491741903.0,571140.0,121.0,200.0,0.0,15855.0,10.0,0.001400355133228004,0.0009658887865953147,-2.542952299118042,0.00024692341685295105,0.0003484275657683611,0.0013011533301323652,0.023963753134012222,0.023958157747983932,214.0,0.0,0.0005178435822017491,0
-353521749.0,1491741903.0,571140.0,121.0,200.0,0.0,15855.0,10.0,0.0014015519991517067,0.0009684285614639521,-2.5428543090820312,0.00023282505571842194,0.00032746512442827225,0.0012187742395326495,0.02398032508790493,0.023975718766450882,214.0,0.0,0.00047001257189549506,0
-353521749.0,1491741903.0,571140.0,121.0,200.0,0.0,15855.0,10.0,0.0014015519991517067,0.0009684285614639521,-2.5428543090820312,0.00023282505571842194,0.00032746512442827225,0.0012187742395326495,0.02398032508790493,0.023975718766450882,214.0,0.0,0.00047001257189549506,0
-353521749.0,1491741903.0,571140.0,121.0,200.0,0.0,15855.0,10.0,0.0014015519991517067,0.0009684285614639521,-2.5428543090820312,0.00023282505571842194,0.00032746512442827225,0.0012187742395326495,0.02398032508790493,0.023975718766450882,214.0,0.0,0.00047001257189549506,0
-353521749.0,1491741903.0,571140.0,121.0,200.0,0.0,15855.0,10.0,0.001400910085067153,0.0009643291705287993,-2.5427510738372803,0.0002818251959979534,0.0002802116796374321,0.001263441052287817,0.02381771244108677,0.023813383653759956,214.0,0.0,0.00045396777568385005,0
-353521749.0,1491741903.0,571140.0,121.0,200.0,0.0,15855.0,10.0,0.001400910085067153,0.0009643291705287993,-2.5427510738372803,0.0002818251959979534,0.0002802116796374321,0.001263441052287817,0.02381771244108677,0.023813383653759956,214.0,0.0,0.00045396777568385005,0
-353521749.0,1491741903.0,571140.0,121.0,200.0,0.0,15855.0,10.0,0.0013964978279545903,0.0009631067514419556,-2.542649030685425,0.00023910542950034142,0.00032349186949431896,0.001263846061192453,0.0237889364361763,0.023784035816788673,214.0,0.0,0.00048286205856129527,0
-353521749.0,1491741903.0,571140.0,121.0,200.0,0.0,15855.0,10.0,0.0013964978279545903,0.0009631067514419556,-2.542649030685425,0.00023910542950034142,0.00032349186949431896,0.001263846061192453,0.0237889364361763,0.023784035816788673,214.0,0.0,0.00048286205856129527,0
-353521749.0,1491741903.0,571140.0,121.0,200.0,0.0,15855.0,10.0,0.0013907661195844412,0.0009687833953648806,-2.5425589084625244,0.000215060543268919,0.00043200328946113586,0.001224544015713036,0.02388247847557068,0.023878399282693863,214.0,0.0,0.00044133811024948955,0
-353521749.0,1491741903.0,571140.0,121.0,200.0,0.0,15855.0,10.0,0.0013907661195844412,0.0009687833953648806,-2.5425589084625244,0.000215060543268919,0.00043200328946113586,0.001224544015713036,0.02388247847557068,0.023878399282693863,214.0,0.0,0.00044133811024948955,0
-353521749.0,1491741903.0,571140.0,121.0,200.0,0.0,15855.0,10.0,0.001391879515722394,0.0009675336768850684,-2.5424656867980957,0.00012829084880650043,0.0002999214921146631,0.0012237582122907043,0.02391921542584896,0.02391429990530014,214.0,0.0,0.0004849029937759042,0
-353521749.0,1491741903.0,571140.0,121.0,200.0,0.0,15855.0,10.0,0.001391879515722394,0.0009675336768850684,-2.5424656867980957,0.00012829084880650043,0.0002999214921146631,0.0012237582122907043,0.02391921542584896,0.02391429990530014,214.0,0.0,0.0004849029937759042,0
-353521749.0,1491741903.0,571140.0,121.0,200.0,0.0,15855.0,10.0,0.0013910209527239203,0.0009630732820369303,-2.542367458343506,0.00023479503579437733,0.00032626837491989136,0.001260609133169055,0.023743988946080208,0.02373982034623623,214.0,0.0,0.0004449553962331265,0
-353521749.0,1491741903.0,571140.0,121.0,200.0,0.0,15855.0,10.0,0.0013910209527239203,0.0009630732820369303,-2.542367458343506,0.00023479503579437733,0.00032626837491989136,0.001260609133169055,0.023743988946080208,0.02373982034623623,214.0,0.0,0.0004449553962331265,0
-353521749.0,1491741903.0,571140.0,121.0,200.0,0.0,15855.0,10.0,0.001388134085573256,0.0009623558726161718,-2.5422704219818115,0.00022893259301781654,0.00034720543771982193,0.0013062184443697333,0.023764593526721,0.023760290816426277,214.0,0.0,0.0004522360395640135,0
-353521749.0,1491741903.0,571140.0,121.0,200.0,0.0,15855.0,10.0,0.001388134085573256,0.0009623558726161718,-2.5422704219818115,0.00022893259301781654,0.00034720543771982193,0.0013062184443697333,0.023764593526721,0.023760290816426277,214.0,0.0,0.0004522360395640135,0
-353521749.0,1491741903.0,571140.0,121.0,200.0,0.0,15855.0,10.0,0.0013945455430075526,0.0009625176899135113,-2.5421805381774902,0.0002718267496675253,0.0003868243657052517,0.001311733853071928,0.023924527689814568,0.023920733481645584,214.0,0.0,0.0004261043213773519,0
-353521749.0,1491741903.0,571140.0,121.0,200.0,0.0,15855.0,10.0,0.0013945455430075526,0.0009625176899135113,-2.5421805381774902,0.0002718267496675253,0.0003868243657052517,0.001311733853071928,0.023924527689814568,0.023920733481645584,214.0,0.0,0.0004261043213773519,0
-353521749.0,1491741903.0,571140.0,121.0,200.0,0.0,15855.0,10.0,0.0013971328735351562,0.0009698860812932253,-2.542086362838745,0.0001793776173144579,0.0003999713808298111,0.0012878281995654106,0.023946257308125496,0.023943839594721794,214.0,0.0,0.0003401657741051167,0
-353521749.0,1491741903.0,571140.0,121.0,200.0,0.0,15855.0,10.0,0.0013971328735351562,0.0009698860812932253,-2.542086362838745,0.0001793776173144579,0.0003999713808298111,0.0012878281995654106,0.023946257308125496,0.023943839594721794,214.0,0.0,0.0003401657741051167,0
-353521749.0,1491741903.0,571140.0,121.0,200.0,0.0,15855.0,10.0,0.0013971328735351562,0.0009698860812932253,-2.542086362838745,0.0001793776173144579,0.0003999713808298111,0.0012878281995654106,0.023946257308125496,0.023943839594721794,214.0,0.0,0.0003401657741051167,0
-353521749.0,1491741903.0,571140.0,121.0,200.0,0.0,15855.0,10.0,0.0013904041843488812,0.0009649344719946384,-2.5419914722442627,0.00027940678410232067,0.0003336411900818348,0.0012590759433805943,0.023698771372437477,0.02369646541774273,214.0,0.0,0.00033066837931983173,0
-353521749.0,1491741903.0,571140.0,121.0,200.0,0.0,15855.0,10.0,0.0013904041843488812,0.0009649344719946384,-2.5419914722442627,0.00027940678410232067,0.0003336411900818348,0.0012590759433805943,0.023698771372437477,0.02369646541774273,214.0,0.0,0.00033066837931983173,0
-353521749.0,1491741903.0,571140.0,121.0,200.0,0.0,15855.0,10.0,0.0013896144228056073,0.0009657564805820584,-2.5418951511383057,0.00016319076530635357,0.0003194136079400778,0.0012338769156485796,0.023700371384620667,0.023697463795542717,214.0,0.0,0.0003710573655553162,0
-353521749.0,1491741903.0,571140.0,121.0,200.0,0.0,15855.0,10.0,0.0013896144228056073,0.0009657564805820584,-2.5418951511383057,0.00016319076530635357,0.0003194136079400778,0.0012338769156485796,0.023700371384620667,0.023697463795542717,214.0,0.0,0.0003710573655553162,0
-353521749.0,1491741903.0,571140.0,121.0,200.0,0.0,15855.0,10.0,0.001395034370943904,0.0009695952758193016,-2.5418167114257812,0.00021967804059386253,0.00037637632340192795,0.001230139983817935,0.023863937705755234,0.0238612312823534,214.0,0.0,0.00035943000693805516,0
-353521749.0,1491741903.0,571140.0,121.0,200.0,0.0,15855.0,10.0,0.001395034370943904,0.0009695952758193016,-2.5418167114257812,0.00021967804059386253,0.00037637632340192795,0.001230139983817935,0.023863937705755234,0.0238612312823534,214.0,0.0,0.00035943000693805516,0
-353521749.0,1491741903.0,571140.0,121.0,200.0,0.0,15855.0,10.0,0.0013970551081001759,0.0009682977106422186,-2.541729211807251,0.0002023873385041952,0.0003634097520262003,0.00118626793846488,0.024038013070821762,0.02403627149760723,214.0,0.0,0.00028927141102030873,0
-353521749.0,1491741903.0,571140.0,121.0,200.0,0.0,15855.0,10.0,0.0013970551081001759,0.0009682977106422186,-2.541729211807251,0.0002023873385041952,0.0003634097520262003,0.00118626793846488,0.024038013070821762,0.02403627149760723,214.0,0.0,0.00028927141102030873,0
-353521749.0,1491741903.0,571140.0,121.0,200.0,0.0,15855.0,10.0,0.0013970551081001759,0.0009682977106422186,-2.541729211807251,0.0002023873385041952,0.0003634097520262003,0.00118626793846488,0.024038013070821762,0.02403627149760723,214.0,0.0,0.00028927141102030873,0
-353521749.0,1491741903.0,571140.0,121.0,200.0,0.0,15855.0,10.0,0.001392601989209652,0.0009642386576160789,-2.5416550636291504,0.00021289754658937454,0.0003675192128866911,0.0012003009906038642,0.023804858326911926,0.023803608492016792,214.0,0.0,0.00024412346829194576,0
-353521749.0,1491741903.0,571140.0,121.0,200.0,0.0,15855.0,10.0,0.001392601989209652,0.0009642386576160789,-2.5416550636291504,0.00021289754658937454,0.0003675192128866911,0.0012003009906038642,0.023804858326911926,0.023803608492016792,214.0,0.0,0.00024412346829194576,0
-353521749.0,1491741903.0,571140.0,121.0,200.0,0.0,15855.0,10.0,0.0013955299509689212,0.000966819585300982,-2.5415685176849365,0.0002699007745832205,0.0003647361882030964,0.0012547970982268453,0.023805158212780952,0.023804672062397003,214.0,0.0,0.00015186486416496336,0
-353521749.0,1491741903.0,571140.0,121.0,200.0,0.0,15855.0,10.0,0.0013955299509689212,0.000966819585300982,-2.5415685176849365,0.0002699007745832205,0.0003647361882030964,0.0012547970982268453,0.023805158212780952,0.023804672062397003,214.0,0.0,0.00015186486416496336,0
-353521749.0,1491741903.0,571140.0,121.0,200.0,0.0,15855.0,10.0,0.0014000511728227139,0.0009722160175442696,-2.5414891242980957,0.0002612695097923279,0.00038856337778270245,0.0012901945738121867,0.023928076028823853,0.02392696775496006,214.0,0.0,0.00023020558001007885,0
-353521749.0,1491741903.0,571140.0,121.0,200.0,0.0,15855.0,10.0,0.0014000511728227139,0.0009722160175442696,-2.5414891242980957,0.0002612695097923279,0.00038856337778270245,0.0012901945738121867,0.023928076028823853,0.02392696775496006,214.0,0.0,0.00023020558001007885,0
-353521749.0,1491741903.0,571140.0,121.0,200.0,0.0,15855.0,10.0,0.0014095902442932129,0.0009766712319105864,-2.5414063930511475,0.0002818726934492588,0.0003647508565336466,0.0012719917576760054,0.02404790185391903,0.0240468792617321,214.0,0.0,0.00022186507703736424,0
-353521749.0,1491741903.0,571140.0,121.0,200.0,0.0,15855.0,10.0,0.0014095902442932129,0.0009766712319105864,-2.5414063930511475,0.0002818726934492588,0.0003647508565336466,0.0012719917576760054,0.02404790185391903,0.0240468792617321,214.0,0.0,0.00022186507703736424,0
-353521749.0,1491741903.0,571140.0,121.0,200.0,0.0,15855.0,10.0,0.0014095902442932129,0.0009766712319105864,-2.5414063930511475,0.0002818726934492588,0.0003647508565336466,0.0012719917576760054,0.02404790185391903,0.0240468792617321,214.0,0.0,0.00022186507703736424,0
-353521749.0,1491741903.0,571140.0,121.0,200.0,0.0,15855.0,10.0,0.001402930705808103,0.0009704293333925307,-2.5413355827331543,0.00019603408873081207,0.0003598181065171957,0.001231387723237276,0.023790258914232254,0.02378941886126995,214.0,0.0,0.00019979548233095556,0
-353521749.0,1491741903.0,571140.0,121.0,200.0,0.0,15855.0,10.0,0.001402930705808103,0.0009704293333925307,-2.5413355827331543,0.00019603408873081207,0.0003598181065171957,0.001231387723237276,0.023790258914232254,0.02378941886126995,214.0,0.0,0.00019979548233095556,0
-353521749.0,1491741903.0,571140.0,121.0,200.0,0.0,15855.0,10.0,0.0014029348967596889,0.0009689592407085001,-2.5412566661834717,0.00025749090127646923,0.0002204044722020626,0.0012601767666637897,0.023930680006742477,0.023929938673973083,214.0,0.0,0.0001886103127617389,0
-353521749.0,1491741903.0,571140.0,121.0,200.0,0.0,15855.0,10.0,0.0014029348967596889,0.0009689592407085001,-2.5412566661834717,0.00025749090127646923,0.0002204044722020626,0.0012601767666637897,0.023930680006742477,0.023929938673973083,214.0,0.0,0.0001886103127617389,0
-353521749.0,1491741903.0,571140.0,121.0,200.0,0.0,15855.0,10.0,0.001401533023454249,0.0009677851921878755,-2.54117751121521,0.00024156155996024609,0.00034140958450734615,0.0012344644637778401,0.02402351424098015,0.024023093283176422,214.0,0.0,0.00014217935677152127,0
-353521749.0,1491741903.0,571140.0,121.0,200.0,0.0,15855.0,10.0,0.001401533023454249,0.0009677851921878755,-2.54117751121521,0.00024156155996024609,0.00034140958450734615,0.0012344644637778401,0.02402351424098015,0.024023093283176422,214.0,0.0,0.00014217935677152127,0
-353521749.0,1491741903.0,571140.0,121.0,200.0,0.0,15855.0,10.0,0.001396749634295702,0.0009685331606306136,-2.5410914421081543,0.00019572465680539608,0.0003175984602421522,0.0012294951593503356,0.02403515949845314,0.0240348931401968,214.0,0.0,0.00011307866225251928,0
-353521749.0,1491741903.0,571140.0,121.0,200.0,0.0,15855.0,10.0,0.001396749634295702,0.0009685331606306136,-2.5410914421081543,0.00019572465680539608,0.0003175984602421522,0.0012294951593503356,0.02403515949845314,0.0240348931401968,214.0,0.0,0.00011307866225251928,0
-353521749.0,1491741903.0,571140.0,121.0,200.0,0.0,15855.0,10.0,0.001396749634295702,0.0009685331606306136,-2.5410914421081543,0.00019572465680539608,0.0003175984602421522,0.0012294951593503356,0.02403515949845314,0.0240348931401968,214.0,0.0,0.00011307866225251928,0
-353521749.0,1491741903.0,571140.0,121.0,200.0,0.0,15855.0,10.0,0.001393396989442408,0.0009565554792061448,-2.5410192012786865,0.00019647832959890366,0.00027232500724494457,0.0012970110401511192,0.023841600865125656,0.023841314017772675,214.0,0.0,0.00011715840082615614,0
-353521749.0,1491741903.0,571140.0,121.0,200.0,0.0,15855.0,10.0,0.001393396989442408,0.0009565554792061448,-2.5410192012786865,0.00019647832959890366,0.00027232500724494457,0.0012970110401511192,0.023841600865125656,0.023841314017772675,214.0,0.0,0.00011715840082615614,0
-353521749.0,1491741903.0,571140.0,121.0,200.0,0.0,15855.0,10.0,0.001394287683069706,0.0009550419053994119,-2.5409436225891113,0.000229257857427001,0.0003406840842217207,0.001276885042898357,0.02372669242322445,0.023726167157292366,214.0,0.0,0.0001579446397954598,0
-353521749.0,1491741903.0,571140.0,121.0,200.0,0.0,15855.0,10.0,0.001394287683069706,0.0009550419053994119,-2.5409436225891113,0.000229257857427001,0.0003406840842217207,0.001276885042898357,0.02372669242322445,0.023726167157292366,214.0,0.0,0.0001579446397954598,0
-353521749.0,1491741903.0,571140.0,121.0,200.0,0.0,15855.0,10.0,0.0013935710303485394,0.0009557623416185379,-2.5408763885498047,0.00020641880109906197,0.0002867709845304489,0.0012278788490220904,0.023778056725859642,0.023778000846505165,214.0,0.0,5.118084663990885e-05,0
-353521749.0,1491741903.0,571140.0,121.0,200.0,0.0,15855.0,10.0,0.0013935710303485394,0.0009557623416185379,-2.5408763885498047,0.00020641880109906197,0.0002867709845304489,0.0012278788490220904,0.023778056725859642,0.023778000846505165,214.0,0.0,5.118084663990885e-05,0
-353521749.0,1491741903.0,571140.0,121.0,200.0,0.0,15855.0,10.0,0.001402182038873434,0.0009621024946682155,-2.540797233581543,0.00019657611846923828,0.00037743360735476017,0.0012708016438409686,0.02385961450636387,0.02385939657688141,214.0,0.0,0.00010233220382360741,0
-353521749.0,1491741903.0,571140.0,121.0,200.0,0.0,15855.0,10.0,0.001402182038873434,0.0009621024946682155,-2.540797233581543,0.00019657611846923828,0.00037743360735476017,0.0012708016438409686,0.02385961450636387,0.02385939657688141,214.0,0.0,0.00010233220382360741,0
-353521749.0,1491741903.0,571140.0,121.0,200.0,0.0,15855.0,10.0,0.00140237039886415,0.0009638845804147422,-2.5407233238220215,0.00023316149599850178,0.0003987064119428396,0.0013238730607554317,0.02366357110440731,0.023663446307182312,214.0,0.0,7.724553142907098e-05,0
-353521749.0,1491741903.0,571140.0,121.0,200.0,0.0,15855.0,10.0,0.00140237039886415,0.0009638845804147422,-2.5407233238220215,0.00023316149599850178,0.0003987064119428396,0.0013238730607554317,0.02366357110440731,0.023663446307182312,214.0,0.0,7.724553142907098e-05,0
-353521749.0,1491741903.0,571140.0,121.0,200.0,0.0,15855.0,10.0,0.0014015613123774529,0.0009615915478207171,-2.5406460762023926,0.0002819306682795286,0.00034580728970468044,0.001272546942345798,0.02367989718914032,0.023679858073592186,214.0,0.0,-4.360827733762562e-05,0
-353521749.0,1491741903.0,571140.0,121.0,200.0,0.0,15855.0,10.0,0.0014015613123774529,0.0009615915478207171,-2.5406460762023926,0.0002819306682795286,0.00034580728970468044,0.001272546942345798,0.02367989718914032,0.023679858073592186,214.0,0.0,-4.360827733762562e-05,0
-353521749.0,1491741903.0,571140.0,121.0,200.0,0.0,15855.0,10.0,0.0014051696052774787,0.0009616448660381138,-2.5405800342559814,0.000230458565056324,0.0003499316517263651,0.0012375422520563006,0.02384718507528305,0.023847166448831558,214.0,0.0,-2.9765018553007394e-05,0
-353521749.0,1491741903.0,571140.0,121.0,200.0,0.0,15855.0,10.0,0.0014051696052774787,0.0009616448660381138,-2.5405800342559814,0.000230458565056324,0.0003499316517263651,0.0012375422520563006,0.02384718507528305,0.023847166448831558,214.0,0.0,-2.9765018553007394e-05,0
-353521749.0,1491741903.0,571140.0,121.0,200.0,0.0,15855.0,10.0,0.0014120714040473104,0.0009662149241194129,-2.5405054092407227,0.00015968759544193745,0.00032513681799173355,0.0012570067774504423,0.023974690586328506,0.023974578827619553,214.0,0.0,-7.344358164118603e-05,0
-353521749.0,1491741903.0,571140.0,121.0,200.0,0.0,15855.0,10.0,0.0014120714040473104,0.0009662149241194129,-2.5405054092407227,0.00015968759544193745,0.00032513681799173355,0.0012570067774504423,0.023974690586328506,0.023974578827619553,214.0,0.0,-7.344358164118603e-05,0
-353521749.0,1491741903.0,571140.0,121.0,200.0,0.0,15855.0,10.0,0.0014120714040473104,0.0009662149241194129,-2.5405054092407227,0.00015968759544193745,0.00032513681799173355,0.0012570067774504423,0.023974690586328506,0.023974578827619553,214.0,0.0,-7.344358164118603e-05,0
-353521749.0,1491741903.0,571140.0,121.0,200.0,0.0,15855.0,10.0,0.0014067314332351089,0.0009566720109432936,-2.5404512882232666,0.00022562569938600063,0.0002975661773234606,0.001190546085126698,0.0238039568066597,0.023803697898983955,214.0,0.0,-0.0001111041710828431,0
-353521749.0,1491741903.0,571140.0,121.0,200.0,0.0,15855.0,10.0,0.0014067314332351089,0.0009566720109432936,-2.5404512882232666,0.00022562569938600063,0.0002975661773234606,0.001190546085126698,0.0238039568066597,0.023803697898983955,214.0,0.0,-0.0001111041710828431,0
-353521749.0,1491741903.0,571140.0,121.0,200.0,0.0,15855.0,10.0,0.0014061231631785631,0.0009588520042598248,-2.540376663208008,0.00025629764422774315,0.00032720970921218395,0.0011489158496260643,0.023831212893128395,0.023831013590097427,214.0,0.0,-9.747727744979784e-05,0
-353521749.0,1491741903.0,571140.0,121.0,200.0,0.0,15855.0,10.0,0.0014061231631785631,0.0009588520042598248,-2.540376663208008,0.00025629764422774315,0.00032720970921218395,0.0011489158496260643,0.023831212893128395,0.023831013590097427,214.0,0.0,-9.747727744979784e-05,0
-353521749.0,1491741903.0,571140.0,121.0,200.0,0.0,15855.0,10.0,0.0014119783882051706,0.0009610073175281286,-2.540316343307495,0.00025631976313889027,0.0003030484076589346,0.0012346598086878657,0.023915007710456848,0.023914987221360207,214.0,0.0,-3.207441477570683e-05,0
-353521749.0,1491741903.0,571140.0,121.0,200.0,0.0,15855.0,10.0,0.0014119783882051706,0.0009610073175281286,-2.540316343307495,0.00025631976313889027,0.0003030484076589346,0.0012346598086878657,0.023915007710456848,0.023914987221360207,214.0,0.0,-3.207441477570683e-05,0
-353521749.0,1491741903.0,571140.0,121.0,200.0,0.0,15855.0,10.0,0.0014125927118584514,0.0009636479080654681,-2.540254831314087,0.0001445396337658167,0.00027774530462920666,0.0012267797719687223,0.024138078093528748,0.024138065055012703,214.0,0.0,-2.649508860486094e-05,0
-353521749.0,1491741903.0,571140.0,121.0,200.0,0.0,15855.0,10.0,0.0014125927118584514,0.0009636479080654681,-2.540254831314087,0.0001445396337658167,0.00027774530462920666,0.0012267797719687223,0.024138078093528748,0.024138065055012703,214.0,0.0,-2.649508860486094e-05,0
-353521749.0,1491741903.0,571140.0,121.0,200.0,0.0,15855.0,10.0,0.0014125927118584514,0.0009636479080654681,-2.540254831314087,0.0001445396337658167,0.00027774530462920666,0.0012267797719687223,0.024138078093528748,0.024138065055012703,214.0,0.0,-2.649508860486094e-05,0
-353521749.0,1491741903.0,571140.0,121.0,200.0,0.0,15855.0,10.0,0.0014058719389140606,0.0009605379309505224,-2.540201425552368,0.00021441164426505566,0.00028115767054259777,0.001262326375581324,0.023944014683365822,0.023943917825818062,214.0,0.0,-6.794691580580547e-05,0
-353521749.0,1491741903.0,571140.0,121.0,200.0,0.0,15855.0,10.0,0.0014058719389140606,0.0009605379309505224,-2.540201425552368,0.00021441164426505566,0.00028115767054259777,0.001262326375581324,0.023944014683365822,0.023943917825818062,214.0,0.0,-6.794691580580547e-05,0
-353521749.0,1491741903.0,571140.0,121.0,200.0,0.0,15855.0,10.0,0.0013980448711663485,0.0009566465741954744,-2.540130138397217,0.0002462186384946108,0.00034169014543294907,0.001260950230062008,0.02388179488480091,0.023881420493125916,214.0,0.0,-0.00013382259930949658,0
-353521749.0,1491741903.0,571140.0,121.0,200.0,0.0,15855.0,10.0,0.0013980448711663485,0.0009566465741954744,-2.540130138397217,0.0002462186384946108,0.00034169014543294907,0.001260950230062008,0.02388179488480091,0.023881420493125916,214.0,0.0,-0.00013382259930949658,0
-353521749.0,1491741903.0,571140.0,121.0,200.0,0.0,15855.0,10.0,0.0014073019847273827,0.0009593124268576503,-2.5400731563568115,0.0002732137218117714,0.00035286322236061096,0.001179267419502139,0.023936333134770393,0.023936083540320396,214.0,0.0,-0.00010945305984932929,0
-353521749.0,1491741903.0,571140.0,121.0,200.0,0.0,15855.0,10.0,0.0014073019847273827,0.0009593124268576503,-2.5400731563568115,0.0002732137218117714,0.00035286322236061096,0.001179267419502139,0.023936333134770393,0.023936083540320396,214.0,0.0,-0.00010945305984932929,0
-353521749.0,1491741903.0,571140.0,121.0,200.0,0.0,15855.0,10.0,0.0014125722227618098,0.0009660592186264694,-2.540010929107666,0.00020126719027757645,0.0003743136767297983,0.0012234864989295602,0.02384195476770401,0.02384169027209282,214.0,0.0,-0.00011243674816796556,0
-353521749.0,1491741903.0,571140.0,121.0,200.0,0.0,15855.0,10.0,0.0014125722227618098,0.0009660592186264694,-2.540010929107666,0.00020126719027757645,0.0003743136767297983,0.0012234864989295602,0.02384195476770401,0.02384169027209282,214.0,0.0,-0.00011243674816796556,0
-353521749.0,1491741903.0,571140.0,121.0,200.0,0.0,15855.0,10.0,0.0014125722227618098,0.0009660592186264694,-2.540010929107666,0.00020126719027757645,0.0003743136767297983,0.0012234864989295602,0.02384195476770401,0.02384169027209282,214.0,0.0,-0.00011243674816796556,0
-353521749.0,1491741903.0,571140.0,121.0,200.0,0.0,15855.0,10.0,0.0014060368994250894,0.0009526809444651008,-2.5399465560913086,0.0002612117677927017,0.0003075217828154564,0.0012815998634323478,0.023509716615080833,0.02350967936217785,214.0,0.0,-4.185385841992684e-05,0
-353521749.0,1491741903.0,571140.0,121.0,200.0,0.0,15855.0,10.0,0.0014060368994250894,0.0009526809444651008,-2.5399465560913086,0.0002612117677927017,0.0003075217828154564,0.0012815998634323478,0.023509716615080833,0.02350967936217785,214.0,0.0,-4.185385841992684e-05,0
-353521749.0,1491741903.0,571140.0,121.0,200.0,0.0,15855.0,10.0,0.0014017027569934726,0.0009526272770017385,-2.539879083633423,0.00022821640595793724,0.00031299935653805733,0.0012844783486798406,0.02324417419731617,0.023244114592671394,214.0,0.0,-5.2450894145295024e-05,0
-353521749.0,1491741903.0,571140.0,121.0,200.0,0.0,15855.0,10.0,0.0014017027569934726,0.0009526272770017385,-2.539879083633423,0.00022821640595793724,0.00031299935653805733,0.0012844783486798406,0.02324417419731617,0.023244114592671394,214.0,0.0,-5.2450894145295024e-05,0
-353521749.0,1491741903.0,571140.0,121.0,200.0,0.0,15855.0,10.0,0.0014043141854926944,0.0009572792914696038,-2.5398306846618652,0.00019231135956943035,0.00033666775561869144,0.001222719089128077,0.023057451471686363,0.023057395592331886,214.0,0.0,-5.0189577450510114e-05,0
-353521749.0,1491741903.0,571140.0,121.0,200.0,0.0,15855.0,10.0,0.0014043141854926944,0.0009572792914696038,-2.5398306846618652,0.00019231135956943035,0.00033666775561869144,0.001222719089128077,0.023057451471686363,0.023057395592331886,214.0,0.0,-5.0189577450510114e-05,0
-353521749.0,1491741903.0,571140.0,121.0,200.0,0.0,15855.0,10.0,0.001408679992891848,0.0009711263119243085,-2.539769172668457,9.739724919199944e-05,0.0003093811683356762,0.0012480814475566149,0.022874219343066216,0.022874219343066216,214.0,0.0,1.4539765288645867e-05,0
-353521749.0,1491741903.0,571140.0,121.0,200.0,0.0,15855.0,10.0,0.001408679992891848,0.0009711263119243085,-2.539769172668457,9.739724919199944e-05,0.0003093811683356762,0.0012480814475566149,0.022874219343066216,0.022874219343066216,214.0,0.0,1.4539765288645867e-05,0
-353521749.0,1491741903.0,571140.0,121.0,200.0,0.0,15855.0,10.0,0.001408679992891848,0.0009711263119243085,-2.539769172668457,9.739724919199944e-05,0.0003093811683356762,0.0012480814475566149,0.022874219343066216,0.022874219343066216,214.0,0.0,1.4539765288645867e-05,0
-353521749.0,1491741903.0,571140.0,121.0,200.0,0.0,15855.0,10.0,0.0014101627748459578,0.000970776192843914,-2.5397205352783203,0.0002511825878173113,0.00034103007055819035,0.001226527150720358,0.02234048955142498,0.022340305149555206,214.0,0.0,9.116352157434449e-05,0
-353521749.0,1491741903.0,571140.0,121.0,200.0,0.0,15855.0,10.0,0.0014101627748459578,0.000970776192843914,-2.5397205352783203,0.0002511825878173113,0.00034103007055819035,0.001226527150720358,0.02234048955142498,0.022340305149555206,214.0,0.0,9.116352157434449e-05,0
-353521749.0,1491741903.0,571140.0,121.0,200.0,0.0,15855.0,10.0,0.0014148200862109661,0.0009826923487707973,-2.539665460586548,0.0002258166205137968,0.0002432230394333601,0.0011254835408180952,0.022013338282704353,0.0220132265239954,214.0,0.0,7.082780211931095e-05,0
-353521749.0,1491741903.0,571140.0,121.0,200.0,0.0,15855.0,10.0,0.0014148200862109661,0.0009826923487707973,-2.539665460586548,0.0002258166205137968,0.0002432230394333601,0.0011254835408180952,0.022013338282704353,0.0220132265239954,214.0,0.0,7.082780211931095e-05,0
-353521749.0,1491741903.0,571140.0,121.0,200.0,0.0,15855.0,10.0,0.0014299866743385792,0.0009975830325856805,-2.539618492126465,0.0002656246069818735,0.00036932993680238724,0.0012375664664432406,0.021847492083907127,0.02184712514281273,214.0,0.0,0.00012672714365180582,0
-353521749.0,1491741903.0,571140.0,121.0,200.0,0.0,15855.0,10.0,0.0014299866743385792,0.0009975830325856805,-2.539618492126465,0.0002656246069818735,0.00036932993680238724,0.0012375664664432406,0.021847492083907127,0.02184712514281273,214.0,0.0,0.00012672714365180582,0
-353521749.0,1491741903.0,571140.0,121.0,200.0,0.0,34307.0,10.0,0.0014430142473429441,0.0010185162536799908,-2.5395617485046387,0.00019446108490228653,0.0003575887531042099,0.001194913755171001,0.021750420331954956,0.02174949087202549,214.0,1.0,0.00020098376262467355,0
-353521749.0,1491741903.0,571140.0,121.0,200.0,0.0,34307.0,10.0,0.0014430142473429441,0.0010185162536799908,-2.5395617485046387,0.00019446108490228653,0.0003575887531042099,0.001194913755171001,0.021750420331954956,0.02174949087202549,214.0,1.0,0.00020098376262467355,0
-353521749.0,1491741903.0,571140.0,121.0,200.0,0.0,34307.0,10.0,0.0014430142473429441,0.0010185162536799908,-2.5395617485046387,0.00019446108490228653,0.0003575887531042099,0.001194913755171001,0.021750420331954956,0.02174949087202549,214.0,1.0,0.00020098376262467355,0
-353521749.0,1491741903.0,571140.0,121.0,200.0,0.0,33841.0,10.0,0.0014542709104716778,0.0010273021180182695,-2.539517402648926,0.00019139726646244526,0.0003241058439016342,0.0012477405834943056,0.02143106237053871,0.02143019437789917,214.0,14.0,0.00019278023683000356,0
-353521749.0,1491741903.0,571140.0,121.0,200.0,0.0,33841.0,10.0,0.0014542709104716778,0.0010273021180182695,-2.539517402648926,0.00019139726646244526,0.0003241058439016342,0.0012477405834943056,0.02143106237053871,0.02143019437789917,214.0,14.0,0.00019278023683000356,0
-353521749.0,1491741903.0,571140.0,121.0,200.0,0.0,26162.0,10.0,0.0014617426786571741,0.0010385682107880712,-2.539463758468628,0.0002616969868540764,0.00033497088588774204,0.0012470060028135777,0.021358707919716835,0.021357016637921333,214.0,26.0,0.0002687991363927722,0
-353521749.0,1491741903.0,571140.0,121.0,200.0,0.0,26162.0,10.0,0.0014617426786571741,0.0010385682107880712,-2.539463758468628,0.0002616969868540764,0.00033497088588774204,0.0012470060028135777,0.021358707919716835,0.021357016637921333,214.0,26.0,0.0002687991363927722,0
-353521749.0,1491741903.0,571140.0,121.0,200.0,0.0,15778.0,10.0,0.0014814106980338693,0.0010563302785158157,-2.5394175052642822,0.00025597959756851196,0.00033559324219822884,0.0012180337216705084,0.03229454532265663,0.02139139175415039,214.0,38.0,0.02419392578303814,0
-353521749.0,1491741903.0,571140.0,121.0,200.0,0.0,15778.0,10.0,0.0014814106980338693,0.0010563302785158157,-2.5394175052642822,0.00025597959756851196,0.00033559324219822884,0.0012180337216705084,0.03229454532265663,0.02139139175415039,214.0,38.0,0.02419392578303814,0
-353521749.0,1491741903.0,571160.0,121.0,200.0,0.0,16104.0,10.0,0.001497303368523717,0.001074863481335342,-2.5393612384796143,0.0002487562596797943,0.00034470297396183014,0.0011736825108528137,0.16587813198566437,0.021729927510023117,214.0,42.0,0.16444866359233856,0
-353521749.0,1491741903.0,571160.0,121.0,200.0,0.0,16104.0,10.0,0.001497303368523717,0.001074863481335342,-2.5393612384796143,0.0002487562596797943,0.00034470297396183014,0.0011736825108528137,0.16587813198566437,0.021729927510023117,214.0,42.0,0.16444866359233856,0
-353521749.0,1491741903.0,571190.0,121.0,200.0,0.0,16952.0,10.0,0.0015062907477840781,0.0010860096663236618,-2.5393214225769043,0.00021684751845896244,0.0002940865233540535,0.001212645904161036,0.3013440668582916,0.021847013384103775,214.0,48.0,0.30055108666419983,0
-353521749.0,1491741903.0,571190.0,121.0,200.0,0.0,16952.0,10.0,0.0015062907477840781,0.0010860096663236618,-2.5393214225769043,0.00021684751845896244,0.0002940865233540535,0.001212645904161036,0.3013440668582916,0.021847013384103775,214.0,48.0,0.30055108666419983,0
-353521749.0,1491741903.0,571240.0,121.0,200.0,0.0,16261.0,10.0,-0.0009445249452255666,-0.0011740652844309807,-2.5393803119659424,-0.017020244151353836,-0.015156611800193787,-1.928803976625204e-05,0.9853347539901733,0.02052643522620201,214.0,34.0,0.985120952129364,0
-353521749.0,1491741903.0,571240.0,121.0,200.0,0.0,16261.0,10.0,-0.0009445249452255666,-0.0011740652844309807,-2.5393803119659424,-0.017020244151353836,-0.015156611800193787,-1.928803976625204e-05,0.9853347539901733,0.02052643522620201,214.0,34.0,0.985120952129364,0
-353521749.0,1491741903.0,571240.0,121.0,200.0,0.0,16261.0,10.0,-0.0009445249452255666,-0.0011740652844309807,-2.5393803119659424,-0.017020244151353836,-0.015156611800193787,-1.928803976625204e-05,0.9853347539901733,0.02052643522620201,214.0,34.0,0.985120952129364,0
-353521749.0,1491741903.0,571360.0,121.0,200.0,0.0,16538.0,10.0,-0.002558630658313632,-0.0025038544554263353,-2.5396652221679688,0.00211281212978065,0.00299779768101871,-7.1303220465779305e-06,1.2107703685760498,0.011111876927316189,214.0,35.0,1.210719347000122,0
-353521749.0,1491741903.0,571360.0,121.0,200.0,0.0,16538.0,10.0,-0.002558630658313632,-0.0025038544554263353,-2.5396652221679688,0.00211281212978065,0.00299779768101871,-7.1303220465779305e-06,1.2107703685760498,0.011111876927316189,214.0,35.0,1.210719347000122,0
-353521749.0,1491741903.0,571810.0,121.0,200.0,1.0,16491.0,10.0,-0.0005886435392312706,-0.000848428055178374,-2.5398151874542236,0.01137067936360836,0.009673907421529293,0.0007154541090130806,1.209916591644287,0.0013359426520764828,214.0,41.0,1.2099157571792603,0
-353521749.0,1491741903.0,571810.0,121.0,200.0,1.0,16491.0,10.0,-0.0005886435392312706,-0.000848428055178374,-2.5398151874542236,0.01137067936360836,0.009673907421529293,0.0007154541090130806,1.209916591644287,0.0013359426520764828,214.0,41.0,1.2099157571792603,0
-353521749.0,1491741903.0,572050.0,121.0,200.0,2.0,16506.0,10.0,0.0017474532360211015,0.0009986743098124862,-2.539843797683716,0.00845231581479311,0.004885388538241386,0.001127466093748808,1.4531960487365723,0.0016366258496418595,214.0,41.0,1.4531950950622559,0
-353521749.0,1491741903.0,572050.0,121.0,200.0,2.0,16506.0,10.0,0.0017474532360211015,0.0009986743098124862,-2.539843797683716,0.00845231581479311,0.004885388538241386,0.001127466093748808,1.4531960487365723,0.0016366258496418595,214.0,41.0,1.4531950950622559,0
-353521749.0,1491741903.0,572320.0,121.0,200.0,2.0,16572.0,10.0,0.002725265920162201,0.002229866571724415,-2.5398216247558594,0.0007021697238087654,0.0018955969717353582,0.0012348010204732418,1.701227068901062,0.0038060471415519714,214.0,42.0,1.7012226581573486,0
-353521749.0,1491741903.0,572320.0,121.0,200.0,2.0,16572.0,10.0,0.002725265920162201,0.002229866571724415,-2.5398216247558594,0.0007021697238087654,0.0018955969717353582,0.0012348010204732418,1.701227068901062,0.0038060471415519714,214.0,42.0,1.7012226581573486,0
-353521750.0,1491741903.0,572650.0,121.0,200.0,2.0,16636.0,10.0,0.002897575031965971,0.002503546653315425,-2.5398080348968506,0.0002729108091443777,-5.1172683015465736e-05,0.001057996298186481,1.9552522897720337,0.011014608666300774,214.0,42.0,1.9552212953567505,0
-353521750.0,1491741903.0,572650.0,121.0,200.0,2.0,16636.0,10.0,0.002897575031965971,0.002503546653315425,-2.5398080348968506,0.0002729108091443777,-5.1172683015465736e-05,0.001057996298186481,1.9552522897720337,0.011014608666300774,214.0,42.0,1.9552212953567505,0
-353521750.0,1491741903.0,573400.0,121.0,200.0,1.0,16534.0,10.0,0.002697416115552187,0.002353861927986145,-2.539794683456421,-0.0011309292167425156,-0.0006935461424291134,0.0011515786172822118,2.2147138118743896,0.017558591440320015,214.0,43.0,2.214644193649292,0
-353521750.0,1491741903.0,573400.0,121.0,200.0,1.0,16534.0,10.0,0.002697416115552187,0.002353861927986145,-2.539794683456421,-0.0011309292167425156,-0.0006935461424291134,0.0011515786172822118,2.2147138118743896,0.017558591440320015,214.0,43.0,2.214644193649292,0
-353521750.0,1491741903.0,573400.0,121.0,200.0,1.0,16534.0,10.0,0.002697416115552187,0.002353861927986145,-2.539794683456421,-0.0011309292167425156,-0.0006935461424291134,0.0011515786172822118,2.2147138118743896,0.017558591440320015,214.0,43.0,2.214644193649292,0
-353521750.0,1491741903.0,573830.0,121.0,200.0,0.0,16287.0,10.0,0.0023458078503608704,0.0021460417192429304,-2.563488245010376,-0.0011673613917082548,-4.423619247972965e-05,0.0008497765520587564,2.4326417446136475,0.022205796092748642,213.0,41.0,2.4325406551361084,0
-353521750.0,1491741903.0,573830.0,121.0,200.0,0.0,16287.0,10.0,0.0023458078503608704,0.0021460417192429304,-2.563488245010376,-0.0011673613917082548,-4.423619247972965e-05,0.0008497765520587564,2.4326417446136475,0.022205796092748642,213.0,41.0,2.4325406551361084,0
-353521750.0,1491741903.0,574310.0,121.0,200.0,0.0,15538.0,10.0,0.00203114771284163,0.0019138978095725179,-2.5619330406188965,-0.0020385999232530594,-0.003748255781829357,-0.0026576248928904533,2.522101402282715,0.025659216567873955,213.0,40.0,2.521970748901367,0
-353521750.0,1491741903.0,574310.0,121.0,200.0,0.0,15538.0,10.0,0.00203114771284163,0.0019138978095725179,-2.5619330406188965,-0.0020385999232530594,-0.003748255781829357,-0.0026576248928904533,2.522101402282715,0.025659216567873955,213.0,40.0,2.521970748901367,0
-353521750.0,1491741903.0,574810.0,121.0,200.0,0.0,13104.0,10.0,0.0016203400446102023,0.0014617800479754806,-2.562919855117798,-0.002753828652203083,8.216267451643944e-05,-0.004816827364265919,2.5360260009765625,0.02756192535161972,213.0,39.0,2.5358760356903076,0
-353521750.0,1491741903.0,574810.0,121.0,200.0,0.0,13104.0,10.0,0.0016203400446102023,0.0014617800479754806,-2.562919855117798,-0.002753828652203083,8.216267451643944e-05,-0.004816827364265919,2.5360260009765625,0.02756192535161972,213.0,39.0,2.5358760356903076,0
-353521750.0,1491741903.0,575820.0,121.0,200.0,0.0,9650.0,10.0,0.0012536137364804745,0.0010206837905570865,-2.5638184547424316,0.001406555064022541,-0.0014039573725312948,-0.001808235771022737,2.5185770988464355,0.027667850255966187,213.0,39.0,2.518425226211548,0
-353521750.0,1491741903.0,575820.0,121.0,200.0,0.0,9650.0,10.0,0.0012536137364804745,0.0010206837905570865,-2.5638184547424316,0.001406555064022541,-0.0014039573725312948,-0.001808235771022737,2.5185770988464355,0.027667850255966187,213.0,39.0,2.518425226211548,0
-353521750.0,1491741903.0,575820.0,121.0,200.0,0.0,9650.0,10.0,0.0012536137364804745,0.0010206837905570865,-2.5638184547424316,0.001406555064022541,-0.0014039573725312948,-0.001808235771022737,2.5185770988464355,0.027667850255966187,213.0,39.0,2.518425226211548,0
-353521750.0,1491741903.0,576320.0,121.0,200.0,0.0,11632.0,10.0,0.0011363491648808122,0.0007303174934349954,-2.564063787460327,-0.00033087097108364105,-0.0005990193458274007,-0.0003676951746456325,2.4954731464385986,0.026384083554148674,213.0,39.0,2.495333433151245,0
-353521750.0,1491741903.0,576320.0,121.0,200.0,0.0,11632.0,10.0,0.0011363491648808122,0.0007303174934349954,-2.564063787460327,-0.00033087097108364105,-0.0005990193458274007,-0.0003676951746456325,2.4954731464385986,0.026384083554148674,213.0,39.0,2.495333433151245,0
-353521751.0,1491741903.0,576820.0,121.0,200.0,0.0,13489.0,10.0,0.0012022946029901505,0.0006495093111880124,-2.5640714168548584,0.0016235967632383108,0.002300024265423417,0.0008217388531193137,2.4763004779815674,0.024537300691008568,213.0,39.0,2.4761788845062256,0
-353521751.0,1491741903.0,576820.0,121.0,200.0,0.0,13489.0,10.0,0.0012022946029901505,0.0006495093111880124,-2.5640714168548584,0.0016235967632383108,0.002300024265423417,0.0008217388531193137,2.4763004779815674,0.024537300691008568,213.0,39.0,2.4761788845062256,0
-353521752.0,1491741903.0,577320.0,121.0,200.0,0.0,14669.0,10.0,0.0014839398209005594,0.0007917482289485633,-2.5639188289642334,0.0008841000963002443,0.0023988555185496807,0.0008557161781936884,2.4654335975646973,0.022965194657444954,213.0,39.0,2.4653267860412598,0
-353521752.0,1491741903.0,577320.0,121.0,200.0,0.0,14669.0,10.0,0.0014839398209005594,0.0007917482289485633,-2.5639188289642334,0.0008841000963002443,0.0023988555185496807,0.0008557161781936884,2.4654335975646973,0.022965194657444954,213.0,39.0,2.4653267860412598,0
-353521752.0,1491741903.0,578300.0,121.0,200.0,0.0,15636.0,10.0,0.0019438432063907385,0.0018527806969359517,-2.563936710357666,0.004284411668777466,0.004315713420510292,-0.00027722748927772045,2.46117901802063,0.022714141756296158,213.0,39.0,2.461074113845825,0
-353521752.0,1491741903.0,578300.0,121.0,200.0,0.0,15636.0,10.0,0.0019438432063907385,0.0018527806969359517,-2.563936710357666,0.004284411668777466,0.004315713420510292,-0.00027722748927772045,2.46117901802063,0.022714141756296158,213.0,39.0,2.461074113845825,0
-353521752.0,1491741903.0,578300.0,121.0,200.0,0.0,15636.0,10.0,0.0019438432063907385,0.0018527806969359517,-2.563936710357666,0.004284411668777466,0.004315713420510292,-0.00027722748927772045,2.46117901802063,0.022714141756296158,213.0,39.0,2.461074113845825,0
-353521752.0,1491741903.0,578790.0,121.0,200.0,0.0,15121.0,10.0,0.002314287004992366,0.0024565299972891808,-2.5640177726745605,0.0010691641364246607,0.000474028754979372,0.0002747458638623357,2.4611189365386963,0.024251438677310944,213.0,39.0,2.4609997272491455,0
-353521752.0,1491741903.0,578790.0,121.0,200.0,0.0,15121.0,10.0,0.002314287004992366,0.0024565299972891808,-2.5640177726745605,0.0010691641364246607,0.000474028754979372,0.0002747458638623357,2.4611189365386963,0.024251438677310944,213.0,39.0,2.4609997272491455,0
-353521752.0,1491741904.0,579280.0,121.0,200.0,0.0,13378.0,10.0,0.002430795459076762,0.002359351608902216,-2.5640013217926025,0.0019584926776587963,-0.00037908030208200216,0.0004468270344659686,2.4652082920074463,0.02640661597251892,213.0,39.0,2.46506667137146,0
-353521752.0,1491741904.0,579280.0,121.0,200.0,0.0,13378.0,10.0,0.002430795459076762,0.002359351608902216,-2.5640013217926025,0.0019584926776587963,-0.00037908030208200216,0.0004468270344659686,2.4652082920074463,0.02640661597251892,213.0,39.0,2.46506667137146,0
-353521752.0,1491741904.0,579770.0,121.0,200.0,0.0,9533.0,10.0,0.0025096144527196884,0.002138776471838355,-2.564073085784912,-0.00029360782355070114,-0.00019653304480016232,0.000393132446333766,2.4694435596466064,0.028420651331543922,213.0,39.0,2.4692800045013428,0
-353521752.0,1491741904.0,579770.0,121.0,200.0,0.0,9533.0,10.0,0.0025096144527196884,0.002138776471838355,-2.564073085784912,-0.00029360782355070114,-0.00019653304480016232,0.000393132446333766,2.4694435596466064,0.028420651331543922,213.0,39.0,2.4692800045013428,0
-353521752.0,1491741904.0,580760.0,121.0,200.0,0.0,2853.0,10.0,0.002563950838521123,0.0020055389031767845,-2.5639426708221436,0.0022985844407230616,0.0007750957738608122,0.0005099745467305183,2.473616123199463,0.030033474788069725,213.0,39.0,2.4734339714050293,0
-353521752.0,1491741904.0,580760.0,121.0,200.0,0.0,2853.0,10.0,0.002563950838521123,0.0020055389031767845,-2.5639426708221436,0.0022985844407230616,0.0007750957738608122,0.0005099745467305183,2.473616123199463,0.030033474788069725,213.0,39.0,2.4734339714050293,0
-353521752.0,1491741904.0,580760.0,121.0,200.0,0.0,2853.0,10.0,0.002563950838521123,0.0020055389031767845,-2.5639426708221436,0.0022985844407230616,0.0007750957738608122,0.0005099745467305183,2.473616123199463,0.030033474788069725,213.0,39.0,2.4734339714050293,0
-353521752.0,1491741904.0,581250.0,121.0,200.0,0.0,1464.0,10.0,0.0026347648818045855,0.0019462289055809379,-2.564042091369629,0.0010223661083728075,-0.002383009297773242,-0.00016576028428971767,2.477262020111084,0.03116641752421856,213.0,39.0,2.4770660400390625,0
-353521752.0,1491741904.0,581250.0,121.0,200.0,0.0,1464.0,10.0,0.0026347648818045855,0.0019462289055809379,-2.564042091369629,0.0010223661083728075,-0.002383009297773242,-0.00016576028428971767,2.477262020111084,0.03116641752421856,213.0,39.0,2.4770660400390625,0
-353521752.0,1491741904.0,581750.0,121.0,200.0,0.0,562.0,10.0,0.002416302217170596,0.0014895129716023803,-2.5640742778778076,0.00039291451685130596,-0.002336990786716342,0.0010815804125741124,2.4807686805725098,0.03152843192219734,213.0,39.0,2.4805684089660645,0
-353521752.0,1491741904.0,581750.0,121.0,200.0,0.0,562.0,10.0,0.002416302217170596,0.0014895129716023803,-2.5640742778778076,0.00039291451685130596,-0.002336990786716342,0.0010815804125741124,2.4807686805725098,0.03152843192219734,213.0,39.0,2.4805684089660645,0
-353521752.0,1491741904.0,582240.0,121.0,200.0,0.0,35901.0,10.0,0.002535131759941578,0.001321675954386592,-2.5638880729675293,0.0020926110446453094,-0.0004003596259281039,0.0009051162051036954,2.483290195465088,0.03143296763300896,213.0,39.0,2.483091354370117,0
-353521752.0,1491741904.0,582240.0,121.0,200.0,0.0,35901.0,10.0,0.002535131759941578,0.001321675954386592,-2.5638880729675293,0.0020926110446453094,-0.0004003596259281039,0.0009051162051036954,2.483290195465088,0.03143296763300896,213.0,39.0,2.483091354370117,0
-353521752.0,1491741904.0,583230.0,121.0,200.0,1.0,34549.0,10.0,0.0028611645102500916,0.0014316810993477702,-2.5638339519500732,0.0011499328538775444,0.0016819832380861044,0.00011454999912530184,2.487055778503418,0.03190407529473305,213.0,39.0,2.4868509769439697,0
-353521752.0,1491741904.0,583230.0,121.0,200.0,1.0,34549.0,10.0,0.0028611645102500916,0.0014316810993477702,-2.5638339519500732,0.0011499328538775444,0.0016819832380861044,0.00011454999912530184,2.487055778503418,0.03190407529473305,213.0,39.0,2.4868509769439697,0
-353521752.0,1491741904.0,583230.0,121.0,200.0,1.0,34549.0,10.0,0.0028611645102500916,0.0014316810993477702,-2.5638339519500732,0.0011499328538775444,0.0016819832380861044,0.00011454999912530184,2.487055778503418,0.03190407529473305,213.0,39.0,2.4868509769439697,0
-353521752.0,1491741904.0,583730.0,121.0,200.0,1.0,33969.0,10.0,0.0021154924761503935,0.001631197752431035,-2.5640251636505127,-0.004448094870895147,-0.0012299567461013794,-0.00010821374598890543,2.49222731590271,0.03191066533327103,213.0,39.0,2.49202299118042,0
-353521752.0,1491741904.0,583730.0,121.0,200.0,1.0,33969.0,10.0,0.0021154924761503935,0.001631197752431035,-2.5640251636505127,-0.004448094870895147,-0.0012299567461013794,-0.00010821374598890543,2.49222731590271,0.03191066533327103,213.0,39.0,2.49202299118042,0
-353521752.0,1491741904.0,584220.0,121.0,200.0,1.0,33834.0,10.0,0.0017261753091588616,0.0016649406170472503,-2.5640923976898193,-0.0014015069464221597,-0.00025088805705308914,0.0005824239924550056,2.497464656829834,0.031087880954146385,213.0,39.0,2.4972710609436035,0
-353521752.0,1491741904.0,584220.0,121.0,200.0,1.0,33834.0,10.0,0.0017261753091588616,0.0016649406170472503,-2.5640923976898193,-0.0014015069464221597,-0.00025088805705308914,0.0005824239924550056,2.497464656829834,0.031087880954146385,213.0,39.0,2.4972710609436035,0
-353521751.0,1491741904.0,584720.0,121.0,200.0,1.0,34015.0,10.0,0.001632150961086154,0.0016701188869774342,-2.5640392303466797,0.0005046497099101543,0.0020210419315844774,0.0007811408722773194,2.500965118408203,0.030380854383111,213.0,39.0,2.5007808208465576,0
-353521751.0,1491741904.0,584720.0,121.0,200.0,1.0,34015.0,10.0,0.001632150961086154,0.0016701188869774342,-2.5640392303466797,0.0005046497099101543,0.0020210419315844774,0.0007811408722773194,2.500965118408203,0.030380854383111,213.0,39.0,2.5007808208465576,0
-353521750.0,1491741904.0,585720.0,121.0,200.0,1.0,34531.0,10.0,0.001738132443279028,0.0013556905323639512,-2.5641238689422607,1.283758319914341e-05,-0.0007820911705493927,-0.00016167911235243082,2.5025906562805176,0.030067741870880127,213.0,39.0,2.5024101734161377,0
-353521750.0,1491741904.0,585720.0,121.0,200.0,1.0,34531.0,10.0,0.001738132443279028,0.0013556905323639512,-2.5641238689422607,1.283758319914341e-05,-0.0007820911705493927,-0.00016167911235243082,2.5025906562805176,0.030067741870880127,213.0,39.0,2.5024101734161377,0
-353521750.0,1491741904.0,585720.0,121.0,200.0,1.0,34531.0,10.0,0.001738132443279028,0.0013556905323639512,-2.5641238689422607,1.283758319914341e-05,-0.0007820911705493927,-0.00016167911235243082,2.5025906562805176,0.030067741870880127,213.0,39.0,2.5024101734161377,0
-353521750.0,1491741904.0,586220.0,121.0,200.0,1.0,34547.0,10.0,0.0016489798435941339,0.0007543526007793844,-2.564016103744507,-0.0022615843918174505,-0.0014743251958861947,0.0016375264385715127,2.5037548542022705,0.028799081221222878,213.0,39.0,2.503589630126953,0
-353521750.0,1491741904.0,586220.0,121.0,200.0,1.0,34547.0,10.0,0.0016489798435941339,0.0007543526007793844,-2.564016103744507,-0.0022615843918174505,-0.0014743251958861947,0.0016375264385715127,2.5037548542022705,0.028799081221222878,213.0,39.0,2.503589630126953,0
-353521750.0,1491741904.0,586720.0,121.0,200.0,0.0,34218.0,10.0,0.001672426937147975,0.0004899053601548076,-2.5639829635620117,-0.002065223641693592,-0.0012755886418744922,8.669157978147268e-05,2.5050692558288574,0.02683652751147747,213.0,39.0,2.5049257278442383,0
-353521750.0,1491741904.0,586720.0,121.0,200.0,0.0,34218.0,10.0,0.001672426937147975,0.0004899053601548076,-2.5639829635620117,-0.002065223641693592,-0.0012755886418744922,8.669157978147268e-05,2.5050692558288574,0.02683652751147747,213.0,39.0,2.5049257278442383,0
-353521750.0,1491741904.0,587220.0,121.0,200.0,0.0,33476.0,10.0,0.0014213563408702612,0.0006690463051199913,-2.5640344619750977,-0.0015063270693644881,0.0016917288303375244,0.0005739685148000717,2.5054309368133545,0.02485046349465847,213.0,39.0,2.505307674407959,0
-353521750.0,1491741904.0,587220.0,121.0,200.0,0.0,33476.0,10.0,0.0014213563408702612,0.0006690463051199913,-2.5640344619750977,-0.0015063270693644881,0.0016917288303375244,0.0005739685148000717,2.5054309368133545,0.02485046349465847,213.0,39.0,2.505307674407959,0
-353521750.0,1491741904.0,588220.0,121.0,200.0,0.0,30999.0,10.0,0.001441248576156795,0.0007741663721390069,-2.564067840576172,0.0016962727531790733,-4.338822327554226e-05,-2.464442513883114e-05,2.505236864089966,0.02285267971456051,213.0,39.0,2.5051324367523193,0
-353521750.0,1491741904.0,588220.0,121.0,200.0,0.0,30999.0,10.0,0.001441248576156795,0.0007741663721390069,-2.564067840576172,0.0016962727531790733,-4.338822327554226e-05,-2.464442513883114e-05,2.505236864089966,0.02285267971456051,213.0,39.0,2.5051324367523193,0
-353521750.0,1491741904.0,588220.0,121.0,200.0,0.0,30999.0,10.0,0.001441248576156795,0.0007741663721390069,-2.564067840576172,0.0016962727531790733,-4.338822327554226e-05,-2.464442513883114e-05,2.505236864089966,0.02285267971456051,213.0,39.0,2.5051324367523193,0
-353521749.0,1491741904.0,588720.0,121.0,200.0,0.0,28822.0,10.0,0.001645022421143949,0.0008170583168976009,-2.5640554428100586,0.00010767951607704163,0.000952170928940177,0.0012068041833117604,2.5049428939819336,0.02132944017648697,213.0,39.0,2.504852056503296,0
-353521749.0,1491741904.0,588720.0,121.0,200.0,0.0,28822.0,10.0,0.001645022421143949,0.0008170583168976009,-2.5640554428100586,0.00010767951607704163,0.000952170928940177,0.0012068041833117604,2.5049428939819336,0.02132944017648697,213.0,39.0,2.504852056503296,0
-353521749.0,1491741904.0,589220.0,121.0,200.0,0.0,26184.0,10.0,0.001664832467213273,0.0009274649200960994,-2.5640952587127686,-0.0002065887674689293,-0.000691163819283247,-8.175370749086142e-05,2.5053954124450684,0.020586047321558,213.0,39.0,2.5053107738494873,0
-353521749.0,1491741904.0,589220.0,121.0,200.0,0.0,26184.0,10.0,0.001664832467213273,0.0009274649200960994,-2.5640952587127686,-0.0002065887674689293,-0.000691163819283247,-8.175370749086142e-05,2.5053954124450684,0.020586047321558,213.0,39.0,2.5053107738494873,0
-353521749.0,1491741904.0,589720.0,121.0,200.0,0.0,24138.0,10.0,0.0017109857872128487,0.000911698502022773,-2.5640323162078857,-0.0003932099789381027,0.00010276492685079575,0.0015352994669228792,2.505122184753418,0.020266154780983925,213.0,39.0,2.505040407180786,0
-353521749.0,1491741904.0,589720.0,121.0,200.0,0.0,24138.0,10.0,0.0017109857872128487,0.000911698502022773,-2.5640323162078857,-0.0003932099789381027,0.00010276492685079575,0.0015352994669228792,2.505122184753418,0.020266154780983925,213.0,39.0,2.505040407180786,0
-353521749.0,1491741904.0,590720.0,121.0,200.0,0.0,21836.0,10.0,0.001710431301034987,0.0008597701671533287,-2.5639095306396484,0.00022813980467617512,-0.0007054299348965287,0.0007862246129661798,2.5044028759002686,0.020155636593699455,213.0,39.0,2.504321575164795,0
-353521749.0,1491741904.0,590720.0,121.0,200.0,0.0,21836.0,10.0,0.001710431301034987,0.0008597701671533287,-2.5639095306396484,0.00022813980467617512,-0.0007054299348965287,0.0007862246129661798,2.5044028759002686,0.020155636593699455,213.0,39.0,2.504321575164795,0
-353521749.0,1491741904.0,591220.0,121.0,200.0,0.0,21172.0,10.0,0.0017239961307495832,0.0006895989645272493,-2.5638420581817627,0.0002741226926445961,-0.00021157157607376575,0.0009429218480363488,2.5028600692749023,0.019216174259781837,213.0,39.0,2.502786159515381,0
-353521749.0,1491741904.0,591220.0,121.0,200.0,0.0,21172.0,10.0,0.0017239961307495832,0.0006895989645272493,-2.5638420581817627,0.0002741226926445961,-0.00021157157607376575,0.0009429218480363488,2.5028600692749023,0.019216174259781837,213.0,39.0,2.502786159515381,0
-353521749.0,1491741903.0,591720.0,121.0,200.0,0.0,20734.0,10.0,0.0017427400453016162,0.0006986126536503434,-2.5637192726135254,0.0002488435711711645,0.0029210010543465614,0.0010633701458573341,2.5015227794647217,0.018485600128769875,213.0,39.0,2.5014545917510986,0
-353521749.0,1491741903.0,591720.0,121.0,200.0,0.0,20734.0,10.0,0.0017427400453016162,0.0006986126536503434,-2.5637192726135254,0.0002488435711711645,0.0029210010543465614,0.0010633701458573341,2.5015227794647217,0.018485600128769875,213.0,39.0,2.5014545917510986,0
-353521749.0,1491741903.0,592220.0,121.0,200.0,0.0,20444.0,10.0,0.0014997981488704681,0.0011340159690007567,-2.5636637210845947,-0.0003231016453355551,0.001593881519511342,0.0002587356138974428,2.4990854263305664,0.01821012981235981,213.0,39.0,2.4990193843841553,0
-353521749.0,1491741903.0,592220.0,121.0,200.0,0.0,20444.0,10.0,0.0014997981488704681,0.0011340159690007567,-2.5636637210845947,-0.0003231016453355551,0.001593881519511342,0.0002587356138974428,2.4990854263305664,0.01821012981235981,213.0,39.0,2.4990193843841553,0
-353521749.0,1491741903.0,593210.0,121.0,200.0,1.0,19612.0,10.0,0.001442331587895751,0.0015378562966361642,-2.563753366470337,0.00023233075626194477,0.0034427454229444265,0.0003507983637973666,2.4972524642944336,0.017976190894842148,213.0,39.0,2.497187614440918,0
-353521749.0,1491741903.0,593210.0,121.0,200.0,1.0,19612.0,10.0,0.001442331587895751,0.0015378562966361642,-2.563753366470337,0.00023233075626194477,0.0034427454229444265,0.0003507983637973666,2.4972524642944336,0.017976190894842148,213.0,39.0,2.497187614440918,0
-353521749.0,1491741903.0,593210.0,121.0,200.0,1.0,19612.0,10.0,0.001442331587895751,0.0015378562966361642,-2.563753366470337,0.00023233075626194477,0.0034427454229444265,0.0003507983637973666,2.4972524642944336,0.017976190894842148,213.0,39.0,2.497187614440918,0
-353521750.0,1491741903.0,593710.0,121.0,200.0,1.0,18948.0,10.0,0.0014339002082124352,0.0023673188406974077,-2.563892364501953,-0.0009546623332425952,0.0010369396768510342,-0.0006453811656683683,2.4971582889556885,0.018483884632587433,213.0,39.0,2.4970898628234863,0
-353521750.0,1491741903.0,593710.0,121.0,200.0,1.0,18948.0,10.0,0.0014339002082124352,0.0023673188406974077,-2.563892364501953,-0.0009546623332425952,0.0010369396768510342,-0.0006453811656683683,2.4971582889556885,0.018483884632587433,213.0,39.0,2.4970898628234863,0
-353521750.0,1491741903.0,594210.0,121.0,200.0,1.0,17986.0,10.0,0.0015380771365016699,0.0023938012309372425,-2.5640387535095215,0.0021409429609775543,0.00013847812078893185,0.0002204333432018757,2.5003795623779297,0.0199006088078022,213.0,39.0,2.500300407409668,0
-353521750.0,1491741903.0,594210.0,121.0,200.0,1.0,17986.0,10.0,0.0015380771365016699,0.0023938012309372425,-2.5640387535095215,0.0021409429609775543,0.00013847812078893185,0.0002204333432018757,2.5003795623779297,0.0199006088078022,213.0,39.0,2.500300407409668,0
-353521750.0,1491741903.0,594710.0,121.0,200.0,0.0,16721.0,10.0,0.0018300942610949278,0.002159847877919674,-2.563994884490967,0.001545493956655264,-0.0003151425626128912,0.0002278527244925499,2.5039024353027344,0.02158169262111187,213.0,39.0,2.5038094520568848,0
-353521750.0,1491741903.0,594710.0,121.0,200.0,0.0,16721.0,10.0,0.0018300942610949278,0.002159847877919674,-2.563994884490967,0.001545493956655264,-0.0003151425626128912,0.0002278527244925499,2.5039024353027344,0.02158169262111187,213.0,39.0,2.5038094520568848,0
-353521750.0,1491741903.0,595710.0,121.0,200.0,0.0,14695.0,10.0,0.002042802283540368,0.0018228422850370407,-2.5640294551849365,0.0010507756378501654,-0.0013115270994603634,0.00039528938941657543,2.5056369304656982,0.02314426377415657,213.0,39.0,2.5055298805236816,0
-353521750.0,1491741903.0,595710.0,121.0,200.0,0.0,14695.0,10.0,0.002042802283540368,0.0018228422850370407,-2.5640294551849365,0.0010507756378501654,-0.0013115270994603634,0.00039528938941657543,2.5056369304656982,0.02314426377415657,213.0,39.0,2.5055298805236816,0
-353521750.0,1491741903.0,595710.0,121.0,200.0,0.0,14695.0,10.0,0.002042802283540368,0.0018228422850370407,-2.5640294551849365,0.0010507756378501654,-0.0013115270994603634,0.00039528938941657543,2.5056369304656982,0.02314426377415657,213.0,39.0,2.5055298805236816,0
-353521750.0,1491741903.0,596210.0,121.0,200.0,0.0,14212.0,10.0,0.0020129841286689043,0.0015988446539267898,-2.5639491081237793,0.0007722044829279184,-0.0020284345373511314,0.0003615438472479582,2.5067496299743652,0.023735685274004936,213.0,39.0,2.5066370964050293,0
-353521750.0,1491741903.0,596210.0,121.0,200.0,0.0,14212.0,10.0,0.0020129841286689043,0.0015988446539267898,-2.5639491081237793,0.0007722044829279184,-0.0020284345373511314,0.0003615438472479582,2.5067496299743652,0.023735685274004936,213.0,39.0,2.5066370964050293,0
-353521750.0,1491741903.0,596710.0,121.0,200.0,0.0,13992.0,10.0,0.001971472054719925,0.001463897991925478,-2.563945770263672,-0.0019266700837761164,-6.922520697116852e-06,0.000123677309602499,2.5074877738952637,0.024001993238925934,213.0,39.0,2.507373094558716,0
-353521750.0,1491741903.0,596710.0,121.0,200.0,0.0,13992.0,10.0,0.001971472054719925,0.001463897991925478,-2.563945770263672,-0.0019266700837761164,-6.922520697116852e-06,0.000123677309602499,2.5074877738952637,0.024001993238925934,213.0,39.0,2.507373094558716,0
-353521751.0,1491741903.0,597210.0,121.0,200.0,0.0,13965.0,10.0,0.002032690215855837,0.0014011162566021085,-2.563981771469116,-0.0002682455815374851,0.0010850559920072556,0.00015008635818958282,2.508112907409668,0.024039391428232193,213.0,39.0,2.507997751235962,0
-353521751.0,1491741903.0,597210.0,121.0,200.0,0.0,13965.0,10.0,0.002032690215855837,0.0014011162566021085,-2.563981771469116,-0.0002682455815374851,0.0010850559920072556,0.00015008635818958282,2.508112907409668,0.024039391428232193,213.0,39.0,2.507997751235962,0
-353521752.0,1491741903.0,598210.0,121.0,200.0,0.0,14198.0,10.0,0.0022772541269659996,0.0016468859976157546,-2.5639665126800537,3.7712277844548225e-05,0.0017314681317657232,0.00038736348506063223,2.507861375808716,0.02415735274553299,213.0,39.0,2.5077450275421143,0
-353521752.0,1491741903.0,598210.0,121.0,200.0,0.0,14198.0,10.0,0.0022772541269659996,0.0016468859976157546,-2.5639665126800537,3.7712277844548225e-05,0.0017314681317657232,0.00038736348506063223,2.507861375808716,0.02415735274553299,213.0,39.0,2.5077450275421143,0
-353521752.0,1491741903.0,598210.0,121.0,200.0,0.0,14198.0,10.0,0.0022772541269659996,0.0016468859976157546,-2.5639665126800537,3.7712277844548225e-05,0.0017314681317657232,0.00038736348506063223,2.507861375808716,0.02415735274553299,213.0,39.0,2.5077450275421143,0
-353521752.0,1491741903.0,598720.0,121.0,200.0,0.0,14075.0,10.0,0.0024996898137032986,0.0021115592680871487,-2.5639333724975586,-0.0010195676004514098,-4.475703462958336e-06,0.00048678205348551273,2.507436752319336,0.02472790889441967,213.0,39.0,2.507314682006836,0
-353521752.0,1491741903.0,598720.0,121.0,200.0,0.0,14075.0,10.0,0.0024996898137032986,0.0021115592680871487,-2.5639333724975586,-0.0010195676004514098,-4.475703462958336e-06,0.00048678205348551273,2.507436752319336,0.02472790889441967,213.0,39.0,2.507314682006836,0
-353521752.0,1491741903.0,599220.0,121.0,200.0,0.0,13319.0,10.0,0.002647580811753869,0.002490356797352433,-2.563937187194824,-0.0008623481262475252,-0.0003626624820753932,0.0002861385000869632,2.5067973136901855,0.02662925235927105,213.0,39.0,2.5066561698913574,0
-353521752.0,1491741903.0,599220.0,121.0,200.0,0.0,13319.0,10.0,0.002647580811753869,0.002490356797352433,-2.563937187194824,-0.0008623481262475252,-0.0003626624820753932,0.0002861385000869632,2.5067973136901855,0.02662925235927105,213.0,39.0,2.5066561698913574,0
-353521752.0,1491741903.0,599720.0,121.0,200.0,0.0,11392.0,10.0,0.002654415788128972,0.0024793243501335382,-2.5639541149139404,-0.0012580682523548603,-0.001298511284403503,0.0003014605026692152,2.5065090656280518,0.029348788782954216,213.0,39.0,2.5063374042510986,0
-353521752.0,1491741903.0,599720.0,121.0,200.0,0.0,11392.0,10.0,0.002654415788128972,0.0024793243501335382,-2.5639541149139404,-0.0012580682523548603,-0.001298511284403503,0.0003014605026692152,2.5065090656280518,0.029348788782954216,213.0,39.0,2.5063374042510986,0
-353521752.0,1491741903.0,600720.0,121.0,200.0,0.0,5794.0,10.0,0.0024405315052717924,0.002368493238463998,-2.563962936401367,-0.0003087366931140423,-4.862435162067413e-05,0.00031883595511317253,2.4346511363983154,0.03108428604900837,213.0,37.0,2.434452533721924,0
-353521752.0,1491741903.0,600720.0,121.0,200.0,0.0,5794.0,10.0,0.0024405315052717924,0.002368493238463998,-2.563962936401367,-0.0003087366931140423,-4.862435162067413e-05,0.00031883595511317253,2.4346511363983154,0.03108428604900837,213.0,37.0,2.434452533721924,0
-353521752.0,1491741903.0,600720.0,121.0,200.0,0.0,5794.0,10.0,0.0024405315052717924,0.002368493238463998,-2.563962936401367,-0.0003087366931140423,-4.862435162067413e-05,0.00031883595511317253,2.4346511363983154,0.03108428604900837,213.0,37.0,2.434452533721924,0
-353521752.0,1491741903.0,601200.0,121.0,200.0,0.0,4621.0,10.0,0.0023587357718497515,0.0021687247790396214,-2.5639584064483643,-0.0008646302158012986,-0.0011021002428606153,0.0004304867470636964,2.244722843170166,0.03166358917951584,213.0,35.0,2.244499444961548,0
-353521752.0,1491741903.0,601200.0,121.0,200.0,0.0,4621.0,10.0,0.0023587357718497515,0.0021687247790396214,-2.5639584064483643,-0.0008646302158012986,-0.0011021002428606153,0.0004304867470636964,2.244722843170166,0.03166358917951584,213.0,35.0,2.244499444961548,0
-353521752.0,1491741904.0,601660.0,121.0,200.0,0.0,4020.0,10.0,0.0023580938577651978,0.0020978902466595173,-2.563934803009033,0.0018347841687500477,-0.0005586890038102865,0.000392886926420033,1.993714690208435,0.03190126270055771,213.0,34.0,1.9934594631195068,0
-353521752.0,1491741904.0,601660.0,121.0,200.0,0.0,4020.0,10.0,0.0023580938577651978,0.0020978902466595173,-2.563934803009033,0.0018347841687500477,-0.0005586890038102865,0.000392886926420033,1.993714690208435,0.03190126270055771,213.0,34.0,1.9934594631195068,0
-353521752.0,1491741904.0,602080.0,121.0,200.0,0.0,3620.0,10.0,0.00252422783523798,0.001993068726733327,-2.563915491104126,0.0004098254721611738,0.0022220478858798742,0.0003378626424819231,1.718921184539795,0.03218794986605644,213.0,34.0,1.7186199426651,0
-353521752.0,1491741904.0,602080.0,121.0,200.0,0.0,3620.0,10.0,0.00252422783523798,0.001993068726733327,-2.563915491104126,0.0004098254721611738,0.0022220478858798742,0.0003378626424819231,1.718921184539795,0.03218794986605644,213.0,34.0,1.7186199426651,0
-353521752.0,1491741904.0,602800.0,121.0,200.0,0.0,2859.0,10.0,0.00258281035348773,0.001972971484065056,-2.563927412033081,-0.000604578061029315,-0.0021257230546325445,0.00029514869675040245,1.4427865743637085,0.03284379839897156,213.0,33.0,1.4424127340316772,0
-353521752.0,1491741904.0,602800.0,121.0,200.0,0.0,2859.0,10.0,0.00258281035348773,0.001972971484065056,-2.563927412033081,-0.000604578061029315,-0.0021257230546325445,0.00029514869675040245,1.4427865743637085,0.03284379839897156,213.0,33.0,1.4424127340316772,0
-353521752.0,1491741904.0,603090.0,121.0,200.0,1.0,2464.0,10.0,0.0025666493456810713,0.001293258392252028,-2.563946485519409,0.00048651103861629963,-0.002658897079527378,0.00040471518877893686,1.172782301902771,0.03236936405301094,213.0,33.0,1.1723355054855347,0
-353521752.0,1491741904.0,603090.0,121.0,200.0,1.0,2464.0,10.0,0.0025666493456810713,0.001293258392252028,-2.563946485519409,0.00048651103861629963,-0.002658897079527378,0.00040471518877893686,1.172782301902771,0.03236936405301094,213.0,33.0,1.1723355054855347,0
-353521752.0,1491741904.0,603340.0,121.0,200.0,1.0,2038.0,10.0,0.002647396409884095,0.0010891061974689364,-2.5639750957489014,0.0005791401490569115,-0.000514084124006331,0.0003329289611428976,0.9115498065948486,0.03152521327137947,213.0,33.0,0.9110045433044434,0
-353521752.0,1491741904.0,603340.0,121.0,200.0,1.0,2038.0,10.0,0.002647396409884095,0.0010891061974689364,-2.5639750957489014,0.0005791401490569115,-0.000514084124006331,0.0003329289611428976,0.9115498065948486,0.03152521327137947,213.0,33.0,0.9110045433044434,0
-353521752.0,1491741904.0,603550.0,121.0,200.0,0.0,1489.0,10.0,0.002792813815176487,0.0013150166487321258,-2.564026355743408,0.0009164505172520876,0.0020137415267527103,0.00044269871432334185,0.6579771041870117,0.03127443417906761,213.0,33.0,0.6572334170341492,0
-353521752.0,1491741904.0,603550.0,121.0,200.0,0.0,1489.0,10.0,0.002792813815176487,0.0013150166487321258,-2.564026355743408,0.0009164505172520876,0.0020137415267527103,0.00044269871432334185,0.6579771041870117,0.03127443417906761,213.0,33.0,0.6572334170341492,0
-353521751.0,1491741904.0,603830.0,121.0,200.0,0.0,170.0,10.0,0.0026487265713512897,0.0015301225939765573,-2.564054489135742,-0.00366244837641716,0.0015086298808455467,0.00048398878425359726,0.40998321771621704,0.03189375251531601,213.0,32.0,0.4087407886981964,0
-353521751.0,1491741904.0,603830.0,121.0,200.0,0.0,170.0,10.0,0.0026487265713512897,0.0015301225939765573,-2.564054489135742,-0.00366244837641716,0.0015086298808455467,0.00048398878425359726,0.40998321771621704,0.03189375251531601,213.0,32.0,0.4087407886981964,0
-353521751.0,1491741904.0,603830.0,121.0,200.0,0.0,170.0,10.0,0.0026487265713512897,0.0015301225939765573,-2.564054489135742,-0.00366244837641716,0.0015086298808455467,0.00048398878425359726,0.40998321771621704,0.03189375251531601,213.0,32.0,0.4087407886981964,0
-353521750.0,1491741904.0,603920.0,121.0,200.0,0.0,35819.0,10.0,0.001994490157812834,0.001470730872824788,-2.56406831741333,-0.0004826940130442381,-0.0008400891674682498,0.000613290467299521,0.16702629625797272,0.031594227999448776,213.0,32.0,0.1640109419822693,0
-353521750.0,1491741904.0,603920.0,121.0,200.0,0.0,35819.0,10.0,0.001994490157812834,0.001470730872824788,-2.56406831741333,-0.0004826940130442381,-0.0008400891674682498,0.000613290467299521,0.16702629625797272,0.031594227999448776,213.0,32.0,0.1640109419822693,0
-353521750.0,1491741904.0,603970.0,121.0,200.0,0.0,35880.0,10.0,0.001700752298347652,0.00117324513848871,-2.564070463180542,-0.0005690474063158035,-0.0021387720480561256,0.0007176127983257174,0.031869079917669296,0.031113607808947563,213.0,34.0,-0.006897944491356611,0
-353521750.0,1491741904.0,603970.0,121.0,200.0,0.0,35880.0,10.0,0.001700752298347652,0.00117324513848871,-2.564070463180542,-0.0005690474063158035,-0.0021387720480561256,0.0007176127983257174,0.031869079917669296,0.031113607808947563,213.0,34.0,-0.006897944491356611,0
-353521750.0,1491741904.0,603990.0,121.0,200.0,0.0,173.0,10.0,0.001443958142772317,0.0006419337005354464,-2.564060926437378,-0.0020458796061575413,-0.004076606128364801,0.0007653847569599748,0.06449399888515472,0.029817309230566025,213.0,36.0,-0.05718744546175003,0
-353521750.0,1491741904.0,603990.0,121.0,200.0,0.0,173.0,10.0,0.001443958142772317,0.0006419337005354464,-2.564060926437378,-0.0020458796061575413,-0.004076606128364801,0.0007653847569599748,0.06449399888515472,0.029817309230566025,213.0,36.0,-0.05718744546175003,0
-353521750.0,1491741904.0,603970.0,121.0,200.0,0.0,1299.0,10.0,0.0014027795987203717,0.00043341750279068947,-2.5640933513641357,-0.00046143028885126114,0.0007682086434215307,0.0006119189783930779,0.05485536903142929,0.027905914932489395,213.0,36.0,-0.047226812690496445,0
-353521750.0,1491741904.0,603970.0,121.0,200.0,0.0,1299.0,10.0,0.0014027795987203717,0.00043341750279068947,-2.5640933513641357,-0.00046143028885126114,0.0007682086434215307,0.0006119189783930779,0.05485536903142929,0.027905914932489395,213.0,36.0,-0.047226812690496445,0
-353521750.0,1491741904.0,603960.0,121.0,200.0,0.0,2920.0,10.0,0.0014129444025456905,0.0005354089080356061,-2.5641133785247803,-0.001808498753234744,-0.0002148898784071207,0.0005989173660054803,0.030811350792646408,0.025757495313882828,213.0,36.0,-0.016908304765820503,0
-353521750.0,1491741904.0,603960.0,121.0,200.0,0.0,2920.0,10.0,0.0014129444025456905,0.0005354089080356061,-2.5641133785247803,-0.001808498753234744,-0.0002148898784071207,0.0005989173660054803,0.030811350792646408,0.025757495313882828,213.0,36.0,-0.016908304765820503,0
-353521750.0,1491741904.0,603960.0,121.0,200.0,0.0,8392.0,10.0,0.0012748639564961195,0.0005760634667240083,-2.5641732215881348,-0.0005265347426757216,0.00173692568205297,0.0009387403260916471,0.026169098913669586,0.023432549089193344,213.0,36.0,0.011650641448795795,0
-353521750.0,1491741904.0,603960.0,121.0,200.0,0.0,8392.0,10.0,0.0012748639564961195,0.0005760634667240083,-2.5641732215881348,-0.0005265347426757216,0.00173692568205297,0.0009387403260916471,0.026169098913669586,0.023432549089193344,213.0,36.0,0.011650641448795795,0
-353521750.0,1491741904.0,603960.0,121.0,200.0,0.0,8392.0,10.0,0.0012748639564961195,0.0005760634667240083,-2.5641732215881348,-0.0005265347426757216,0.00173692568205297,0.0009387403260916471,0.026169098913669586,0.023432549089193344,213.0,36.0,0.011650641448795795,0
-353521750.0,1491741904.0,603960.0,121.0,200.0,0.0,13612.0,10.0,0.0014951593475416303,0.0009744585258886218,-2.5641510486602783,0.0028827546630054712,0.003016349393874407,0.0009322911500930786,0.03788469359278679,0.021640900522470474,213.0,36.0,0.031095359474420547,0
-353521750.0,1491741904.0,603960.0,121.0,200.0,0.0,13612.0,10.0,0.0014951593475416303,0.0009744585258886218,-2.5641510486602783,0.0028827546630054712,0.003016349393874407,0.0009322911500930786,0.03788469359278679,0.021640900522470474,213.0,36.0,0.031095359474420547,0
-353521750.0,1491741904.0,603970.0,121.0,200.0,0.0,14841.0,10.0,0.0021252718288451433,0.001365095842629671,-2.5641441345214844,0.003585303435102105,0.002064667409285903,0.0008345202077180147,0.04550157114863396,0.021856430917978287,213.0,36.0,0.0399085097014904,0
-353521750.0,1491741904.0,603970.0,121.0,200.0,0.0,14841.0,10.0,0.0021252718288451433,0.001365095842629671,-2.5641441345214844,0.003585303435102105,0.002064667409285903,0.0008345202077180147,0.04550157114863396,0.021856430917978287,213.0,36.0,0.0399085097014904,0
-353521750.0,1491741904.0,603970.0,121.0,200.0,0.0,14844.0,10.0,0.002305587287992239,0.0013762929011136293,-2.5641424655914307,-0.000857579056173563,-0.0020419922657310963,0.0009265044936910272,0.04688301309943199,0.022798966616392136,213.0,36.0,0.040966130793094635,0
-353521750.0,1491741904.0,603970.0,121.0,200.0,0.0,14844.0,10.0,0.002305587287992239,0.0013762929011136293,-2.5641424655914307,-0.000857579056173563,-0.0020419922657310963,0.0009265044936910272,0.04688301309943199,0.022798966616392136,213.0,36.0,0.040966130793094635,0
-353521750.0,1491741905.0,603980.0,121.0,200.0,0.0,14958.0,10.0,0.002139999298378825,0.001094665378332138,-2.5640993118286133,0.0021493323147296906,0.0020033803302794695,0.0009997272863984108,0.04381716996431351,0.023048751056194305,213.0,36.0,0.03726525977253914,0
-353521750.0,1491741905.0,603980.0,121.0,200.0,0.0,14958.0,10.0,0.002139999298378825,0.001094665378332138,-2.5640993118286133,0.0021493323147296906,0.0020033803302794695,0.0009997272863984108,0.04381716996431351,0.023048751056194305,213.0,36.0,0.03726525977253914,0
-353521750.0,1491741906.0,603990.0,121.0,200.0,0.0,15326.0,10.0,0.002250782446935773,0.0012784386053681374,-2.56410551071167,0.0021984491031616926,-0.0006002010777592659,0.00046524754725396633,0.03760956600308418,0.023175332695245743,213.0,36.0,0.029620658606290817,0
-353521750.0,1491741906.0,603990.0,121.0,200.0,0.0,15326.0,10.0,0.002250782446935773,0.0012784386053681374,-2.56410551071167,0.0021984491031616926,-0.0006002010777592659,0.00046524754725396633,0.03760956600308418,0.023175332695245743,213.0,36.0,0.029620658606290817,0
-353521750.0,1491741906.0,604010.0,121.0,200.0,0.0,16210.0,10.0,0.0026498616207391024,0.0011144947493448853,-2.564194917678833,0.0032283244654536247,-0.0005170789081603289,0.0012550019891932607,0.03258882462978363,0.02424546703696251,213.0,36.0,0.021775882691144943,0
-353521750.0,1491741906.0,604010.0,121.0,200.0,0.0,16210.0,10.0,0.0026498616207391024,0.0011144947493448853,-2.564194917678833,0.0032283244654536247,-0.0005170789081603289,0.0012550019891932607,0.03258882462978363,0.02424546703696251,213.0,36.0,0.021775882691144943,0
-353521750.0,1491741906.0,604010.0,121.0,200.0,0.0,16210.0,10.0,0.0026498616207391024,0.0011144947493448853,-2.564194917678833,0.0032283244654536247,-0.0005170789081603289,0.0012550019891932607,0.03258882462978363,0.02424546703696251,213.0,36.0,0.021775882691144943,0
-353521750.0,1491741906.0,604010.0,121.0,200.0,0.0,17537.0,10.0,0.0026714829728007317,0.0009561398765072227,-2.5641257762908936,-0.0009585309308022261,0.0016076508909463882,0.0008694286225363612,0.030041540041565895,0.024866722524166107,213.0,36.0,0.016856461763381958,0
-353521750.0,1491741906.0,604010.0,121.0,200.0,0.0,17537.0,10.0,0.0026714829728007317,0.0009561398765072227,-2.5641257762908936,-0.0009585309308022261,0.0016076508909463882,0.0008694286225363612,0.030041540041565895,0.024866722524166107,213.0,36.0,0.016856461763381958,0
-353521750.0,1491741906.0,604020.0,121.0,200.0,0.0,19388.0,10.0,0.00246789469383657,0.001041213981807232,-2.564220666885376,0.0015163603238761425,-0.0006056871498003602,0.0006108589004725218,0.029458746314048767,0.0255287978798151,213.0,36.0,0.014700274914503098,0
-353521750.0,1491741906.0,604020.0,121.0,200.0,0.0,19388.0,10.0,0.00246789469383657,0.001041213981807232,-2.564220666885376,0.0015163603238761425,-0.0006056871498003602,0.0006108589004725218,0.029458746314048767,0.0255287978798151,213.0,36.0,0.014700274914503098,0
-353521750.0,1491741906.0,604020.0,121.0,200.0,0.0,20861.0,10.0,0.0027207250241190195,0.0008565230527892709,-2.5642764568328857,0.0010955189354717731,-0.00020644371397793293,0.0009046586928889155,0.029432596638798714,0.02618878334760666,213.0,36.0,0.013432253152132034,0
-353521750.0,1491741906.0,604020.0,121.0,200.0,0.0,20861.0,10.0,0.0027207250241190195,0.0008565230527892709,-2.5642764568328857,0.0010955189354717731,-0.00020644371397793293,0.0009046586928889155,0.029432596638798714,0.02618878334760666,213.0,36.0,0.013432253152132034,0
-353521750.0,1491741906.0,604030.0,121.0,200.0,0.0,23136.0,10.0,0.002852711593732238,0.0006636088364757597,-2.564160108566284,-0.00022375700064003468,0.00010884227231144905,0.001658266643062234,0.029574614018201828,0.027270298451185226,213.0,36.0,0.011445020325481892,0
-353521750.0,1491741906.0,604030.0,121.0,200.0,0.0,23136.0,10.0,0.002852711593732238,0.0006636088364757597,-2.564160108566284,-0.00022375700064003468,0.00010884227231144905,0.001658266643062234,0.029574614018201828,0.027270298451185226,213.0,36.0,0.011445020325481892,0
-353521750.0,1491741906.0,604030.0,121.0,200.0,0.0,23136.0,10.0,0.002852711593732238,0.0006636088364757597,-2.564160108566284,-0.00022375700064003468,0.00010884227231144905,0.001658266643062234,0.029574614018201828,0.027270298451185226,213.0,36.0,0.011445020325481892,0
-353521750.0,1491741906.0,604040.0,121.0,200.0,0.0,23845.0,10.0,0.002642857376486063,0.0006779854302294552,-2.564242362976074,-0.0023869110736995935,0.0010991569142788649,0.00030782888643443584,0.029141392558813095,0.027720743790268898,213.0,36.0,0.008987843990325928,0
-353521750.0,1491741906.0,604040.0,121.0,200.0,0.0,23845.0,10.0,0.002642857376486063,0.0006779854302294552,-2.564242362976074,-0.0023869110736995935,0.0010991569142788649,0.00030782888643443584,0.029141392558813095,0.027720743790268898,213.0,36.0,0.008987843990325928,0
-353521750.0,1491741906.0,604040.0,121.0,200.0,0.0,24224.0,10.0,0.0025925510562956333,0.0010004142532125115,-2.5642595291137695,0.0002661319449543953,0.0024443783331662416,0.0016496978932991624,0.02895892970263958,0.028170425444841385,213.0,36.0,0.006711689289659262,0
-353521750.0,1491741906.0,604040.0,121.0,200.0,0.0,24224.0,10.0,0.0025925510562956333,0.0010004142532125115,-2.5642595291137695,0.0002661319449543953,0.0024443783331662416,0.0016496978932991624,0.02895892970263958,0.028170425444841385,213.0,36.0,0.006711689289659262,0
-353521750.0,1491741906.0,604040.0,121.0,200.0,0.0,24516.0,10.0,0.0024385026190429926,0.0013837176375091076,-2.564189910888672,-0.00029129162430763245,0.0015123847406357527,0.0014509037137031555,0.029590746387839317,0.029034288600087166,213.0,36.0,0.005711598787456751,0
-353521750.0,1491741906.0,604040.0,121.0,200.0,0.0,24516.0,10.0,0.0024385026190429926,0.0013837176375091076,-2.564189910888672,-0.00029129162430763245,0.0015123847406357527,0.0014509037137031555,0.029590746387839317,0.029034288600087166,213.0,36.0,0.005711598787456751,0
-353521750.0,1491741905.0,604050.0,121.0,200.0,1.0,25275.0,10.0,0.002320707542821765,0.0015409543411806226,-2.5641143321990967,-0.00010553817264735699,-0.00080728845205158,0.0013843808555975556,0.030361035838723183,0.0299603883177042,213.0,36.0,0.004916049540042877,0
-353521750.0,1491741905.0,604050.0,121.0,200.0,1.0,25275.0,10.0,0.002320707542821765,0.0015409543411806226,-2.5641143321990967,-0.00010553817264735699,-0.00080728845205158,0.0013843808555975556,0.030361035838723183,0.0299603883177042,213.0,36.0,0.004916049540042877,0
-353521750.0,1491741904.0,604050.0,121.0,200.0,1.0,25606.0,10.0,0.002032514661550522,0.0010151899186894298,-2.5640883445739746,-0.0015174845466390252,0.000414667883887887,0.0008248989470303059,0.030315393581986427,0.029865020886063576,213.0,36.0,0.005206114612519741,0
-353521750.0,1491741904.0,604050.0,121.0,200.0,1.0,25606.0,10.0,0.002032514661550522,0.0010151899186894298,-2.5640883445739746,-0.0015174845466390252,0.000414667883887887,0.0008248989470303059,0.030315393581986427,0.029865020886063576,213.0,36.0,0.005206114612519741,0
-353521750.0,1491741904.0,604050.0,121.0,200.0,0.0,25588.0,10.0,0.0014166384935379028,0.0009482871973887086,-2.5641610622406006,-0.0031375193502753973,0.0004390918184071779,0.0007860043551772833,0.029381226748228073,0.02893761545419693,213.0,36.0,0.005086347460746765,0
-353521750.0,1491741904.0,604050.0,121.0,200.0,0.0,25588.0,10.0,0.0014166384935379028,0.0009482871973887086,-2.5641610622406006,-0.0031375193502753973,0.0004390918184071779,0.0007860043551772833,0.029381226748228073,0.02893761545419693,213.0,36.0,0.005086347460746765,0
-353521750.0,1491741904.0,604050.0,121.0,200.0,0.0,25588.0,10.0,0.0014166384935379028,0.0009482871973887086,-2.5641610622406006,-0.0031375193502753973,0.0004390918184071779,0.0007860043551772833,0.029381226748228073,0.02893761545419693,213.0,36.0,0.005086347460746765,0
-353521750.0,1491741904.0,604060.0,121.0,200.0,0.0,25103.0,10.0,0.0007611096370965242,0.0009442836162634194,-2.5641567707061768,-0.0018097175052389503,0.0003803835716098547,0.0010388069786131382,0.027145231142640114,0.02673591487109661,213.0,36.0,0.00469621317461133,3
-353521750.0,1491741904.0,604060.0,121.0,200.0,0.0,25103.0,10.0,0.0007611096370965242,0.0009442836162634194,-2.5641567707061768,-0.0018097175052389503,0.0003803835716098547,0.0010388069786131382,0.027145231142640114,0.02673591487109661,213.0,36.0,0.00469621317461133,3
-353521750.0,1491741904.0,604060.0,121.0,200.0,1.0,19214.0,10.0,-0.024106014519929886,-0.013186924159526825,-2.5639255046844482,-0.2601791322231293,-0.18865196406841278,0.0005306735401973128,0.04820695146918297,0.0071392664685845375,213.0,37.0,0.047675371170043945,3
-353521750.0,1491741904.0,604060.0,121.0,200.0,1.0,19214.0,10.0,-0.024106014519929886,-0.013186924159526825,-2.5639255046844482,-0.2601791322231293,-0.18865196406841278,0.0005306735401973128,0.04820695146918297,0.0071392664685845375,213.0,37.0,0.047675371170043945,3
-353521751.0,1491741904.0,604070.0,121.0,200.0,8.0,16144.0,10.0,-0.12103436142206192,-0.10715221613645554,-2.5563361644744873,-0.45696258544921875,-0.46197497844696045,0.01223043818026781,0.24550798535346985,0.21803660690784454,213.0,37.0,0.11284594982862473,3
-353521751.0,1491741904.0,604070.0,121.0,200.0,8.0,16144.0,10.0,-0.12103436142206192,-0.10715221613645554,-2.5563361644744873,-0.45696258544921875,-0.46197497844696045,0.01223043818026781,0.24550798535346985,0.21803660690784454,213.0,37.0,0.11284594982862473,3
-353521755.0,1491741905.0,604090.0,121.0,200.0,33.0,16223.0,10.0,-0.22655721008777618,-0.2008390873670578,-2.5398354530334473,-0.2744455337524414,-0.22500483691692352,-0.1317526251077652,0.8140762448310852,0.8014571666717529,214.0,38.0,0.14278122782707214,3
-353521755.0,1491741905.0,604090.0,121.0,200.0,33.0,16223.0,10.0,-0.22655721008777618,-0.2008390873670578,-2.5398354530334473,-0.2744455337524414,-0.22500483691692352,-0.1317526251077652,0.8140762448310852,0.8014571666717529,214.0,38.0,0.14278122782707214,3
-353521764.0,1491741908.0,604120.0,121.0,200.0,79.0,16332.0,10.0,-0.21699592471122742,-0.2541324496269226,-2.687000036239624,0.0014179330319166183,-0.007185190916061401,-0.9708651304244995,1.5652304887771606,1.5568426847457886,206.0,38.0,0.1618248075246811,3
-353521764.0,1491741908.0,604120.0,121.0,200.0,79.0,16332.0,10.0,-0.21699592471122742,-0.2541324496269226,-2.687000036239624,0.0014179330319166183,-0.007185190916061401,-0.9708651304244995,1.5652304887771606,1.5568426847457886,206.0,38.0,0.1618248075246811,3
-353521811.0,1491741926.0,604180.0,121.0,200.0,196.0,16365.0,10.0,-0.12683610618114471,-0.30235981941223145,-2.9911885261535645,0.03244263306260109,0.000743672251701355,-1.23108971118927,2.265462636947632,2.2592639923095703,188.0,38.0,0.16747507452964783,3
-353521811.0,1491741926.0,604180.0,121.0,200.0,196.0,16365.0,10.0,-0.12683610618114471,-0.30235981941223145,-2.9911885261535645,0.03244263306260109,0.000743672251701355,-1.23108971118927,2.265462636947632,2.2592639923095703,188.0,38.0,0.16747507452964783,3
-353521811.0,1491741926.0,604180.0,121.0,200.0,196.0,16365.0,10.0,-0.12683610618114471,-0.30235981941223145,-2.9911885261535645,0.03244263306260109,0.000743672251701355,-1.23108971118927,2.265462636947632,2.2592639923095703,188.0,38.0,0.16747507452964783,3
-353521850.0,1491741939.0,604220.0,121.0,200.0,250.0,16380.0,10.0,-0.022335287183523178,-0.3303323984146118,2.9736270904541016,0.023818204179406166,-0.04324870556592941,-1.0977674722671509,2.889536142349243,2.8849411010742188,170.0,38.0,0.16289329528808594,3
-353521850.0,1491741939.0,604220.0,121.0,200.0,250.0,16380.0,10.0,-0.022335287183523178,-0.3303323984146118,2.9736270904541016,0.023818204179406166,-0.04324870556592941,-1.0977674722671509,2.889536142349243,2.8849411010742188,170.0,38.0,0.16289329528808594,3
-353521898.0,1491741956.0,604250.0,121.0,200.0,300.0,16412.0,10.0,0.04256138950586319,-0.3447455167770386,2.7896997928619385,0.01665627397596836,-0.07689157873392105,-0.2630242705345154,3.473422050476074,3.469964027404785,159.0,38.0,0.15495167672634125,3
-353521898.0,1491741956.0,604250.0,121.0,200.0,300.0,16412.0,10.0,0.04256138950586319,-0.3447455167770386,2.7896997928619385,0.01665627397596836,-0.07689157873392105,-0.2630242705345154,3.473422050476074,3.469964027404785,159.0,38.0,0.15495167672634125,3
-353521954.0,1491741975.0,604280.0,121.0,200.0,347.0,16458.0,10.0,0.037192557007074356,-0.3674812316894531,2.8068203926086426,-0.004565850365906954,-0.0962488129734993,0.22774936258792877,4.046240329742432,4.043523788452148,160.0,38.0,0.14822453260421753,3
-353521954.0,1491741975.0,604280.0,121.0,200.0,347.0,16458.0,10.0,0.037192557007074356,-0.3674812316894531,2.8068203926086426,-0.004565850365906954,-0.0962488129734993,0.22774936258792877,4.046240329742432,4.043523788452148,160.0,38.0,0.14822453260421753,3
-353522091.0,1491742020.0,604340.0,121.0,200.0,440.0,16531.0,10.0,0.01360689103603363,-0.3955468237400055,2.8635246753692627,-0.011328894644975662,-0.11401864886283875,0.16026301681995392,4.617093563079834,4.614846706390381,164.0,39.0,0.14401943981647491,3
-353522091.0,1491742020.0,604340.0,121.0,200.0,440.0,16531.0,10.0,0.01360689103603363,-0.3955468237400055,2.8635246753692627,-0.011328894644975662,-0.11401864886283875,0.16026301681995392,4.617093563079834,4.614846706390381,164.0,39.0,0.14401943981647491,3
-353522091.0,1491742020.0,604340.0,121.0,200.0,440.0,16531.0,10.0,0.01360689103603363,-0.3955468237400055,2.8635246753692627,-0.011328894644975662,-0.11401864886283875,0.16026301681995392,4.617093563079834,4.614846706390381,164.0,39.0,0.14401943981647491,3
-353522172.0,1491742046.0,604370.0,121.0,200.0,486.0,16543.0,10.0,0.0026076596695929766,-0.42533382773399353,2.884284734725952,-0.0075940098613500595,-0.12329549342393875,0.02208157256245613,5.194948673248291,5.193005084991455,165.0,39.0,0.14209073781967163,3
-353522172.0,1491742046.0,604370.0,121.0,200.0,486.0,16543.0,10.0,0.0026076596695929766,-0.42533382773399353,2.884284734725952,-0.0075940098613500595,-0.12329549342393875,0.02208157256245613,5.194948673248291,5.193005084991455,165.0,39.0,0.14209073781967163,3
-353522260.0,1491742074.0,604400.0,121.0,200.0,533.0,16545.0,10.0,0.002269563265144825,-0.4558192789554596,2.881382465362549,-0.0029587936587631702,-0.12386444956064224,-0.021376943215727806,5.781603813171387,5.779860973358154,165.0,40.0,0.14192675054073334,3
-353522260.0,1491742074.0,604400.0,121.0,200.0,533.0,16545.0,10.0,0.002269563265144825,-0.4558192789554596,2.881382465362549,-0.0029587936587631702,-0.12386444956064224,-0.021376943215727806,5.781603813171387,5.779860973358154,165.0,40.0,0.14192675054073334,3
-353522357.0,1491742105.0,604420.0,121.0,200.0,580.0,16543.0,10.0,0.003566308645531535,-0.48766979575157166,2.876246690750122,-0.005600426811724901,-0.13145218789577484,-0.009739305824041367,6.376256942749023,6.374689102172852,164.0,40.0,0.14137648046016693,3
-353522357.0,1491742105.0,604420.0,121.0,200.0,580.0,16543.0,10.0,0.003566308645531535,-0.48766979575157166,2.876246690750122,-0.005600426811724901,-0.13145218789577484,-0.009739305824041367,6.376256942749023,6.374689102172852,164.0,40.0,0.14137648046016693,3
-353522576.0,1491742175.0,604480.0,121.0,200.0,676.0,16537.0,10.0,0.0032859148923307657,-0.5149890184402466,2.875258684158325,-0.0023181831929832697,-0.0674080103635788,0.0020179394632577896,6.9778571128845215,6.976419448852539,164.0,41.0,0.14164745807647705,3
-353522576.0,1491742175.0,604480.0,121.0,200.0,676.0,16537.0,10.0,0.0032859148923307657,-0.5149890184402466,2.875258684158325,-0.0023181831929832697,-0.0674080103635788,0.0020179394632577896,6.9778571128845215,6.976419448852539,164.0,41.0,0.14164745807647705,3
-353522576.0,1491742175.0,604480.0,121.0,200.0,676.0,16537.0,10.0,0.0032859148923307657,-0.5149890184402466,2.875258684158325,-0.0023181831929832697,-0.0674080103635788,0.0020179394632577896,6.9778571128845215,6.976419448852539,164.0,41.0,0.14164745807647705,3
-353522698.0,1491742214.0,604510.0,121.0,200.0,723.0,16532.0,10.0,0.002072563860565424,-0.5226618051528931,2.876046895980835,-0.002415170194581151,-0.012071207165718079,0.003856435650959611,7.541819095611572,7.540411472320557,164.0,41.0,0.14572080969810486,3
-353522698.0,1491742214.0,604510.0,121.0,200.0,723.0,16532.0,10.0,0.002072563860565424,-0.5226618051528931,2.876046895980835,-0.002415170194581151,-0.012071207165718079,0.003856435650959611,7.541819095611572,7.540411472320557,164.0,41.0,0.14572080969810486,3
-353522827.0,1491742256.0,604530.0,121.0,200.0,767.0,16528.0,10.0,0.0016993492608889937,-0.5236552953720093,2.8766074180603027,-0.0004715451505035162,-0.003373091109097004,0.0012987162917852402,8.021186828613281,8.019801139831543,164.0,41.0,0.14906758069992065,3
-353522827.0,1491742256.0,604530.0,121.0,200.0,767.0,16528.0,10.0,0.0016993492608889937,-0.5236552953720093,2.8766074180603027,-0.0004715451505035162,-0.003373091109097004,0.0012987162917852402,8.021186828613281,8.019801139831543,164.0,41.0,0.14906758069992065,3
-353522964.0,1491742300.0,604560.0,121.0,200.0,806.0,16524.0,10.0,0.0015794802457094193,-0.5229848623275757,2.8766088485717773,-6.815115921199322e-05,0.02010928839445114,0.00040486804209649563,8.421746253967285,8.420400619506836,164.0,41.0,0.15054692327976227,3
-353522964.0,1491742300.0,604560.0,121.0,200.0,806.0,16524.0,10.0,0.0015794802457094193,-0.5229848623275757,2.8766088485717773,-6.815115921199322e-05,0.02010928839445114,0.00040486804209649563,8.421746253967285,8.420400619506836,164.0,41.0,0.15054692327976227,3
-353523256.0,1491742394.0,604620.0,121.0,200.0,868.0,16518.0,10.0,0.002236424246802926,-0.5178166031837463,2.8766674995422363,0.0036517137195914984,0.020934978500008583,0.0005753781879320741,8.744913101196289,8.743597030639648,164.0,41.0,0.1517120748758316,3
-353523256.0,1491742394.0,604620.0,121.0,200.0,868.0,16518.0,10.0,0.002236424246802926,-0.5178166031837463,2.8766674995422363,0.0036517137195914984,0.020934978500008583,0.0005753781879320741,8.744913101196289,8.743597030639648,164.0,41.0,0.1517120748758316,3
-353523256.0,1491742394.0,604620.0,121.0,200.0,868.0,16518.0,10.0,0.002236424246802926,-0.5178166031837463,2.8766674995422363,0.0036517137195914984,0.020934978500008583,0.0005753781879320741,8.744913101196289,8.743597030639648,164.0,41.0,0.1517120748758316,3
-353523408.0,1491742444.0,604650.0,121.0,200.0,892.0,16517.0,10.0,0.002422407967969775,-0.5126106142997742,2.8767788410186768,-0.0009366434533149004,0.014991337433457375,0.0009248395217582583,8.997696876525879,8.996416091918945,164.0,41.0,0.1518349051475525,3
-353523408.0,1491742444.0,604650.0,121.0,200.0,892.0,16517.0,10.0,0.002422407967969775,-0.5126106142997742,2.8767788410186768,-0.0009366434533149004,0.014991337433457375,0.0009248395217582583,8.997696876525879,8.996416091918945,164.0,41.0,0.1518349051475525,3
-353523565.0,1491742494.0,604680.0,121.0,200.0,911.0,16516.0,10.0,0.0024651670828461647,-0.5152115225791931,2.8768310546875,0.001769254682585597,-0.02198578417301178,4.8852176405489445e-05,9.201212882995605,9.199992179870605,164.0,41.0,0.14985516667366028,3
-353523565.0,1491742494.0,604680.0,121.0,200.0,911.0,16516.0,10.0,0.0024651670828461647,-0.5152115225791931,2.8768310546875,0.001769254682585597,-0.02198578417301178,4.8852176405489445e-05,9.201212882995605,9.199992179870605,164.0,41.0,0.14985516667366028,3
-353523725.0,1491742547.0,604700.0,121.0,200.0,928.0,16516.0,10.0,0.002580028958618641,-0.5198639035224915,2.8768155574798584,-0.0004925066605210304,-0.009457898326218128,0.0008420667145401239,9.38512134552002,9.383957862854004,164.0,41.0,0.14775998890399933,3
-353523725.0,1491742547.0,604700.0,121.0,200.0,928.0,16516.0,10.0,0.002580028958618641,-0.5198639035224915,2.8768155574798584,-0.0004925066605210304,-0.009457898326218128,0.0008420667145401239,9.38512134552002,9.383957862854004,164.0,41.0,0.14775998890399933,3
-353524053.0,1491742653.0,604760.0,121.0,200.0,956.0,16516.0,10.0,0.002512512030079961,-0.5206931829452515,2.876829147338867,-0.0004502185620367527,0.0031041486654430628,0.0006681568920612335,9.54660415649414,9.545450210571289,164.0,41.0,0.1484486162662506,3
-353524053.0,1491742653.0,604760.0,121.0,200.0,956.0,16516.0,10.0,0.002512512030079961,-0.5206931829452515,2.876829147338867,-0.0004502185620367527,0.0031041486654430628,0.0006681568920612335,9.54660415649414,9.545450210571289,164.0,41.0,0.1484486162662506,3
-353524053.0,1491742653.0,604760.0,121.0,200.0,956.0,16516.0,10.0,0.002512512030079961,-0.5206931829452515,2.876829147338867,-0.0004502185620367527,0.0031041486654430628,0.0006681568920612335,9.54660415649414,9.545450210571289,164.0,41.0,0.1484486162662506,3
-353524221.0,1491742707.0,604790.0,121.0,200.0,968.0,16516.0,10.0,0.0025040805339813232,-0.5206617116928101,2.8768868446350098,-0.0002662651240825653,-0.005924020893871784,0.0011089202016592026,9.682655334472656,9.681493759155273,164.0,41.0,0.14997261762619019,3
-353524221.0,1491742707.0,604790.0,121.0,200.0,968.0,16516.0,10.0,0.0025040805339813232,-0.5206617116928101,2.8768868446350098,-0.0002662651240825653,-0.005924020893871784,0.0011089202016592026,9.682655334472656,9.681493759155273,164.0,41.0,0.14997261762619019,3
-353524389.0,1491742762.0,604820.0,121.0,200.0,978.0,16516.0,10.0,0.0023369898553937674,-0.52024245262146,2.8769731521606445,-0.001116985804401338,0.0052545685321092606,0.000985251972451806,9.794952392578125,9.793789863586426,164.0,41.0,0.1509600728750229,3
-353524389.0,1491742762.0,604820.0,121.0,200.0,978.0,16516.0,10.0,0.0023369898553937674,-0.52024245262146,2.8769731521606445,-0.001116985804401338,0.0052545685321092606,0.000985251972451806,9.794952392578125,9.793789863586426,164.0,41.0,0.1509600728750229,3
-353524560.0,1491742818.0,604850.0,121.0,200.0,986.0,16516.0,10.0,0.0021781185641884804,-0.5203050971031189,2.876837730407715,-0.0003450054209679365,-0.003124429378658533,0.0003959358436986804,9.886994361877441,9.885828971862793,164.0,41.0,0.15182793140411377,3
-353524560.0,1491742818.0,604850.0,121.0,200.0,986.0,16516.0,10.0,0.0021781185641884804,-0.5203050971031189,2.876837730407715,-0.0003450054209679365,-0.003124429378658533,0.0003959358436986804,9.886994361877441,9.885828971862793,164.0,41.0,0.15182793140411377,3
-353524905.0,1491742929.0,604900.0,121.0,200.0,999.0,16516.0,10.0,0.0021720295771956444,-0.5199242234230042,2.876655340194702,4.0460145100951195e-05,-0.0006363580469042063,0.0007765642367303371,9.962563514709473,9.961390495300293,164.0,41.0,0.15289773046970367,3
-353524905.0,1491742929.0,604900.0,121.0,200.0,999.0,16516.0,10.0,0.0021720295771956444,-0.5199242234230042,2.876655340194702,4.0460145100951195e-05,-0.0006363580469042063,0.0007765642367303371,9.962563514709473,9.961390495300293,164.0,41.0,0.15289773046970367,3
-353524905.0,1491742929.0,604900.0,121.0,200.0,999.0,16516.0,10.0,0.0021720295771956444,-0.5199242234230042,2.876655340194702,4.0460145100951195e-05,-0.0006363580469042063,0.0007765642367303371,9.962563514709473,9.961390495300293,164.0,41.0,0.15289773046970367,3
-353525079.0,1491742986.0,604930.0,121.0,200.0,1004.0,16516.0,10.0,0.0021382723934948444,-0.5222936868667603,2.876650333404541,0.0002083699218928814,-0.00780849065631628,0.0016405273927375674,10.027897834777832,10.026740074157715,164.0,41.0,0.1523367166519165,3
-353525079.0,1491742986.0,604930.0,121.0,200.0,1004.0,16516.0,10.0,0.0021382723934948444,-0.5222936868667603,2.876650333404541,0.0002083699218928814,-0.00780849065631628,0.0016405273927375674,10.027897834777832,10.026740074157715,164.0,41.0,0.1523367166519165,3
-353525254.0,1491743043.0,604960.0,121.0,200.0,1009.0,16516.0,10.0,0.0022346999030560255,-0.5219635963439941,2.8768835067749023,-0.0009282843675464392,0.012334724888205528,0.0028394509572535753,10.086091995239258,10.084942817687988,164.0,41.0,0.15235725045204163,3
-353525254.0,1491743043.0,604960.0,121.0,200.0,1009.0,16516.0,10.0,0.0022346999030560255,-0.5219635963439941,2.8768835067749023,-0.0009282843675464392,0.012334724888205528,0.0028394509572535753,10.086091995239258,10.084942817687988,164.0,41.0,0.15235725045204163,3
-353525430.0,1491743100.0,604990.0,121.0,200.0,1013.0,16516.0,10.0,0.0017645495245233178,-0.5186135768890381,2.8771779537200928,0.0005785333923995495,0.013874141499400139,0.0026687495410442352,10.126442909240723,10.125285148620605,164.0,41.0,0.15310360491275787,3
-353525430.0,1491743100.0,604990.0,121.0,200.0,1013.0,16516.0,10.0,0.0017645495245233178,-0.5186135768890381,2.8771779537200928,0.0005785333923995495,0.013874141499400139,0.0026687495410442352,10.126442909240723,10.125285148620605,164.0,41.0,0.15310360491275787,3
-353525782.0,1491743215.0,605060.0,121.0,200.0,1018.0,16515.0,10.0,0.0012488962383940816,-0.5158607959747314,2.877471685409546,-0.0018659108318388462,0.01233732420951128,0.002402719110250473,10.148920059204102,10.147770881652832,164.0,41.0,0.15273450314998627,3
-353525782.0,1491743215.0,605060.0,121.0,200.0,1018.0,16515.0,10.0,0.0012488962383940816,-0.5158607959747314,2.877471685409546,-0.0018659108318388462,0.01233732420951128,0.002402719110250473,10.148920059204102,10.147770881652832,164.0,41.0,0.15273450314998627,3
-353525782.0,1491743215.0,605060.0,121.0,200.0,1018.0,16515.0,10.0,0.0012488962383940816,-0.5158607959747314,2.877471685409546,-0.0018659108318388462,0.01233732420951128,0.002402719110250473,10.148920059204102,10.147770881652832,164.0,41.0,0.15273450314998627,3
-353525960.0,1491743272.0,605090.0,121.0,200.0,1019.0,16515.0,10.0,0.0011600542347878218,-0.5140964984893799,2.8775479793548584,0.0016141883097589016,0.006973394192755222,0.00168921472504735,10.160399436950684,10.15926742553711,164.0,41.0,0.15173836052417755,3
-353525960.0,1491743272.0,605090.0,121.0,200.0,1019.0,16515.0,10.0,0.0011600542347878218,-0.5140964984893799,2.8775479793548584,0.0016141883097589016,0.006973394192755222,0.00168921472504735,10.160399436950684,10.15926742553711,164.0,41.0,0.15173836052417755,3
-353526137.0,1491743330.0,605120.0,121.0,200.0,1019.0,16514.0,10.0,0.0011444748379290104,-0.5116832852363586,2.8775887489318848,0.0009277919307351112,0.009747073985636234,0.002054327167570591,10.164053916931152,10.162944793701172,164.0,41.0,0.15012599527835846,3
-353526137.0,1491743330.0,605120.0,121.0,200.0,1019.0,16514.0,10.0,0.0011444748379290104,-0.5116832852363586,2.8775887489318848,0.0009277919307351112,0.009747073985636234,0.002054327167570591,10.164053916931152,10.162944793701172,164.0,41.0,0.15012599527835846,3
-353526314.0,1491743387.0,605150.0,121.0,200.0,1019.0,16514.0,10.0,0.0009029595530591905,-0.5091488361358643,2.8777003288269043,-0.0034349802881479263,0.011451850645244122,0.0025397855788469315,10.159419059753418,10.15832233428955,164.0,41.0,0.14927604794502258,3
-353526314.0,1491743387.0,605150.0,121.0,200.0,1019.0,16514.0,10.0,0.0009029595530591905,-0.5091488361358643,2.8777003288269043,-0.0034349802881479263,0.011451850645244122,0.0025397855788469315,10.159419059753418,10.15832233428955,164.0,41.0,0.14927604794502258,3
-353526667.0,1491743502.0,605200.0,121.0,200.0,1017.0,16512.0,10.0,0.0006294914055615664,-0.5073253512382507,2.8779613971710205,-0.00035504880361258984,0.0067729768343269825,0.0022521307691931725,10.148751258850098,10.147661209106445,164.0,41.0,0.1487148553133011,3
-353526667.0,1491743502.0,605200.0,121.0,200.0,1017.0,16512.0,10.0,0.0006294914055615664,-0.5073253512382507,2.8779613971710205,-0.00035504880361258984,0.0067729768343269825,0.0022521307691931725,10.148751258850098,10.147661209106445,164.0,41.0,0.1487148553133011,3
-353526667.0,1491743502.0,605200.0,121.0,200.0,1017.0,16512.0,10.0,0.0006294914055615664,-0.5073253512382507,2.8779613971710205,-0.00035504880361258984,0.0067729768343269825,0.0022521307691931725,10.148751258850098,10.147661209106445,164.0,41.0,0.1487148553133011,3
-353526844.0,1491743560.0,605230.0,121.0,200.0,1016.0,16511.0,10.0,0.00044278023415245116,-0.5059949159622192,2.8779969215393066,-0.0006086153443902731,0.0014670100063085556,0.0016172763425856829,10.134920120239258,10.133851051330566,164.0,40.0,0.14719203114509583,3
-353526844.0,1491743560.0,605230.0,121.0,200.0,1016.0,16511.0,10.0,0.00044278023415245116,-0.5059949159622192,2.8779969215393066,-0.0006086153443902731,0.0014670100063085556,0.0016172763425856829,10.134920120239258,10.133851051330566,164.0,40.0,0.14719203114509583,3
-353527021.0,1491743617.0,605260.0,121.0,200.0,1014.0,16510.0,10.0,0.0005293880822136998,-0.5053365230560303,2.877901792526245,-0.0005688033998012543,0.00222770101390779,0.0016400478780269623,10.120950698852539,10.11989974975586,164.0,40.0,0.14590102434158325,3
-353527021.0,1491743617.0,605260.0,121.0,200.0,1014.0,16510.0,10.0,0.0005293880822136998,-0.5053365230560303,2.877901792526245,-0.0005688033998012543,0.00222770101390779,0.0016400478780269623,10.120950698852539,10.11989974975586,164.0,40.0,0.14590102434158325,3
-353527196.0,1491743675.0,605290.0,121.0,200.0,1013.0,16509.0,10.0,0.0007942239753901958,-0.5037864446640015,2.8780431747436523,0.0016642871778458357,0.005842412821948528,0.0016438692109659314,10.104312896728516,10.103263854980469,164.0,40.0,0.14566631615161896,3
-353527196.0,1491743675.0,605290.0,121.0,200.0,1013.0,16509.0,10.0,0.0007942239753901958,-0.5037864446640015,2.8780431747436523,0.0016642871778458357,0.005842412821948528,0.0016438692109659314,10.104312896728516,10.103263854980469,164.0,40.0,0.14566631615161896,3
-353527548.0,1491743789.0,605350.0,121.0,200.0,1010.0,16508.0,10.0,0.0009798530954867601,-0.5046952366828918,2.8782365322113037,0.0009390551131218672,-0.006677065044641495,0.0018308385042473674,10.08694839477539,10.085899353027344,164.0,40.0,0.14550648629665375,3
-353527548.0,1491743789.0,605350.0,121.0,200.0,1010.0,16508.0,10.0,0.0009798530954867601,-0.5046952366828918,2.8782365322113037,0.0009390551131218672,-0.006677065044641495,0.0018308385042473674,10.08694839477539,10.085899353027344,164.0,40.0,0.14550648629665375,3
-353527723.0,1491743847.0,605380.0,121.0,200.0,1009.0,16507.0,10.0,0.0011158669367432594,-0.5068912506103516,2.8782787322998047,0.0011589322239160538,-0.01091078296303749,0.0006136447191238403,10.077402114868164,10.076376914978027,164.0,41.0,0.1437491774559021,3
-353527723.0,1491743847.0,605380.0,121.0,200.0,1009.0,16507.0,10.0,0.0011158669367432594,-0.5068912506103516,2.8782787322998047,0.0011589322239160538,-0.01091078296303749,0.0006136447191238403,10.077402114868164,10.076376914978027,164.0,41.0,0.1437491774559021,3
-353527899.0,1491743904.0,605410.0,121.0,200.0,1009.0,16507.0,10.0,0.0011484959395602345,-0.5085272789001465,2.878068208694458,-0.00023335963487625122,-0.002428924199193716,0.0005359018687158823,10.077194213867188,10.076172828674316,164.0,41.0,0.14342831075191498,3
-353527899.0,1491743904.0,605410.0,121.0,200.0,1009.0,16507.0,10.0,0.0011484959395602345,-0.5085272789001465,2.878068208694458,-0.00023335963487625122,-0.002428924199193716,0.0005359018687158823,10.077194213867188,10.076172828674316,164.0,41.0,0.14342831075191498,3
-353528074.0,1491743962.0,605440.0,121.0,200.0,1009.0,16506.0,10.0,0.0014018493238836527,-0.5075703859329224,2.8779349327087402,0.0023334084544330835,0.0061384933069348335,0.000558988656848669,10.078926086425781,10.07790470123291,164.0,41.0,0.14343491196632385,3
-353528074.0,1491743962.0,605440.0,121.0,200.0,1009.0,16506.0,10.0,0.0014018493238836527,-0.5075703859329224,2.8779349327087402,0.0023334084544330835,0.0061384933069348335,0.000558988656848669,10.078926086425781,10.07790470123291,164.0,41.0,0.14343491196632385,3
-353528424.0,1491744076.0,605490.0,121.0,200.0,1009.0,16506.0,10.0,0.001870914245955646,-0.5057149529457092,2.8779122829437256,0.004023423884063959,0.011924178339540958,0.0008647459326311946,10.077409744262695,10.076359748840332,164.0,41.0,0.14541810750961304,3
-353528424.0,1491744076.0,605490.0,121.0,200.0,1009.0,16506.0,10.0,0.001870914245955646,-0.5057149529457092,2.8779122829437256,0.004023423884063959,0.011924178339540958,0.0008647459326311946,10.077409744262695,10.076359748840332,164.0,41.0,0.14541810750961304,3
-353528424.0,1491744076.0,605490.0,121.0,200.0,1009.0,16506.0,10.0,0.001870914245955646,-0.5057149529457092,2.8779122829437256,0.004023423884063959,0.011924178339540958,0.0008647459326311946,10.077409744262695,10.076359748840332,164.0,41.0,0.14541810750961304,3
-353528599.0,1491744133.0,605520.0,121.0,200.0,1008.0,16506.0,10.0,0.002625260502099991,-0.5033861398696899,2.877946615219116,0.0025840133894234896,0.007256440818309784,0.001103630056604743,10.068899154663086,10.067841529846191,164.0,40.0,0.14590810239315033,3
-353528599.0,1491744133.0,605520.0,121.0,200.0,1008.0,16506.0,10.0,0.002625260502099991,-0.5033861398696899,2.877946615219116,0.0025840133894234896,0.007256440818309784,0.001103630056604743,10.068899154663086,10.067841529846191,164.0,40.0,0.14590810239315033,3
-353528774.0,1491744190.0,605550.0,121.0,200.0,1007.0,16507.0,10.0,0.0028680276591330767,-0.5030304789543152,2.878063440322876,-0.0007255146047100425,0.00011472124606370926,0.0014578941045328975,10.057823181152344,10.056755065917969,164.0,40.0,0.14655183255672455,3
-353528774.0,1491744190.0,605550.0,121.0,200.0,1007.0,16507.0,10.0,0.0028680276591330767,-0.5030304789543152,2.878063440322876,-0.0007255146047100425,0.00011472124606370926,0.0014578941045328975,10.057823181152344,10.056755065917969,164.0,40.0,0.14655183255672455,3
-353528949.0,1491744248.0,605580.0,121.0,200.0,1006.0,16508.0,10.0,0.0020996974781155586,-0.5024262070655823,2.878408193588257,-0.0030758266802877188,0.004943125881254673,0.0015995558351278305,10.048131942749023,10.047062873840332,164.0,40.0,0.1465582400560379,3
-353528949.0,1491744248.0,605580.0,121.0,200.0,1006.0,16508.0,10.0,0.0020996974781155586,-0.5024262070655823,2.878408193588257,-0.0030758266802877188,0.004943125881254673,0.0015995558351278305,10.048131942749023,10.047062873840332,164.0,40.0,0.1465582400560379,3
-353529298.0,1491744362.0,605640.0,121.0,200.0,1005.0,16509.0,10.0,0.0020232200622558594,-0.5019561648368835,2.8783950805664062,-0.0016490576090291142,0.0002987612970173359,0.000536089763045311,10.037485122680664,10.036420822143555,164.0,40.0,0.1461799144744873,3
-353529298.0,1491744362.0,605640.0,121.0,200.0,1005.0,16509.0,10.0,0.0020232200622558594,-0.5019561648368835,2.8783950805664062,-0.0016490576090291142,0.0002987612970173359,0.000536089763045311,10.037485122680664,10.036420822143555,164.0,40.0,0.1461799144744873,3
-353529298.0,1491744362.0,605640.0,121.0,200.0,1005.0,16509.0,10.0,0.0020232200622558594,-0.5019561648368835,2.8783950805664062,-0.0016490576090291142,0.0002987612970173359,0.000536089763045311,10.037485122680664,10.036420822143555,164.0,40.0,0.1461799144744873,3
-353529472.0,1491744418.0,605670.0,121.0,200.0,1004.0,16509.0,10.0,0.002271445468068123,-0.5020018219947815,2.8783485889434814,-0.0005281292833387852,-0.0017352881841361523,0.000744465971365571,10.028756141662598,10.02769660949707,164.0,40.0,0.14586631953716278,3
-353529472.0,1491744418.0,605670.0,121.0,200.0,1004.0,16509.0,10.0,0.002271445468068123,-0.5020018219947815,2.8783485889434814,-0.0005281292833387852,-0.0017352881841361523,0.000744465971365571,10.028756141662598,10.02769660949707,164.0,40.0,0.14586631953716278,3
-353529647.0,1491744475.0,605690.0,121.0,200.0,1003.0,16510.0,10.0,0.00235189963132143,-0.5025251507759094,2.878391981124878,-0.0004063087981194258,0.00031440681777894497,0.0009848233312368393,10.022515296936035,10.021451950073242,164.0,40.0,0.14601333439350128,3
-353529647.0,1491744475.0,605690.0,121.0,200.0,1003.0,16510.0,10.0,0.00235189963132143,-0.5025251507759094,2.878391981124878,-0.0004063087981194258,0.00031440681777894497,0.0009848233312368393,10.022515296936035,10.021451950073242,164.0,40.0,0.14601333439350128,3
-353529822.0,1491744532.0,605720.0,121.0,200.0,1003.0,16510.0,10.0,0.002114049158990383,-0.5018441081047058,2.878591775894165,0.0004892703145742416,0.002659033052623272,0.0008579775458201766,10.017918586730957,10.016846656799316,164.0,40.0,0.14655742049217224,3
-353529822.0,1491744532.0,605720.0,121.0,200.0,1003.0,16510.0,10.0,0.002114049158990383,-0.5018441081047058,2.878591775894165,0.0004892703145742416,0.002659033052623272,0.0008579775458201766,10.017918586730957,10.016846656799316,164.0,40.0,0.14655742049217224,3
-353530169.0,1491744646.0,605780.0,121.0,200.0,1002.0,16510.0,10.0,0.0019773265812546015,-0.5013546943664551,2.8786520957946777,0.0014209083747118711,0.0020710148382931948,0.0005523863947018981,10.012653350830078,10.011582374572754,164.0,40.0,0.14644908905029297,3
-353530169.0,1491744646.0,605780.0,121.0,200.0,1002.0,16510.0,10.0,0.0019773265812546015,-0.5013546943664551,2.8786520957946777,0.0014209083747118711,0.0020710148382931948,0.0005523863947018981,10.012653350830078,10.011582374572754,164.0,40.0,0.14644908905029297,3
-353530344.0,1491744703.0,605810.0,121.0,200.0,1001.0,16510.0,10.0,0.002123498125001788,-0.5010187029838562,2.878666639328003,0.0022081974893808365,0.0009764228016138077,0.00028311240021139383,10.00731372833252,10.006239891052246,164.0,40.0,0.146596297621727,3
-353530344.0,1491744703.0,605810.0,121.0,200.0,1001.0,16510.0,10.0,0.002123498125001788,-0.5010187029838562,2.878666639328003,0.0022081974893808365,0.0009764228016138077,0.00028311240021139383,10.00731372833252,10.006239891052246,164.0,40.0,0.146596297621727,3
-353530517.0,1491744759.0,605840.0,121.0,200.0,1001.0,16510.0,10.0,0.00239109480753541,-0.5014421939849854,2.878633499145508,0.0014007734134793282,-0.0025281088892370462,0.0003293800400570035,10.003090858459473,10.002016067504883,164.0,40.0,0.146629199385643,3
-353530517.0,1491744759.0,605840.0,121.0,200.0,1001.0,16510.0,10.0,0.00239109480753541,-0.5014421939849854,2.878633499145508,0.0014007734134793282,-0.0025281088892370462,0.0003293800400570035,10.003090858459473,10.002016067504883,164.0,40.0,0.146629199385643,3
-353530691.0,1491744816.0,605870.0,121.0,200.0,1000.0,16510.0,10.0,0.0025301272980868816,-0.50118088722229,2.878638505935669,-0.0008352461736649275,0.002604285953566432,0.0006817157845944166,10.000332832336426,9.999255180358887,164.0,40.0,0.1467391848564148,3
-353530691.0,1491744816.0,605870.0,121.0,200.0,1000.0,16510.0,10.0,0.0025301272980868816,-0.50118088722229,2.878638505935669,-0.0008352461736649275,0.002604285953566432,0.0006817157845944166,10.000332832336426,9.999255180358887,164.0,40.0,0.1467391848564148,3
-353530691.0,1491744816.0,605870.0,121.0,200.0,1000.0,16510.0,10.0,0.002551788929849863,-0.500313937664032,2.87870192527771,-0.00020011141896247864,1.7811544239521027e-06,0.0003079030429944396,9.99610424041748,9.995027542114258,164.0,40.0,0.1467471569776535,3
-353531038.0,1491744929.0,605920.0,121.0,200.0,1000.0,16510.0,10.0,0.002551788929849863,-0.500313937664032,2.87870192527771,-0.00020011141896247864,1.7811544239521027e-06,0.0003079030429944396,9.99610424041748,9.995027542114258,164.0,40.0,0.1467471569776535,3
-353531038.0,1491744929.0,605920.0,121.0,200.0,1000.0,16510.0,10.0,0.002551788929849863,-0.500313937664032,2.87870192527771,-0.00020011141896247864,1.7811544239521027e-06,0.0003079030429944396,9.99610424041748,9.995027542114258,164.0,40.0,0.1467471569776535,3
-353531212.0,1491744986.0,605950.0,121.0,200.0,999.0,16510.0,10.0,0.002687752479687333,-0.5000010132789612,2.8785667419433594,0.0017760898917913437,0.0015963255427777767,0.0005436539649963379,9.991265296936035,9.990187644958496,164.0,40.0,0.14673341810703278,3
-353531212.0,1491744986.0,605950.0,121.0,200.0,999.0,16510.0,10.0,0.002687752479687333,-0.5000010132789612,2.8785667419433594,0.0017760898917913437,0.0015963255427777767,0.0005436539649963379,9.991265296936035,9.990187644958496,164.0,40.0,0.14673341810703278,3
-353531385.0,1491745042.0,605980.0,121.0,200.0,999.0,16510.0,10.0,0.0028278157114982605,-0.500446617603302,2.878713846206665,0.0007996365893632174,-0.003054940141737461,0.0003649155842140317,9.98696231842041,9.985889434814453,164.0,40.0,0.1464497298002243,3
-353531385.0,1491745042.0,605980.0,121.0,200.0,999.0,16510.0,10.0,0.0028278157114982605,-0.500446617603302,2.878713846206665,0.0007996365893632174,-0.003054940141737461,0.0003649155842140317,9.98696231842041,9.985889434814453,164.0,40.0,0.1464497298002243,3
-353531559.0,1491745099.0,606010.0,121.0,200.0,998.0,16510.0,10.0,0.0028346360195428133,-0.500776469707489,2.8787693977355957,0.0010530238505452871,-0.003253992646932602,0.0006072513060644269,9.983583450317383,9.982503890991211,164.0,40.0,0.14679569005966187,3
-353531559.0,1491745099.0,606010.0,121.0,200.0,998.0,16510.0,10.0,0.0028346360195428133,-0.500776469707489,2.8787693977355957,0.0010530238505452871,-0.003253992646932602,0.0006072513060644269,9.983583450317383,9.982503890991211,164.0,40.0,0.14679569005966187,3
-353531906.0,1491745212.0,606070.0,121.0,200.0,998.0,16510.0,10.0,0.0027327933348715305,-0.5024169087409973,2.878889799118042,0.001069680554792285,-0.007178213447332382,0.00021615938749164343,9.98166561126709,9.980588912963867,164.0,40.0,0.14655515551567078,3
-353531906.0,1491745212.0,606070.0,121.0,200.0,998.0,16510.0,10.0,0.0027327933348715305,-0.5024169087409973,2.878889799118042,0.001069680554792285,-0.007178213447332382,0.00021615938749164343,9.98166561126709,9.980588912963867,164.0,40.0,0.14655515551567078,3
-353531906.0,1491745212.0,606070.0,121.0,200.0,998.0,16510.0,10.0,0.0027327933348715305,-0.5024169087409973,2.878889799118042,0.001069680554792285,-0.007178213447332382,0.00021615938749164343,9.98166561126709,9.980588912963867,164.0,40.0,0.14655515551567078,3
-353532079.0,1491745269.0,606100.0,121.0,200.0,998.0,16510.0,10.0,0.0027926366310566664,-0.5036015510559082,2.878889799118042,0.00016853422857820988,-0.0051894765347242355,0.0004572238540276885,9.984447479248047,9.983377456665039,164.0,40.0,0.14616453647613525,3
-353532079.0,1491745269.0,606100.0,121.0,200.0,998.0,16510.0,10.0,0.0027926366310566664,-0.5036015510559082,2.878889799118042,0.00016853422857820988,-0.0051894765347242355,0.0004572238540276885,9.984447479248047,9.983377456665039,164.0,40.0,0.14616453647613525,3
-353532253.0,1491745325.0,606130.0,121.0,200.0,999.0,16510.0,10.0,0.0029996223747730255,-0.5055484175682068,2.8788187503814697,0.0021134898997843266,-0.008680184371769428,-0.00034962152130901814,9.991231918334961,9.990167617797852,164.0,41.0,0.1457517147064209,3
-353532253.0,1491745325.0,606130.0,121.0,200.0,999.0,16510.0,10.0,0.0029996223747730255,-0.5055484175682068,2.8788187503814697,0.0021134898997843266,-0.008680184371769428,-0.00034962152130901814,9.991231918334961,9.990167617797852,164.0,41.0,0.1457517147064209,3
-353532426.0,1491745382.0,606160.0,121.0,200.0,1000.0,16510.0,10.0,0.0029690726660192013,-0.506162703037262,2.87878680229187,-0.00021612504497170448,0.0028810622170567513,0.0005589708453044295,10.002034187316895,10.000957489013672,164.0,41.0,0.14667584002017975,3
-353532426.0,1491745382.0,606160.0,121.0,200.0,1000.0,16510.0,10.0,0.0029690726660192013,-0.506162703037262,2.87878680229187,-0.00021612504497170448,0.0028810622170567513,0.0005589708453044295,10.002034187316895,10.000957489013672,164.0,41.0,0.14667584002017975,3
-353532773.0,1491745495.0,606210.0,121.0,200.0,1002.0,16509.0,10.0,0.003034404944628477,-0.5045850276947021,2.8788890838623047,-0.0007373250555247068,0.0034274489153176546,0.00039360078517347574,10.008760452270508,10.007680892944336,164.0,41.0,0.1470484435558319,3
-353532773.0,1491745495.0,606210.0,121.0,200.0,1002.0,16509.0,10.0,0.003034404944628477,-0.5045850276947021,2.8788890838623047,-0.0007373250555247068,0.0034274489153176546,0.00039360078517347574,10.008760452270508,10.007680892944336,164.0,41.0,0.1470484435558319,3
-353532948.0,1491745552.0,606240.0,121.0,200.0,1002.0,16509.0,10.0,0.0033746440894901752,-0.5040339231491089,2.8787500858306885,0.0010257877875119448,-0.0006553693674504757,-0.0007375896675512195,10.010021209716797,10.008949279785156,164.0,41.0,0.14645597338676453,3
-353532948.0,1491745552.0,606240.0,121.0,200.0,1002.0,16509.0,10.0,0.0033746440894901752,-0.5040339231491089,2.8787500858306885,0.0010257877875119448,-0.0006553693674504757,-0.0007375896675512195,10.010021209716797,10.008949279785156,164.0,41.0,0.14645597338676453,3
-353533122.0,1491745609.0,606270.0,121.0,200.0,1002.0,16509.0,10.0,0.00358165823854506,-0.5038062334060669,2.87874698638916,0.0006330825854092836,0.00020882138051092625,0.0011942392447963357,10.010637283325195,10.009565353393555,164.0,41.0,0.14646455645561218,3
-353533122.0,1491745609.0,606270.0,121.0,200.0,1002.0,16509.0,10.0,0.00358165823854506,-0.5038062334060669,2.87874698638916,0.0006330825854092836,0.00020882138051092625,0.0011942392447963357,10.010637283325195,10.009565353393555,164.0,41.0,0.14646455645561218,3
-353533297.0,1491745666.0,606300.0,121.0,200.0,1003.0,16509.0,10.0,0.003777138888835907,-0.5034408569335938,2.8787999153137207,0.0008109926711767912,0.003565839258953929,-0.00010117609053850174,10.011037826538086,10.009964942932129,164.0,41.0,0.1466027945280075,3
-353533297.0,1491745666.0,606300.0,121.0,200.0,1003.0,16509.0,10.0,0.003777138888835907,-0.5034408569335938,2.8787999153137207,0.0008109926711767912,0.003565839258953929,-0.00010117609053850174,10.011037826538086,10.009964942932129,164.0,41.0,0.1466027945280075,3
-353533645.0,1491745780.0,606360.0,121.0,200.0,1003.0,16510.0,10.0,0.0034249546006321907,-0.502174973487854,2.878898859024048,-0.0012260186485946178,0.003615578403696418,0.0009286984568461776,10.008500099182129,10.00741958618164,164.0,40.0,0.14703188836574554,3
-353533645.0,1491745780.0,606360.0,121.0,200.0,1003.0,16510.0,10.0,0.0034249546006321907,-0.502174973487854,2.878898859024048,-0.0012260186485946178,0.003615578403696418,0.0009286984568461776,10.008500099182129,10.00741958618164,164.0,40.0,0.14703188836574554,3
-353533645.0,1491745780.0,606360.0,121.0,200.0,1003.0,16510.0,10.0,0.0034249546006321907,-0.502174973487854,2.878898859024048,-0.0012260186485946178,0.003615578403696418,0.0009286984568461776,10.008500099182129,10.00741958618164,164.0,40.0,0.14703188836574554,3
-353533819.0,1491745836.0,606390.0,121.0,200.0,1002.0,16509.0,10.0,0.003471479518339038,-0.501644492149353,2.8789889812469482,0.00025085313245654106,0.0016707591712474823,0.00010186608415096998,10.004916191101074,10.003829002380371,164.0,40.0,0.14756567776203156,3
-353533819.0,1491745836.0,606390.0,121.0,200.0,1002.0,16509.0,10.0,0.003471479518339038,-0.501644492149353,2.8789889812469482,0.00025085313245654106,0.0016707591712474823,0.00010186608415096998,10.004916191101074,10.003829002380371,164.0,40.0,0.14756567776203156,3
-353533993.0,1491745893.0,606420.0,121.0,200.0,1002.0,16509.0,10.0,0.003939570859074593,-0.5013635158538818,2.8787620067596436,-0.001050580875016749,0.0018300015944987535,2.1003070287406445e-05,10.000752449035645,9.99966812133789,164.0,40.0,0.14724591374397278,3
-353533993.0,1491745893.0,606420.0,121.0,200.0,1002.0,16509.0,10.0,0.003939570859074593,-0.5013635158538818,2.8787620067596436,-0.001050580875016749,0.0018300015944987535,2.1003070287406445e-05,10.000752449035645,9.99966812133789,164.0,40.0,0.14724591374397278,3
-353534166.0,1491745950.0,606440.0,121.0,200.0,1002.0,16509.0,10.0,0.003998775500804186,-0.501492440700531,2.878913164138794,-0.00017093331553041935,0.0024774607736617327,0.0010292433435097337,9.997344017028809,9.996261596679688,164.0,40.0,0.1470509022474289,3
-353534166.0,1491745950.0,606440.0,121.0,200.0,1002.0,16509.0,10.0,0.003998775500804186,-0.501492440700531,2.878913164138794,-0.00017093331553041935,0.0024774607736617327,0.0010292433435097337,9.997344017028809,9.996261596679688,164.0,40.0,0.1470509022474289,3
-353534515.0,1491746063.0,606500.0,121.0,200.0,1001.0,16510.0,10.0,0.003764478024095297,-0.5006216168403625,2.8789966106414795,-0.001540423254482448,0.005053384695202112,0.0004596300423145294,9.993463516235352,9.992380142211914,164.0,40.0,0.14700451493263245,3
-353534515.0,1491746063.0,606500.0,121.0,200.0,1001.0,16510.0,10.0,0.003764478024095297,-0.5006216168403625,2.8789966106414795,-0.001540423254482448,0.005053384695202112,0.0004596300423145294,9.993463516235352,9.992380142211914,164.0,40.0,0.14700451493263245,3
-353534688.0,1491746120.0,606530.0,121.0,200.0,1001.0,16510.0,10.0,0.003741771914064884,-0.5000289678573608,2.8790061473846436,0.0004622754640877247,0.0008319539483636618,0.0005190328229218721,9.988741874694824,9.987661361694336,164.0,40.0,0.1469152271747589,3
-353534688.0,1491746120.0,606530.0,121.0,200.0,1001.0,16510.0,10.0,0.003741771914064884,-0.5000289678573608,2.8790061473846436,0.0004622754640877247,0.0008319539483636618,0.0005190328229218721,9.988741874694824,9.987661361694336,164.0,40.0,0.1469152271747589,3
-353534862.0,1491746177.0,606560.0,121.0,200.0,1000.0,16510.0,10.0,0.00383761920966208,-0.4997994005680084,2.878870725631714,0.00020449538715183735,0.00022909929975867271,-0.0005362391239032149,9.983776092529297,9.98270034790039,164.0,40.0,0.1464911252260208,3
-353534862.0,1491746177.0,606560.0,121.0,200.0,1000.0,16510.0,10.0,0.00383761920966208,-0.4997994005680084,2.878870725631714,0.00020449538715183735,0.00022909929975867271,-0.0005362391239032149,9.983776092529297,9.98270034790039,164.0,40.0,0.1464911252260208,3
-353535036.0,1491746233.0,606590.0,121.0,200.0,1000.0,16509.0,10.0,0.004067339934408665,-0.4999745488166809,2.8788697719573975,-0.0008984971791505814,0.002896546619012952,0.0012810194166377187,9.979900360107422,9.978826522827148,164.0,40.0,0.1463528275489807,3
-353535036.0,1491746233.0,606590.0,121.0,200.0,1000.0,16509.0,10.0,0.004067339934408665,-0.4999745488166809,2.8788697719573975,-0.0008984971791505814,0.002896546619012952,0.0012810194166377187,9.979900360107422,9.978826522827148,164.0,40.0,0.1463528275489807,3
-353535383.0,1491746346.0,606650.0,121.0,200.0,999.0,16509.0,10.0,0.004096351098269224,-0.4997290074825287,2.879021167755127,0.000562257831916213,-0.004783818498253822,0.00013264454901218414,9.974342346191406,9.973267555236816,164.0,40.0,0.14641301333904266,3
-353535383.0,1491746346.0,606650.0,121.0,200.0,999.0,16509.0,10.0,0.004096351098269224,-0.4997290074825287,2.879021167755127,0.000562257831916213,-0.004783818498253822,0.00013264454901218414,9.974342346191406,9.973267555236816,164.0,40.0,0.14641301333904266,3
-353535383.0,1491746346.0,606650.0,121.0,200.0,999.0,16509.0,10.0,0.004096351098269224,-0.4997290074825287,2.879021167755127,0.000562257831916213,-0.004783818498253822,0.00013264454901218414,9.974342346191406,9.973267555236816,164.0,40.0,0.14641301333904266,3
-353535557.0,1491746403.0,606680.0,121.0,200.0,998.0,16509.0,10.0,0.004263351205736399,-0.5013499855995178,2.87892484664917,0.0014583393931388855,-0.008743323385715485,0.0003662001108750701,9.970867156982422,9.969795227050781,164.0,40.0,0.14618287980556488,3
-353535557.0,1491746403.0,606680.0,121.0,200.0,998.0,16509.0,10.0,0.004263351205736399,-0.5013499855995178,2.87892484664917,0.0014583393931388855,-0.008743323385715485,0.0003662001108750701,9.970867156982422,9.969795227050781,164.0,40.0,0.14618287980556488,3
-353535730.0,1491746460.0,606700.0,121.0,200.0,998.0,16509.0,10.0,0.004194009583443403,-0.5027817487716675,2.879055976867676,7.509184069931507e-05,-0.0037583799567073584,0.0009755928767845035,9.973184585571289,9.972110748291016,164.0,40.0,0.14626431465148926,3
-353535730.0,1491746460.0,606700.0,121.0,200.0,998.0,16509.0,10.0,0.004194009583443403,-0.5027817487716675,2.879055976867676,7.509184069931507e-05,-0.0037583799567073584,0.0009755928767845035,9.973184585571289,9.972110748291016,164.0,40.0,0.14626431465148926,3
-353535904.0,1491746517.0,606730.0,121.0,200.0,999.0,16509.0,10.0,0.004198736045509577,-0.504098653793335,2.879150629043579,0.0003047185018658638,-0.004114608746021986,8.90964874997735e-05,9.978435516357422,9.977375030517578,164.0,41.0,0.1455010622739792,3
-353535904.0,1491746517.0,606730.0,121.0,200.0,999.0,16509.0,10.0,0.004198736045509577,-0.504098653793335,2.879150629043579,0.0003047185018658638,-0.004114608746021986,8.90964874997735e-05,9.978435516357422,9.977375030517578,164.0,41.0,0.1455010622739792,3
-353536251.0,1491746630.0,606790.0,121.0,200.0,1000.0,16509.0,10.0,0.004546481184661388,-0.5045209527015686,2.8789331912994385,0.0002856350038200617,0.0018294253386557102,-0.00025478797033429146,9.986393928527832,9.985329627990723,164.0,41.0,0.1458158940076828,3
-353536251.0,1491746630.0,606790.0,121.0,200.0,1000.0,16509.0,10.0,0.004546481184661388,-0.5045209527015686,2.8789331912994385,0.0002856350038200617,0.0018294253386557102,-0.00025478797033429146,9.986393928527832,9.985329627990723,164.0,41.0,0.1458158940076828,3
-353536424.0,1491746686.0,606820.0,121.0,200.0,1001.0,16509.0,10.0,0.004913595970720053,-0.503680408000946,2.8788349628448486,-0.0006441301666200161,0.0002875165082514286,0.0006217301124706864,9.991843223571777,9.99077320098877,164.0,40.0,0.14615043997764587,3
-353536424.0,1491746686.0,606820.0,121.0,200.0,1001.0,16509.0,10.0,0.004913595970720053,-0.503680408000946,2.8788349628448486,-0.0006441301666200161,0.0002875165082514286,0.0006217301124706864,9.991843223571777,9.99077320098877,164.0,40.0,0.14615043997764587,3
-353536598.0,1491746743.0,606850.0,121.0,200.0,1001.0,16509.0,10.0,0.005009963642805815,-0.5034360289573669,2.8788673877716064,0.0003016421105712652,0.0013876892626285553,5.2287825383245945e-05,9.994481086730957,9.993416786193848,164.0,41.0,0.14588963985443115,3
-353536598.0,1491746743.0,606850.0,121.0,200.0,1001.0,16509.0,10.0,0.005009963642805815,-0.5034360289573669,2.8788673877716064,0.0003016421105712652,0.0013876892626285553,5.2287825383245945e-05,9.994481086730957,9.993416786193848,164.0,41.0,0.14588963985443115,3
-353536772.0,1491746800.0,606880.0,121.0,200.0,1001.0,16509.0,10.0,0.005049188155680895,-0.5034399628639221,2.878788471221924,-0.0018732140306383371,-0.00024506193585693836,0.0011306244414299726,9.996588706970215,9.99552059173584,164.0,40.0,0.14605021476745605,3
-353536772.0,1491746800.0,606880.0,121.0,200.0,1001.0,16509.0,10.0,0.005049188155680895,-0.5034399628639221,2.878788471221924,-0.0018732140306383371,-0.00024506193585693836,0.0011306244414299726,9.996588706970215,9.99552059173584,164.0,40.0,0.14605021476745605,3
-353537120.0,1491746914.0,606940.0,121.0,200.0,1002.0,16510.0,10.0,0.004761792253702879,-0.5025718212127686,2.8790509700775146,-0.0007848340319469571,0.005641369614750147,0.0008564393501728773,9.997864723205566,9.996789932250977,164.0,40.0,0.14655829966068268,3
-353537120.0,1491746914.0,606940.0,121.0,200.0,1002.0,16510.0,10.0,0.004761792253702879,-0.5025718212127686,2.8790509700775146,-0.0007848340319469571,0.005641369614750147,0.0008564393501728773,9.997864723205566,9.996789932250977,164.0,40.0,0.14655829966068268,3
-353537120.0,1491746914.0,606940.0,121.0,200.0,1002.0,16510.0,10.0,0.004761792253702879,-0.5025718212127686,2.8790509700775146,-0.0007848340319469571,0.005641369614750147,0.0008564393501728773,9.997864723205566,9.996789932250977,164.0,40.0,0.14655829966068268,3
-353537295.0,1491746970.0,606970.0,121.0,200.0,1002.0,16510.0,10.0,0.004622260108590126,-0.5022116899490356,2.87914776802063,0.0008517103269696236,0.001299610361456871,0.0008169205393642187,9.997626304626465,9.996549606323242,164.0,40.0,0.14674654603004456,3
-353537295.0,1491746970.0,606970.0,121.0,200.0,1002.0,16510.0,10.0,0.004622260108590126,-0.5022116899490356,2.87914776802063,0.0008517103269696236,0.001299610361456871,0.0008169205393642187,9.997626304626465,9.996549606323242,164.0,40.0,0.14674654603004456,3
-353537469.0,1491747027.0,606990.0,121.0,200.0,1002.0,16510.0,10.0,0.005180662963539362,-0.5018720030784607,2.8791141510009766,0.0006364171858876944,0.0036596106365323067,6.311805918812752e-05,9.996824264526367,9.995750427246094,164.0,40.0,0.14652588963508606,3
-353537469.0,1491747027.0,606990.0,121.0,200.0,1002.0,16510.0,10.0,0.005180662963539362,-0.5018720030784607,2.8791141510009766,0.0006364171858876944,0.0036596106365323067,6.311805918812752e-05,9.996824264526367,9.995750427246094,164.0,40.0,0.14652588963508606,3
-353537642.0,1491747084.0,607020.0,121.0,200.0,1002.0,16510.0,10.0,0.005424783565104008,-0.5005257725715637,2.8789470195770264,-0.0006965730572119355,0.00013545062392950058,-0.00020969309844076633,9.992942810058594,9.991868019104004,164.0,40.0,0.14659810066223145,3
-353537642.0,1491747084.0,607020.0,121.0,200.0,1002.0,16510.0,10.0,0.005424783565104008,-0.5005257725715637,2.8789470195770264,-0.0006965730572119355,0.00013545062392950058,-0.00020969309844076633,9.992942810058594,9.991868019104004,164.0,40.0,0.14659810066223145,3
-353537990.0,1491747197.0,607080.0,121.0,200.0,1001.0,16511.0,10.0,0.005378666799515486,-0.5001645088195801,2.8789331912994385,0.0005215054843574762,0.0011903229169547558,0.0007375755812972784,9.98778247833252,9.986713409423828,164.0,40.0,0.14611832797527313,3
-353537990.0,1491747197.0,607080.0,121.0,200.0,1001.0,16511.0,10.0,0.005378666799515486,-0.5001645088195801,2.8789331912994385,0.0005215054843574762,0.0011903229169547558,0.0007375755812972784,9.98778247833252,9.986713409423828,164.0,40.0,0.14611832797527313,3
-353538164.0,1491747254.0,607110.0,121.0,200.0,1000.0,16511.0,10.0,0.005363588687032461,-0.49915939569473267,2.878988742828369,2.100248821079731e-05,0.003233767580240965,0.0007405111100524664,9.9819974899292,9.980938911437988,164.0,40.0,0.14538799226284027,3
-353538164.0,1491747254.0,607110.0,121.0,200.0,1000.0,16511.0,10.0,0.005363588687032461,-0.49915939569473267,2.878988742828369,2.100248821079731e-05,0.003233767580240965,0.0007405111100524664,9.9819974899292,9.980938911437988,164.0,40.0,0.14538799226284027,3
-353538338.0,1491747310.0,607140.0,121.0,200.0,1000.0,16511.0,10.0,0.0053790537640452385,-0.49915811419487,2.878964900970459,0.00031364173628389835,-0.0008891012985259295,7.979455403983593e-05,9.976037979125977,9.974983215332031,164.0,40.0,0.14513829350471497,3
-353538338.0,1491747310.0,607140.0,121.0,200.0,1000.0,16511.0,10.0,0.0053790537640452385,-0.49915811419487,2.878964900970459,0.00031364173628389835,-0.0008891012985259295,7.979455403983593e-05,9.976037979125977,9.974983215332031,164.0,40.0,0.14513829350471497,3
-353538338.0,1491747310.0,607140.0,121.0,200.0,1000.0,16511.0,10.0,0.0053790537640452385,-0.49915811419487,2.878964900970459,0.00031364173628389835,-0.0008891012985259295,7.979455403983593e-05,9.976037979125977,9.974983215332031,164.0,40.0,0.14513829350471497,3
-353538511.0,1491747367.0,607170.0,121.0,200.0,999.0,16512.0,10.0,0.005122961942106485,-0.49934419989585876,2.879164457321167,0.0003652484156191349,0.0006570317782461643,0.0015869250055402517,9.972184181213379,9.971120834350586,164.0,40.0,0.1456267237663269,3
-353538511.0,1491747367.0,607170.0,121.0,200.0,999.0,16512.0,10.0,0.005122961942106485,-0.49934419989585876,2.879164457321167,0.0003652484156191349,0.0006570317782461643,0.0015869250055402517,9.972184181213379,9.971120834350586,164.0,40.0,0.1456267237663269,3
-353538858.0,1491747480.0,607230.0,121.0,200.0,998.0,16512.0,10.0,0.004814765881747007,-0.4996013343334198,2.879178524017334,0.00011869589798152447,0.004721814766526222,0.0001086376141756773,9.97046947479248,9.969398498535156,164.0,40.0,0.14610014855861664,3
-353538858.0,1491747480.0,607230.0,121.0,200.0,998.0,16512.0,10.0,0.004814765881747007,-0.4996013343334198,2.879178524017334,0.00011869589798152447,0.004721814766526222,0.0001086376141756773,9.97046947479248,9.969398498535156,164.0,40.0,0.14610014855861664,3
-353539032.0,1491747537.0,607250.0,121.0,200.0,998.0,16511.0,10.0,0.004878710955381393,-0.49919530749320984,2.879120111465454,0.0007275543175637722,0.0009728961158543825,0.00034397770650684834,9.969328880310059,9.968259811401367,164.0,40.0,0.14602817595005035,3
-353539032.0,1491747537.0,607250.0,121.0,200.0,998.0,16511.0,10.0,0.004878710955381393,-0.49919530749320984,2.879120111465454,0.0007275543175637722,0.0009728961158543825,0.00034397770650684834,9.969328880310059,9.968259811401367,164.0,40.0,0.14602817595005035,3
-353539205.0,1491747593.0,607280.0,121.0,200.0,998.0,16511.0,10.0,0.00510628754273057,-0.49878886342048645,2.8789398670196533,3.111804835498333e-05,0.0007449930999428034,0.0005123205482959747,9.967607498168945,9.966532707214355,164.0,40.0,0.14639350771903992,3
-353539205.0,1491747593.0,607280.0,121.0,200.0,998.0,16511.0,10.0,0.00510628754273057,-0.49878886342048645,2.8789398670196533,3.111804835498333e-05,0.0007449930999428034,0.0005123205482959747,9.967607498168945,9.966532707214355,164.0,40.0,0.14639350771903992,3
-353539378.0,1491747649.0,607310.0,121.0,200.0,997.0,16510.0,10.0,0.005442850291728973,-0.49863702058792114,2.879000663757324,0.001627703895792365,-0.0009899205761030316,0.0005129068158566952,9.965237617492676,9.964160919189453,164.0,40.0,0.14648981392383575,3
-353539378.0,1491747649.0,607310.0,121.0,200.0,997.0,16510.0,10.0,0.005442850291728973,-0.49863702058792114,2.879000663757324,0.001627703895792365,-0.0009899205761030316,0.0005129068158566952,9.965237617492676,9.964160919189453,164.0,40.0,0.14648981392383575,3
-353539724.0,1491747763.0,607370.0,121.0,200.0,996.0,16510.0,10.0,0.00537758506834507,-0.49885478615760803,2.8790700435638428,-0.00047439499758183956,-0.0022580986842513084,0.0007994961924850941,9.963247299194336,9.962167739868164,164.0,40.0,0.14665473997592926,3
-353539724.0,1491747763.0,607370.0,121.0,200.0,996.0,16510.0,10.0,0.00537758506834507,-0.49885478615760803,2.8790700435638428,-0.00047439499758183956,-0.0022580986842513084,0.0007994961924850941,9.963247299194336,9.962167739868164,164.0,40.0,0.14665473997592926,3
-353539724.0,1491747763.0,607370.0,121.0,200.0,996.0,16510.0,10.0,0.00537758506834507,-0.49885478615760803,2.8790700435638428,-0.00047439499758183956,-0.0022580986842513084,0.0007994961924850941,9.963247299194336,9.962167739868164,164.0,40.0,0.14665473997592926,3
-353539897.0,1491747819.0,607400.0,121.0,200.0,996.0,16510.0,10.0,0.0052185035310685635,-0.498555988073349,2.8790650367736816,-0.00010016560554504395,0.002515597501769662,0.00010431068949401379,9.96144962310791,9.960371971130371,164.0,40.0,0.14662295579910278,3
-353539897.0,1491747819.0,607400.0,121.0,200.0,996.0,16510.0,10.0,0.0052185035310685635,-0.498555988073349,2.8790650367736816,-0.00010016560554504395,0.002515597501769662,0.00010431068949401379,9.96144962310791,9.960371971130371,164.0,40.0,0.14662295579910278,3
-353540070.0,1491747875.0,607430.0,121.0,200.0,996.0,16510.0,10.0,0.005358243361115456,-0.49879008531570435,2.8789801597595215,0.00183584401383996,-0.0030969977378845215,0.00033156992867588997,9.958855628967285,9.957779884338379,164.0,40.0,0.1463610976934433,3
-353540070.0,1491747875.0,607430.0,121.0,200.0,996.0,16510.0,10.0,0.005358243361115456,-0.49879008531570435,2.8789801597595215,0.00183584401383996,-0.0030969977378845215,0.00033156992867588997,9.958855628967285,9.957779884338379,164.0,40.0,0.1463610976934433,3
-353540243.0,1491747932.0,607460.0,121.0,200.0,996.0,16509.0,10.0,0.00612103845924139,-0.4998290240764618,2.878838062286377,3.020884469151497e-05,-0.003944301046431065,0.00020657479763031006,9.959071159362793,9.95799446105957,164.0,40.0,0.14649204909801483,3
-353540243.0,1491747932.0,607460.0,121.0,200.0,996.0,16509.0,10.0,0.00612103845924139,-0.4998290240764618,2.878838062286377,3.020884469151497e-05,-0.003944301046431065,0.00020657479763031006,9.959071159362793,9.95799446105957,164.0,40.0,0.14649204909801483,3
-353540590.0,1491748045.0,607520.0,121.0,200.0,996.0,16510.0,10.0,0.006210606545209885,-0.5009543299674988,2.8789525032043457,-0.0013384674675762653,-0.0025235230568796396,0.001242449739947915,9.962189674377441,9.961114883422852,164.0,40.0,0.14638467133045197,3
-353540590.0,1491748045.0,607520.0,121.0,200.0,996.0,16510.0,10.0,0.006210606545209885,-0.5009543299674988,2.8789525032043457,-0.0013384674675762653,-0.0025235230568796396,0.001242449739947915,9.962189674377441,9.961114883422852,164.0,40.0,0.14638467133045197,3
-353540763.0,1491748101.0,607550.0,121.0,200.0,996.0,16510.0,10.0,0.006232348270714283,-0.5017426013946533,2.8790230751037598,-0.0007925669196993113,-0.006357667036354542,0.0005220700986683369,9.96351146697998,9.962438583374023,164.0,40.0,0.14623287320137024,3
-353540763.0,1491748101.0,607550.0,121.0,200.0,996.0,16510.0,10.0,0.006232348270714283,-0.5017426013946533,2.8790230751037598,-0.0007925669196993113,-0.006357667036354542,0.0005220700986683369,9.96351146697998,9.962438583374023,164.0,40.0,0.14623287320137024,3
-353540936.0,1491748157.0,607570.0,121.0,200.0,997.0,16511.0,10.0,0.006003376562148333,-0.5034746527671814,2.8790957927703857,-0.00020780018530786037,-0.00785839930176735,0.000696889590471983,9.968243598937988,9.967185020446777,164.0,40.0,0.14526094496250153,3
-353540936.0,1491748157.0,607570.0,121.0,200.0,997.0,16511.0,10.0,0.006003376562148333,-0.5034746527671814,2.8790957927703857,-0.00020780018530786037,-0.00785839930176735,0.000696889590471983,9.968243598937988,9.967185020446777,164.0,40.0,0.14526094496250153,3
-353540936.0,1491748157.0,607570.0,121.0,200.0,997.0,16511.0,10.0,0.006003376562148333,-0.5034746527671814,2.8790957927703857,-0.00020780018530786037,-0.00785839930176735,0.000696889590471983,9.968243598937988,9.967185020446777,164.0,40.0,0.14526094496250153,3
-353541109.0,1491748214.0,607600.0,121.0,200.0,998.0,16511.0,10.0,0.005829925648868084,-0.5054385662078857,2.8791346549987793,-0.001484132488258183,-0.004595447797328234,0.0008890647441148758,9.977972984313965,9.97691535949707,164.0,41.0,0.14522939920425415,3
-353541109.0,1491748214.0,607600.0,121.0,200.0,998.0,16511.0,10.0,0.005829925648868084,-0.5054385662078857,2.8791346549987793,-0.001484132488258183,-0.004595447797328234,0.0008890647441148758,9.977972984313965,9.97691535949707,164.0,41.0,0.14522939920425415,3
-353541455.0,1491748327.0,607660.0,121.0,200.0,1000.0,16511.0,10.0,0.005546020343899727,-0.5068632960319519,2.8792669773101807,-0.00029051024466753006,-0.004370858892798424,0.0010384195484220982,9.990618705749512,9.989562034606934,164.0,41.0,0.14532271027565002,3
-353541455.0,1491748327.0,607660.0,121.0,200.0,1000.0,16511.0,10.0,0.005546020343899727,-0.5068632960319519,2.8792669773101807,-0.00029051024466753006,-0.004370858892798424,0.0010384195484220982,9.990618705749512,9.989562034606934,164.0,41.0,0.14532271027565002,3
-353541630.0,1491748384.0,607690.0,121.0,200.0,1001.0,16510.0,10.0,0.005479005631059408,-0.5067160129547119,2.879277229309082,0.00020409375429153442,0.006575069855898619,-4.5138876885175705e-05,10.00330638885498,10.002257347106934,164.0,41.0,0.14491033554077148,3
-353541630.0,1491748384.0,607690.0,121.0,200.0,1001.0,16510.0,10.0,0.005479005631059408,-0.5067160129547119,2.879277229309082,0.00020409375429153442,0.006575069855898619,-4.5138876885175705e-05,10.00330638885498,10.002257347106934,164.0,41.0,0.14491033554077148,3
-353541804.0,1491748440.0,607720.0,121.0,200.0,1002.0,16509.0,10.0,0.0055835009552538395,-0.5053905248641968,2.87908673286438,0.0004009867552667856,0.0035882340744137764,0.00013610394671559334,10.011371612548828,10.010309219360352,164.0,41.0,0.14572186768054962,3
-353541804.0,1491748440.0,607720.0,121.0,200.0,1002.0,16509.0,10.0,0.0055835009552538395,-0.5053905248641968,2.87908673286438,0.0004009867552667856,0.0035882340744137764,0.00013610394671559334,10.011371612548828,10.010309219360352,164.0,41.0,0.14572186768054962,3
-353541977.0,1491748497.0,607750.0,121.0,200.0,1003.0,16509.0,10.0,0.006262248381972313,-0.5040273070335388,2.87898850440979,0.0012866468168795109,0.00852241925895214,0.0004637718666344881,10.015069961547852,10.013998985290527,164.0,41.0,0.1464422643184662,3
-353541977.0,1491748497.0,607750.0,121.0,200.0,1003.0,16509.0,10.0,0.006262248381972313,-0.5040273070335388,2.87898850440979,0.0012866468168795109,0.00852241925895214,0.0004637718666344881,10.015069961547852,10.013998985290527,164.0,41.0,0.1464422643184662,3
-353542327.0,1491748611.0,607810.0,121.0,200.0,1004.0,16509.0,10.0,0.006560467183589935,-0.5029708743095398,2.8789968490600586,0.0005841383244842291,0.0020643884781748056,0.0007984614931046963,10.01346206665039,10.012402534484863,164.0,40.0,0.14563192427158356,3
-353542327.0,1491748611.0,607810.0,121.0,200.0,1004.0,16509.0,10.0,0.006560467183589935,-0.5029708743095398,2.8789968490600586,0.0005841383244842291,0.0020643884781748056,0.0007984614931046963,10.01346206665039,10.012402534484863,164.0,40.0,0.14563192427158356,3
-353542327.0,1491748611.0,607810.0,121.0,200.0,1004.0,16509.0,10.0,0.006560467183589935,-0.5029708743095398,2.8789968490600586,0.0005841383244842291,0.0020643884781748056,0.0007984614931046963,10.01346206665039,10.012402534484863,164.0,40.0,0.14563192427158356,3
-353542501.0,1491748668.0,607830.0,121.0,200.0,1004.0,16509.0,10.0,0.006654211785644293,-0.5015250444412231,2.8789329528808594,0.0006522629410028458,0.006795297376811504,0.00045624771155416965,10.0111722946167,10.010109901428223,164.0,40.0,0.14595185220241547,3
-353542501.0,1491748668.0,607830.0,121.0,200.0,1004.0,16509.0,10.0,0.006654211785644293,-0.5015250444412231,2.8789329528808594,0.0006522629410028458,0.006795297376811504,0.00045624771155416965,10.0111722946167,10.010109901428223,164.0,40.0,0.14595185220241547,3
-353542676.0,1491748725.0,607860.0,121.0,200.0,1003.0,16510.0,10.0,0.006677388213574886,-0.5002314448356628,2.878983497619629,0.0009398479014635086,0.007248952053487301,0.0011541293933987617,10.005814552307129,10.004741668701172,164.0,40.0,0.14647944271564484,3
-353542676.0,1491748725.0,607860.0,121.0,200.0,1003.0,16510.0,10.0,0.006677388213574886,-0.5002314448356628,2.878983497619629,0.0009398479014635086,0.007248952053487301,0.0011541293933987617,10.005814552307129,10.004741668701172,164.0,40.0,0.14647944271564484,3
-353542850.0,1491748782.0,607890.0,121.0,200.0,1003.0,16510.0,10.0,0.006473768502473831,-0.498958021402359,2.879068613052368,-0.0006050276570022106,0.006334539037197828,0.000538084888830781,9.997312545776367,9.996245384216309,164.0,40.0,0.14596010744571686,3
-353542850.0,1491748782.0,607890.0,121.0,200.0,1003.0,16510.0,10.0,0.006473768502473831,-0.498958021402359,2.879068613052368,-0.0006050276570022106,0.006334539037197828,0.000538084888830781,9.997312545776367,9.996245384216309,164.0,40.0,0.14596010744571686,3
-353543198.0,1491748895.0,607950.0,121.0,200.0,1001.0,16511.0,10.0,0.006364272441715002,-0.498464971780777,2.879032850265503,9.506777860224247e-05,0.000665375730022788,0.0005833788309246302,9.987337112426758,9.986279487609863,164.0,40.0,0.14533469080924988,3
-353543198.0,1491748895.0,607950.0,121.0,200.0,1001.0,16511.0,10.0,0.006364272441715002,-0.498464971780777,2.879032850265503,9.506777860224247e-05,0.000665375730022788,0.0005833788309246302,9.987337112426758,9.986279487609863,164.0,40.0,0.14533469080924988,3
-353543198.0,1491748895.0,607950.0,121.0,200.0,1001.0,16511.0,10.0,0.006364272441715002,-0.498464971780777,2.879032850265503,9.506777860224247e-05,0.000665375730022788,0.0005833788309246302,9.987337112426758,9.986279487609863,164.0,40.0,0.14533469080924988,3
-353543371.0,1491748951.0,607980.0,121.0,200.0,1000.0,16511.0,10.0,0.006337823811918497,-0.49849826097488403,2.8790249824523926,0.00036292499862611294,-0.0014329053228721023,0.0007082156371325254,9.979581832885742,9.978528022766113,164.0,40.0,0.14495863020420074,3
-353543371.0,1491748951.0,607980.0,121.0,200.0,1000.0,16511.0,10.0,0.006337823811918497,-0.49849826097488403,2.8790249824523926,0.00036292499862611294,-0.0014329053228721023,0.0007082156371325254,9.979581832885742,9.978528022766113,164.0,40.0,0.14495863020420074,3
-353543545.0,1491749008.0,608010.0,121.0,200.0,999.0,16511.0,10.0,0.006288711912930012,-0.4980999231338501,2.8791518211364746,0.00046397210098803043,0.002133468398824334,0.001248176209628582,9.972914695739746,9.971853256225586,164.0,40.0,0.14542719721794128,3
-353543545.0,1491749008.0,608010.0,121.0,200.0,999.0,16511.0,10.0,0.006288711912930012,-0.4980999231338501,2.8791518211364746,0.00046397210098803043,0.002133468398824334,0.001248176209628582,9.972914695739746,9.971853256225586,164.0,40.0,0.14542719721794128,3
-353543718.0,1491749065.0,608040.0,121.0,200.0,998.0,16511.0,10.0,0.006277988664805889,-0.49814194440841675,2.8792810440063477,0.0005603418685495853,-0.0014662514440715313,0.001063911011442542,9.966161727905273,9.965096473693848,164.0,40.0,0.14576338231563568,3
-353543718.0,1491749065.0,608040.0,121.0,200.0,998.0,16511.0,10.0,0.006277988664805889,-0.49814194440841675,2.8792810440063477,0.0005603418685495853,-0.0014662514440715313,0.001063911011442542,9.966161727905273,9.965096473693848,164.0,40.0,0.14576338231563568,3
-353544064.0,1491749178.0,608090.0,121.0,200.0,997.0,16511.0,10.0,0.006241547409445047,-0.4992816150188446,2.879347324371338,-0.0015520250890403986,-0.007627412676811218,0.0006754486821591854,9.961812973022461,9.9607515335083,164.0,40.0,0.14539149403572083,3
-353544064.0,1491749178.0,608090.0,121.0,200.0,997.0,16511.0,10.0,0.006241547409445047,-0.4992816150188446,2.879347324371338,-0.0015520250890403986,-0.007627412676811218,0.0006754486821591854,9.961812973022461,9.9607515335083,164.0,40.0,0.14539149403572083,3
-353544238.0,1491749234.0,608120.0,121.0,200.0,997.0,16511.0,10.0,0.006110684480518103,-0.5005513429641724,2.879215717315674,0.0007939501665532589,-0.002057492733001709,0.00023812614381313324,9.963635444641113,9.962570190429688,164.0,40.0,0.1456531584262848,3
-353544238.0,1491749234.0,608120.0,121.0,200.0,997.0,16511.0,10.0,0.006110684480518103,-0.5005513429641724,2.879215717315674,0.0007939501665532589,-0.002057492733001709,0.00023812614381313324,9.963635444641113,9.962570190429688,164.0,40.0,0.1456531584262848,3
-353544411.0,1491749290.0,608150.0,121.0,200.0,997.0,16511.0,10.0,0.006232278421521187,-0.5003305673599243,2.879098415374756,0.001496806275099516,0.0006577419117093086,0.00047033908776938915,9.966275215148926,9.965203285217285,164.0,40.0,0.14624299108982086,3
-353544411.0,1491749290.0,608150.0,121.0,200.0,997.0,16511.0,10.0,0.006232278421521187,-0.5003305673599243,2.879098415374756,0.001496806275099516,0.0006577419117093086,0.00047033908776938915,9.966275215148926,9.965203285217285,164.0,40.0,0.14624299108982086,3
-353544585.0,1491749347.0,608180.0,121.0,200.0,997.0,16510.0,10.0,0.006370027549564838,-0.5000463724136353,2.8791160583496094,0.0015052992384880781,0.0007194229401648045,0.0008571837097406387,9.967453956604004,9.96638298034668,164.0,40.0,0.14615195989608765,3
-353544585.0,1491749347.0,608180.0,121.0,200.0,997.0,16510.0,10.0,0.006370027549564838,-0.5000463724136353,2.8791160583496094,0.0015052992384880781,0.0007194229401648045,0.0008571837097406387,9.967453956604004,9.96638298034668,164.0,40.0,0.14615195989608765,3
-353544931.0,1491749460.0,608240.0,121.0,200.0,997.0,16510.0,10.0,0.0063968137837946415,-0.5000633597373962,2.8791823387145996,0.0022926197852939367,-0.004195880144834518,0.000800461508333683,9.967961311340332,9.966891288757324,164.0,40.0,0.14599457383155823,3
-353544931.0,1491749460.0,608240.0,121.0,200.0,997.0,16510.0,10.0,0.0063968137837946415,-0.5000633597373962,2.8791823387145996,0.0022926197852939367,-0.004195880144834518,0.000800461508333683,9.967961311340332,9.966891288757324,164.0,40.0,0.14599457383155823,3
-353544931.0,1491749460.0,608240.0,121.0,200.0,997.0,16510.0,10.0,0.0063968137837946415,-0.5000633597373962,2.8791823387145996,0.0022926197852939367,-0.004195880144834518,0.000800461508333683,9.967961311340332,9.966891288757324,164.0,40.0,0.14599457383155823,3
-353545104.0,1491749517.0,608270.0,121.0,200.0,997.0,16510.0,10.0,0.006516256835311651,-0.5006051659584045,2.8791754245758057,0.0021700828801840544,-0.0006357566453516483,0.0005009695887565613,9.969563484191895,9.968500137329102,164.0,40.0,0.14567622542381287,3
-353545104.0,1491749517.0,608270.0,121.0,200.0,997.0,16510.0,10.0,0.006516256835311651,-0.5006051659584045,2.8791754245758057,0.0021700828801840544,-0.0006357566453516483,0.0005009695887565613,9.969563484191895,9.968500137329102,164.0,40.0,0.14567622542381287,3
-353545278.0,1491749573.0,608300.0,121.0,200.0,998.0,16510.0,10.0,0.006765327882021666,-0.5000810027122498,2.8791050910949707,0.0032179795671254396,0.0036026944871991873,0.00023643090389668941,9.969223976135254,9.968159675598145,164.0,40.0,0.14571040868759155,3
-353545278.0,1491749573.0,608300.0,121.0,200.0,998.0,16510.0,10.0,0.006765327882021666,-0.5000810027122498,2.8791050910949707,0.0032179795671254396,0.0036026944871991873,0.00023643090389668941,9.969223976135254,9.968159675598145,164.0,40.0,0.14571040868759155,3
-353545451.0,1491749630.0,608330.0,121.0,200.0,998.0,16510.0,10.0,0.006836984772235155,-0.5016002655029297,2.8790862560272217,-0.0009148241952061653,-0.010541386902332306,0.0007546322885900736,9.967265129089355,9.966203689575195,164.0,40.0,0.14545981585979462,0
-353545451.0,1491749630.0,608330.0,121.0,200.0,998.0,16510.0,10.0,0.006836984772235155,-0.5016002655029297,2.8790862560272217,-0.0009148241952061653,-0.010541386902332306,0.0007546322885900736,9.967265129089355,9.966203689575195,164.0,40.0,0.14545981585979462,0
-353545797.0,1491749743.0,608380.0,121.0,200.0,997.0,16510.0,10.0,0.006859863176941872,-0.4749087393283844,2.8793210983276367,0.0010614849161356688,0.3228890001773834,0.0005384592805057764,9.950512886047363,9.949458122253418,164.0,40.0,0.14490465819835663,0
-353545797.0,1491749743.0,608380.0,121.0,200.0,997.0,16510.0,10.0,0.006859863176941872,-0.4749087393283844,2.8793210983276367,0.0010614849161356688,0.3228890001773834,0.0005384592805057764,9.950512886047363,9.949458122253418,164.0,40.0,0.14490465819835663,0
-353545797.0,1491749743.0,608380.0,121.0,200.0,997.0,16510.0,10.0,0.006859863176941872,-0.4749087393283844,2.8793210983276367,0.0010614849161356688,0.3228890001773834,0.0005384592805057764,9.950512886047363,9.949458122253418,164.0,40.0,0.14490465819835663,0
-353545971.0,1491749800.0,608410.0,121.0,200.0,990.0,16511.0,10.0,0.007359825074672699,-0.37708479166030884,2.8799829483032227,0.005136631429195404,0.3646237552165985,0.0005405470728874207,9.710697174072266,9.71009635925293,165.0,36.0,0.10800635814666748,0
-353545971.0,1491749800.0,608410.0,121.0,200.0,990.0,16511.0,10.0,0.007359825074672699,-0.37708479166030884,2.8799829483032227,0.005136631429195404,0.3646237552165985,0.0005405470728874207,9.710697174072266,9.71009635925293,165.0,36.0,0.10800635814666748,0
-353546141.0,1491749855.0,608440.0,121.0,200.0,967.0,16515.0,10.0,0.008082279935479164,-0.3016999661922455,2.880568027496338,0.0035106511786580086,0.26503825187683105,0.000952759524807334,9.262706756591797,9.262701034545898,165.0,34.0,0.010560968890786171,0
-353546141.0,1491749855.0,608440.0,121.0,200.0,967.0,16515.0,10.0,0.008082279935479164,-0.3016999661922455,2.880568027496338,0.0035106511786580086,0.26503825187683105,0.000952759524807334,9.262706756591797,9.262701034545898,165.0,34.0,0.010560968890786171,0
-353546305.0,1491749908.0,608450.0,121.0,200.0,931.0,16521.0,10.0,0.00790515448898077,-0.2366420477628708,2.8810977935791016,-0.005294553004205227,0.26234227418899536,0.001536480151116848,8.728997230529785,8.72863483428955,165.0,34.0,-0.07961835712194443,0
-353546305.0,1491749908.0,608450.0,121.0,200.0,931.0,16521.0,10.0,0.00790515448898077,-0.2366420477628708,2.8810977935791016,-0.005294553004205227,0.26234227418899536,0.001536480151116848,8.728997230529785,8.72863483428955,165.0,34.0,-0.07961835712194443,0
-353546615.0,1491750007.0,608430.0,121.0,200.0,844.0,16538.0,10.0,0.0055828033946454525,-0.16959863901138306,2.8815298080444336,-0.008100301027297974,0.27526184916496277,0.0012734022457152605,8.139835357666016,8.13888168334961,165.0,35.0,-0.12454386800527573,0
-353546615.0,1491750007.0,608430.0,121.0,200.0,844.0,16538.0,10.0,0.0055828033946454525,-0.16959863901138306,2.8815298080444336,-0.008100301027297974,0.27526184916496277,0.0012734022457152605,8.139835357666016,8.13888168334961,165.0,35.0,-0.12454386800527573,0
-353546615.0,1491750007.0,608430.0,121.0,200.0,844.0,16538.0,10.0,0.0055828033946454525,-0.16959863901138306,2.8815298080444336,-0.008100301027297974,0.27526184916496277,0.0012734022457152605,8.139835357666016,8.13888168334961,165.0,35.0,-0.12454386800527573,0
-353546757.0,1491750053.0,608410.0,121.0,200.0,794.0,16546.0,10.0,0.004638673737645149,-0.10103663802146912,2.881572961807251,0.001478865509852767,0.2722722589969635,0.0012136884033679962,7.499032497406006,7.497740268707275,165.0,35.0,-0.1392143964767456,0
-353546757.0,1491750053.0,608410.0,121.0,200.0,794.0,16546.0,10.0,0.004638673737645149,-0.10103663802146912,2.881572961807251,0.001478865509852767,0.2722722589969635,0.0012136884033679962,7.499032497406006,7.497740268707275,165.0,35.0,-0.1392143964767456,0
-353546891.0,1491750095.0,608380.0,121.0,200.0,742.0,16554.0,10.0,0.010037104599177837,-0.033803872764110565,2.881511926651001,0.03653194382786751,0.2684352695941925,0.0013317279517650604,6.810601711273193,6.809498310089111,165.0,36.0,-0.12259452044963837,0
-353546891.0,1491750095.0,608380.0,121.0,200.0,742.0,16554.0,10.0,0.010037104599177837,-0.033803872764110565,2.881511926651001,0.03653194382786751,0.2684352695941925,0.0013317279517650604,6.810601711273193,6.809498310089111,165.0,36.0,-0.12259452044963837,0
-353547015.0,1491750134.0,608350.0,121.0,200.0,686.0,16569.0,10.0,0.02140037901699543,0.03383508697152138,2.882239580154419,0.04682048782706261,0.2768445312976837,0.0034915723372250795,6.076810359954834,6.076401710510254,165.0,37.0,-0.070437952876091,0
-353547015.0,1491750134.0,608350.0,121.0,200.0,686.0,16569.0,10.0,0.02140037901699543,0.03383508697152138,2.882239580154419,0.04682048782706261,0.2768445312976837,0.0034915723372250795,6.076810359954834,6.076401710510254,165.0,37.0,-0.070437952876091,0
-353547234.0,1491750201.0,608320.0,121.0,200.0,566.0,16650.0,10.0,0.03243013843894005,0.10623325407505035,2.884287118911743,0.04015651345252991,0.3059953451156616,0.004820383153855801,5.29095983505249,5.290957927703857,165.0,37.0,-0.004958252422511578,0
-353547234.0,1491750201.0,608320.0,121.0,200.0,566.0,16650.0,10.0,0.03243013843894005,0.10623325407505035,2.884287118911743,0.04015651345252991,0.3059953451156616,0.004820383153855801,5.29095983505249,5.290957927703857,165.0,37.0,-0.004958252422511578,0
-353547327.0,1491750227.0,608320.0,121.0,200.0,500.0,16735.0,10.0,0.044205520302057266,0.19146864116191864,2.88761043548584,0.047916147857904434,0.3719043433666229,0.004640328697860241,4.436598777770996,4.436400890350342,165.0,37.0,0.041965194046497345,0
-353547327.0,1491750227.0,608320.0,121.0,200.0,500.0,16735.0,10.0,0.044205520302057266,0.19146864116191864,2.88761043548584,0.047916147857904434,0.3719043433666229,0.004640328697860241,4.436598777770996,4.436400890350342,165.0,37.0,0.041965194046497345,0
-353547410.0,1491750249.0,608320.0,121.0,200.0,429.0,16871.0,10.0,0.05731367692351341,0.2593114376068115,2.8911213874816895,0.05317400395870209,0.15916931629180908,0.004901609383523464,3.501169204711914,3.5007593631744385,165.0,37.0,0.05357493460178375,0
-353547410.0,1491750249.0,608320.0,121.0,200.0,429.0,16871.0,10.0,0.05731367692351341,0.2593114376068115,2.8911213874816895,0.05317400395870209,0.15916931629180908,0.004901609383523464,3.501169204711914,3.5007593631744385,165.0,37.0,0.05357493460178375,0
-353547479.0,1491750265.0,608330.0,121.0,200.0,355.0,17090.0,10.0,0.07140124589204788,0.26855579018592834,2.891962766647339,0.055036019533872604,-0.055801231414079666,0.005211849696934223,2.602959394454956,2.6024465560913086,165.0,37.0,0.05167555436491966,0
-353547479.0,1491750265.0,608330.0,121.0,200.0,355.0,17090.0,10.0,0.07140124589204788,0.26855579018592834,2.891962766647339,0.055036019533872604,-0.055801231414079666,0.005211849696934223,2.602959394454956,2.6024465560913086,165.0,37.0,0.05167555436491966,0
-353547580.0,1491750276.0,608350.0,121.0,200.0,218.0,18057.0,10.0,0.08680602163076401,0.23405401408672333,2.8894546031951904,0.06691323965787888,-0.19183848798274994,0.004356663674116135,1.8740131855010986,1.8735159635543823,165.0,37.0,0.043165698647499084,0
-353547580.0,1491750276.0,608350.0,121.0,200.0,218.0,18057.0,10.0,0.08680602163076401,0.23405401408672333,2.8894546031951904,0.06691323965787888,-0.19183848798274994,0.004356663674116135,1.8740131855010986,1.8735159635543823,165.0,37.0,0.043165698647499084,0
-353547580.0,1491750276.0,608350.0,121.0,200.0,218.0,18057.0,10.0,0.08680602163076401,0.23405401408672333,2.8894546031951904,0.06691323965787888,-0.19183848798274994,0.004356663674116135,1.8740131855010986,1.8735159635543823,165.0,37.0,0.043165698647499084,0
-353547614.0,1491750273.0,608360.0,121.0,200.0,168.0,19029.0,10.0,0.105169877409935,0.17423662543296814,2.883803606033325,0.08576427400112152,-0.2699749171733856,0.003765653818845749,1.420621395111084,1.4202983379364014,165.0,36.0,0.030295660719275475,0
-353547614.0,1491750273.0,608360.0,121.0,200.0,168.0,19029.0,10.0,0.105169877409935,0.17423662543296814,2.883803606033325,0.08576427400112152,-0.2699749171733856,0.003765653818845749,1.420621395111084,1.4202983379364014,165.0,36.0,0.030295660719275475,0
-353547641.0,1491750265.0,608370.0,121.0,200.0,138.0,20411.0,10.0,0.12777255475521088,0.10221486538648605,2.875744104385376,0.101999931037426,-0.29937538504600525,0.0032872608862817287,1.293426752090454,1.2933250665664673,164.0,36.0,0.016213400289416313,0
-353547641.0,1491750265.0,608370.0,121.0,200.0,138.0,20411.0,10.0,0.12777255475521088,0.10221486538648605,2.875744104385376,0.101999931037426,-0.29937538504600525,0.0032872608862817287,1.293426752090454,1.2933250665664673,164.0,36.0,0.016213400289416313,0
-353547660.0,1491750250.0,608370.0,121.0,200.0,129.0,21908.0,10.0,0.15427574515342712,0.027498861774802208,2.8656723499298096,0.11704754829406738,-0.2958828806877136,0.002155174035578966,1.4282920360565186,1.4282838106155396,164.0,36.0,0.004845594521611929,0
-353547660.0,1491750250.0,608370.0,121.0,200.0,129.0,21908.0,10.0,0.15427574515342712,0.027498861774802208,2.8656723499298096,0.11704754829406738,-0.2958828806877136,0.002155174035578966,1.4282920360565186,1.4282838106155396,164.0,36.0,0.004845594521611929,0
-353547693.0,1491750203.0,608380.0,121.0,200.0,156.0,23554.0,10.0,0.18512548506259918,-0.041921619325876236,2.8541982173919678,0.12735910713672638,-0.26797008514404297,0.0010000728070735931,1.7168190479278564,1.716817855834961,163.0,36.0,-0.002041271422058344,0
-353547693.0,1491750203.0,608380.0,121.0,200.0,156.0,23554.0,10.0,0.18512548506259918,-0.041921619325876236,2.8541982173919678,0.12735910713672638,-0.26797008514404297,0.0010000728070735931,1.7168190479278564,1.716817855834961,163.0,36.0,-0.002041271422058344,0
-353547693.0,1491750203.0,608380.0,121.0,200.0,156.0,23554.0,10.0,0.18512548506259918,-0.041921619325876236,2.8541982173919678,0.12735910713672638,-0.26797008514404297,0.0010000728070735931,1.7168190479278564,1.716817855834961,163.0,36.0,-0.002041271422058344,0
-353547710.0,1491750172.0,608380.0,121.0,200.0,182.0,23658.0,10.0,0.21864624321460724,-0.10115484893321991,2.8423335552215576,0.13456560671329498,-0.22043412923812866,-0.00043393555097281933,2.107710361480713,2.1077065467834473,162.0,37.0,-0.004055394325405359,0
-353547710.0,1491750172.0,608380.0,121.0,200.0,182.0,23658.0,10.0,0.21864624321460724,-0.10115484893321991,2.8423335552215576,0.13456560671329498,-0.22043412923812866,-0.00043393555097281933,2.107710361480713,2.1077065467834473,162.0,37.0,-0.004055394325405359,0
-353547729.0,1491750135.0,608380.0,121.0,200.0,215.0,23516.0,10.0,0.2540952265262604,-0.1475616693496704,2.831138849258423,0.12982092797756195,-0.1661517471075058,-0.001471176976338029,2.5901687145233154,2.59016752243042,162.0,37.0,-0.002467505633831024,0
-353547729.0,1491750135.0,608380.0,121.0,200.0,215.0,23516.0,10.0,0.2540952265262604,-0.1475616693496704,2.831138849258423,0.12982092797756195,-0.1661517471075058,-0.001471176976338029,2.5901687145233154,2.59016752243042,162.0,37.0,-0.002467505633831024,0
-353547755.0,1491750094.0,608380.0,121.0,200.0,252.0,23272.0,10.0,0.2810303866863251,-0.17661152780056,2.8230152130126953,0.076750248670578,-0.08992404490709305,-0.0015830378979444504,3.1404218673706055,3.1404218673706055,161.0,38.0,0.0009044124744832516,0
-353547755.0,1491750094.0,608380.0,121.0,200.0,252.0,23272.0,10.0,0.2810303866863251,-0.17661152780056,2.8230152130126953,0.076750248670578,-0.08992404490709305,-0.0015830378979444504,3.1404218673706055,3.1404218673706055,161.0,38.0,0.0009044124744832516,0
-353547823.0,1491749994.0,608380.0,121.0,200.0,340.0,22787.0,10.0,0.2974106967449188,-0.19052642583847046,2.8185579776763916,0.058466386049985886,-0.04183991625905037,-0.0015257666818797588,3.711073875427246,3.7110707759857178,161.0,38.0,0.004726523533463478,0
-353547823.0,1491749994.0,608380.0,121.0,200.0,340.0,22787.0,10.0,0.2974106967449188,-0.19052642583847046,2.8185579776763916,0.058466386049985886,-0.04183991625905037,-0.0015257666818797588,3.711073875427246,3.7110707759857178,161.0,38.0,0.004726523533463478,0
-353547823.0,1491749994.0,608380.0,121.0,200.0,340.0,22787.0,10.0,0.2974106967449188,-0.19052642583847046,2.8185579776763916,0.058466386049985886,-0.04183991625905037,-0.0015257666818797588,3.711073875427246,3.7110707759857178,161.0,38.0,0.004726523533463478,0
-353547868.0,1491749935.0,608380.0,121.0,200.0,385.0,22603.0,10.0,0.3146182894706726,-0.19754339754581451,2.8159515857696533,0.07639160752296448,-0.023742204532027245,-0.0005451148608699441,4.273653507232666,4.273649215698242,161.0,38.0,0.006071100477129221,0
-353547868.0,1491749935.0,608380.0,121.0,200.0,385.0,22603.0,10.0,0.3146182894706726,-0.19754339754581451,2.8159515857696533,0.07639160752296448,-0.023742204532027245,-0.0005451148608699441,4.273653507232666,4.273649215698242,161.0,38.0,0.006071100477129221,0
-353547919.0,1491749871.0,608380.0,121.0,200.0,430.0,22462.0,10.0,0.33523574471473694,-0.20219039916992188,2.813958168029785,0.08622267097234726,-0.014868943020701408,0.0005397640634328127,4.829206943511963,4.829204082489014,161.0,38.0,0.005153066944330931,0
-353547919.0,1491749871.0,608380.0,121.0,200.0,430.0,22462.0,10.0,0.33523574471473694,-0.20219039916992188,2.813958168029785,0.08622267097234726,-0.014868943020701408,0.0005397640634328127,4.829206943511963,4.829204082489014,161.0,38.0,0.005153066944330931,0
-353547978.0,1491749802.0,608380.0,121.0,200.0,475.0,22358.0,10.0,0.35742634534835815,-0.20502740144729614,2.8125722408294678,0.09250310808420181,-0.008374137803912163,0.0013699729461222887,5.3784613609313965,5.378460884094238,161.0,39.0,0.0035542279947549105,0
-353547978.0,1491749802.0,608380.0,121.0,200.0,475.0,22358.0,10.0,0.35742634534835815,-0.20502740144729614,2.8125722408294678,0.09250310808420181,-0.008374137803912163,0.0013699729461222887,5.3784613609313965,5.378460884094238,161.0,39.0,0.0035542279947549105,0
-353548114.0,1491749646.0,608390.0,121.0,200.0,564.0,22243.0,10.0,0.3815925121307373,-0.20777831971645355,2.811225414276123,0.10255002975463867,-0.01537388190627098,0.0023473501205444336,5.920591831207275,5.920591354370117,161.0,39.0,0.0006378627731464803,0
-353548114.0,1491749646.0,608390.0,121.0,200.0,564.0,22243.0,10.0,0.3815925121307373,-0.20777831971645355,2.811225414276123,0.10255002975463867,-0.01537388190627098,0.0023473501205444336,5.920591831207275,5.920591354370117,161.0,39.0,0.0006378627731464803,0
-353548114.0,1491749646.0,608390.0,121.0,200.0,564.0,22243.0,10.0,0.3815925121307373,-0.20777831971645355,2.811225414276123,0.10255002975463867,-0.01537388190627098,0.0023473501205444336,5.920591831207275,5.920591354370117,161.0,39.0,0.0006378627731464803,0
-353548193.0,1491749558.0,608390.0,121.0,200.0,608.0,22219.0,10.0,0.40545663237571716,-0.21119189262390137,2.8095924854278564,0.0800400897860527,-0.006640206091105938,0.0033020498231053352,6.457643508911133,6.457642555236816,160.0,40.0,-0.002398033859208226,0
-353548193.0,1491749558.0,608390.0,121.0,200.0,608.0,22219.0,10.0,0.40545663237571716,-0.21119189262390137,2.8095924854278564,0.0800400897860527,-0.006640206091105938,0.0033020498231053352,6.457643508911133,6.457642555236816,160.0,40.0,-0.002398033859208226,0
-353548277.0,1491749466.0,608390.0,121.0,200.0,651.0,22211.0,10.0,0.41808781027793884,-0.20999443531036377,2.810110330581665,0.03230787068605423,0.01828763447701931,0.0034305488225072622,6.975925445556641,6.975924491882324,161.0,40.0,-0.0033558281138539314,0
-353548277.0,1491749466.0,608390.0,121.0,200.0,651.0,22211.0,10.0,0.41808781027793884,-0.20999443531036377,2.810110330581665,0.03230787068605423,0.01828763447701931,0.0034305488225072622,6.975925445556641,6.975924491882324,161.0,40.0,-0.0033558281138539314,0
-353548366.0,1491749366.0,608390.0,121.0,200.0,693.0,22213.0,10.0,0.42232704162597656,-0.20554018020629883,2.812228202819824,0.021149054169654846,0.020761052146553993,0.0038761720061302185,7.438140392303467,7.43813943862915,161.0,40.0,-0.003586143720895052,0
-353548366.0,1491749366.0,608390.0,121.0,200.0,693.0,22213.0,10.0,0.42232704162597656,-0.20554018020629883,2.812228202819824,0.021149054169654846,0.020761052146553993,0.0038761720061302185,7.438140392303467,7.43813943862915,161.0,40.0,-0.003586143720895052,0
-353548560.0,1491749150.0,608390.0,121.0,200.0,766.0,22235.0,10.0,0.4264095425605774,-0.20215845108032227,2.8141591548919678,0.01999981328845024,0.01448033656924963,0.003449865384027362,7.841958522796631,7.8419575691223145,161.0,40.0,-0.004322533030062914,0
-353548560.0,1491749150.0,608390.0,121.0,200.0,766.0,22235.0,10.0,0.4264095425605774,-0.20215845108032227,2.8141591548919678,0.01999981328845024,0.01448033656924963,0.003449865384027362,7.841958522796631,7.8419575691223145,161.0,40.0,-0.004322533030062914,0
-353548560.0,1491749150.0,608390.0,121.0,200.0,766.0,22235.0,10.0,0.4264095425605774,-0.20215845108032227,2.8141591548919678,0.01999981328845024,0.01448033656924963,0.003449865384027362,7.841958522796631,7.8419575691223145,161.0,40.0,-0.004322533030062914,0
-353548665.0,1491749034.0,608390.0,121.0,200.0,797.0,22250.0,10.0,0.4301844835281372,-0.20067748427391052,2.8149383068084717,0.01346591580659151,0.0054280394688248634,0.002431701635941863,8.195629119873047,8.195627212524414,161.0,40.0,-0.005182454828172922,0
-353548665.0,1491749034.0,608390.0,121.0,200.0,797.0,22250.0,10.0,0.4301844835281372,-0.20067748427391052,2.8149383068084717,0.01346591580659151,0.0054280394688248634,0.002431701635941863,8.195629119873047,8.195627212524414,161.0,40.0,-0.005182454828172922,0
-353548772.0,1491748912.0,608390.0,121.0,200.0,825.0,22266.0,10.0,0.4343462288379669,-0.19976334273815155,2.815462827682495,0.015072577632963657,0.008080867119133472,0.0024100730661302805,8.507880210876465,8.507878303527832,161.0,40.0,-0.006221996154636145,0
-353548772.0,1491748912.0,608390.0,121.0,200.0,825.0,22266.0,10.0,0.4343462288379669,-0.19976334273815155,2.815462827682495,0.015072577632963657,0.008080867119133472,0.0024100730661302805,8.507880210876465,8.507878303527832,161.0,40.0,-0.006221996154636145,0
-353548883.0,1491748787.0,608390.0,121.0,200.0,850.0,22281.0,10.0,0.43558812141418457,-0.19860829412937164,2.8161890506744385,-0.0037562213838100433,0.010296499356627464,0.0019623746629804373,8.781591415405273,8.78158950805664,161.0,40.0,-0.006544632837176323,0
-353548883.0,1491748787.0,608390.0,121.0,200.0,850.0,22281.0,10.0,0.43558812141418457,-0.19860829412937164,2.8161890506744385,-0.0037562213838100433,0.010296499356627464,0.0019623746629804373,8.781591415405273,8.78158950805664,161.0,40.0,-0.006544632837176323,0
-353549112.0,1491748525.0,608390.0,121.0,200.0,893.0,22307.0,10.0,0.4331991970539093,-0.19672250747680664,2.8172807693481445,-0.01392306573688984,0.01320287212729454,0.0015246204566210508,9.011700630187988,9.011699676513672,161.0,40.0,-0.005041778553277254,0
-353549112.0,1491748525.0,608390.0,121.0,200.0,893.0,22307.0,10.0,0.4331991970539093,-0.19672250747680664,2.8172807693481445,-0.01392306573688984,0.01320287212729454,0.0015246204566210508,9.011700630187988,9.011699676513672,161.0,40.0,-0.005041778553277254,0
-353549112.0,1491748525.0,608390.0,121.0,200.0,893.0,22307.0,10.0,0.4331991970539093,-0.19672250747680664,2.8172807693481445,-0.01392306573688984,0.01320287212729454,0.0015246204566210508,9.011700630187988,9.011699676513672,161.0,40.0,-0.005041778553277254,0
-353549230.0,1491748390.0,608390.0,121.0,200.0,910.0,22317.0,10.0,0.42841243743896484,-0.19359882175922394,2.81882381439209,-0.02072642557322979,0.01352596189826727,0.001049564452841878,9.195236206054688,9.195236206054688,161.0,40.0,-0.003174852579832077,0
-353549230.0,1491748390.0,608390.0,121.0,200.0,910.0,22317.0,10.0,0.42841243743896484,-0.19359882175922394,2.81882381439209,-0.02072642557322979,0.01352596189826727,0.001049564452841878,9.195236206054688,9.195236206054688,161.0,40.0,-0.003174852579832077,0
-353549350.0,1491748251.0,608390.0,121.0,200.0,923.0,22325.0,10.0,0.4219784438610077,-0.1900147944688797,2.820518970489502,-0.02411777526140213,0.015226763673126698,0.0008198574651032686,9.332271575927734,9.332271575927734,161.0,40.0,-0.001625401433557272,0
-353549350.0,1491748251.0,608390.0,121.0,200.0,923.0,22325.0,10.0,0.4219784438610077,-0.1900147944688797,2.820518970489502,-0.02411777526140213,0.015226763673126698,0.0008198574651032686,9.332271575927734,9.332271575927734,161.0,40.0,-0.001625401433557272,0
-353549472.0,1491748110.0,608390.0,121.0,200.0,934.0,22331.0,10.0,0.41235557198524475,-0.18471595644950867,2.822932481765747,-0.04026693478226662,0.025978950783610344,0.0006451085209846497,9.42214298248291,9.42214298248291,161.0,39.0,0.00046574525185860693,0
-353549472.0,1491748110.0,608390.0,121.0,200.0,934.0,22331.0,10.0,0.41235557198524475,-0.18471595644950867,2.822932481765747,-0.04026693478226662,0.025978950783610344,0.0006451085209846497,9.42214298248291,9.42214298248291,161.0,39.0,0.00046574525185860693,0
-353549718.0,1491747825.0,608390.0,121.0,200.0,947.0,22339.0,10.0,0.40426287055015564,-0.18045136332511902,2.82482647895813,-0.012067670002579689,0.009612124413251877,0.0005024820566177368,9.465154647827148,9.465153694152832,161.0,39.0,0.0008656418067403138,0
-353549718.0,1491747825.0,608390.0,121.0,200.0,947.0,22339.0,10.0,0.40426287055015564,-0.18045136332511902,2.82482647895813,-0.012067670002579689,0.009612124413251877,0.0005024820566177368,9.465154647827148,9.465153694152832,161.0,39.0,0.0008656418067403138,0
-353549841.0,1491747682.0,608390.0,121.0,200.0,949.0,22341.0,10.0,0.40788978338241577,-0.1821529120206833,2.8242127895355225,0.030120063573122025,-0.02037581242620945,0.0009728448931127787,9.49342155456543,9.49342155456543,161.0,39.0,-0.002242848975583911,0
-353549841.0,1491747682.0,608390.0,121.0,200.0,949.0,22341.0,10.0,0.40788978338241577,-0.1821529120206833,2.8242127895355225,0.030120063573122025,-0.02037581242620945,0.0009728448931127787,9.49342155456543,9.49342155456543,161.0,39.0,-0.002242848975583911,0
-353549966.0,1491747538.0,608380.0,121.0,200.0,952.0,22343.0,10.0,0.41518768668174744,-0.186512291431427,2.822422742843628,0.024062911048531532,-0.017897550016641617,0.0006072067189961672,9.538543701171875,9.538541793823242,161.0,39.0,-0.0056929136626422405,0
-353549966.0,1491747538.0,608380.0,121.0,200.0,952.0,22343.0,10.0,0.41518768668174744,-0.186512291431427,2.822422742843628,0.024062911048531532,-0.017897550016641617,0.0006072067189961672,9.538543701171875,9.538541793823242,161.0,39.0,-0.0056929136626422405,0
-353550090.0,1491747394.0,608380.0,121.0,200.0,955.0,22345.0,10.0,0.41874751448631287,-0.1888442188501358,2.8214271068573,0.006958347745239735,-0.005773456767201424,-0.00015591364353895187,9.596607208251953,9.59660530090332,161.0,40.0,-0.005541113205254078,0
-353550090.0,1491747394.0,608380.0,121.0,200.0,955.0,22345.0,10.0,0.41874751448631287,-0.1888442188501358,2.8214271068573,0.006958347745239735,-0.005773456767201424,-0.00015591364353895187,9.596607208251953,9.59660530090332,161.0,40.0,-0.005541113205254078,0
-353550341.0,1491747102.0,608380.0,121.0,200.0,964.0,22346.0,10.0,0.4189998507499695,-0.18974851071834564,2.820967197418213,0.00019885599613189697,-0.002448693383485079,7.461430504918098e-05,9.652134895324707,9.65213394165039,161.0,40.0,-0.0034521683119237423,0
-353550341.0,1491747102.0,608380.0,121.0,200.0,964.0,22346.0,10.0,0.4189998507499695,-0.18974851071834564,2.820967197418213,0.00019885599613189697,-0.002448693383485079,7.461430504918098e-05,9.652134895324707,9.65213394165039,161.0,40.0,-0.0034521683119237423,0
-353550341.0,1491747102.0,608380.0,121.0,200.0,964.0,22346.0,10.0,0.4189998507499695,-0.18974851071834564,2.820967197418213,0.00019885599613189697,-0.002448693383485079,7.461430504918098e-05,9.652134895324707,9.65213394165039,161.0,40.0,-0.0034521683119237423,0
-353550467.0,1491746956.0,608380.0,121.0,200.0,968.0,22344.0,10.0,0.419062077999115,-0.18985816836357117,2.8209474086761475,0.0003559670876711607,0.002434859285131097,0.00011153193190693855,9.700462341308594,9.700462341308594,161.0,40.0,-0.0016053919680416584,0
-353550467.0,1491746956.0,608380.0,121.0,200.0,968.0,22344.0,10.0,0.419062077999115,-0.18985816836357117,2.8209474086761475,0.0003559670876711607,0.002434859285131097,0.00011153193190693855,9.700462341308594,9.700462341308594,161.0,40.0,-0.0016053919680416584,0
-353550593.0,1491746809.0,608380.0,121.0,200.0,972.0,22343.0,10.0,0.41834768652915955,-0.18921178579330444,2.821277618408203,-0.00658550625666976,0.0024940285366028547,0.00034099933691322803,9.740696907043457,9.740696907043457,161.0,40.0,0.0003994986182078719,0
-353550593.0,1491746809.0,608380.0,121.0,200.0,972.0,22343.0,10.0,0.41834768652915955,-0.18921178579330444,2.821277618408203,-0.00658550625666976,0.0024940285366028547,0.00034099933691322803,9.740696907043457,9.740696907043457,161.0,40.0,0.0003994986182078719,0
-353550721.0,1491746662.0,608380.0,121.0,200.0,975.0,22341.0,10.0,0.4167768061161041,-0.18778464198112488,2.8218603134155273,-0.007482246961444616,0.009052643552422523,-0.0003468820359557867,9.770496368408203,9.770496368408203,161.0,40.0,0.0019517740001901984,0
-353550721.0,1491746662.0,608380.0,121.0,200.0,975.0,22341.0,10.0,0.4167768061161041,-0.18778464198112488,2.8218603134155273,-0.007482246961444616,0.009052643552422523,-0.0003468820359557867,9.770496368408203,9.770496368408203,161.0,40.0,0.0019517740001901984,0
-353550975.0,1491746365.0,608380.0,121.0,200.0,978.0,22338.0,10.0,0.4160110354423523,-0.18667197227478027,2.822309970855713,-0.0017459429800510406,0.003660705639049411,6.201537325978279e-05,9.790790557861328,9.790790557861328,161.0,40.0,0.0020052155014127493,0
-353550975.0,1491746365.0,608380.0,121.0,200.0,978.0,22338.0,10.0,0.4160110354423523,-0.18667197227478027,2.822309970855713,-0.0017459429800510406,0.003660705639049411,6.201537325978279e-05,9.790790557861328,9.790790557861328,161.0,40.0,0.0020052155014127493,0
-353551104.0,1491746218.0,608380.0,121.0,200.0,980.0,22338.0,10.0,0.4157932698726654,-0.18654575943946838,2.822462320327759,0.000892639858648181,-0.0027587972581386566,0.0006459883879870176,9.806761741638184,9.806761741638184,161.0,39.0,0.0030155351851135492,0
-353551104.0,1491746218.0,608380.0,121.0,200.0,980.0,22338.0,10.0,0.4157932698726654,-0.18654575943946838,2.822462320327759,0.000892639858648181,-0.0027587972581386566,0.0006459883879870176,9.806761741638184,9.806761741638184,161.0,39.0,0.0030155351851135492,0
-353551231.0,1491746069.0,608380.0,121.0,200.0,981.0,22337.0,10.0,0.41631385684013367,-0.18709617853164673,2.8221383094787598,0.00403051171451807,-0.004171142354607582,-0.00042520416900515556,9.820817947387695,9.820817947387695,161.0,39.0,0.0025662356056272984,0
-353551231.0,1491746069.0,608380.0,121.0,200.0,981.0,22337.0,10.0,0.41631385684013367,-0.18709617853164673,2.8221383094787598,0.00403051171451807,-0.004171142354607582,-0.00042520416900515556,9.820817947387695,9.820817947387695,161.0,39.0,0.0025662356056272984,0
-353551360.0,1491745920.0,608380.0,121.0,200.0,981.0,22336.0,10.0,0.4171008765697479,-0.18806524574756622,2.8216772079467773,0.0020500971004366875,-0.0027067125774919987,0.00014785164967179298,9.836065292358398,9.836065292358398,161.0,40.0,0.001959234708920121,0
-353551360.0,1491745920.0,608380.0,121.0,200.0,981.0,22336.0,10.0,0.4171008765697479,-0.18806524574756622,2.8216772079467773,0.0020500971004366875,-0.0027067125774919987,0.00014785164967179298,9.836065292358398,9.836065292358398,161.0,40.0,0.001959234708920121,0
-353551616.0,1491745624.0,608380.0,121.0,200.0,983.0,22333.0,10.0,0.4170457124710083,-0.1878202259540558,2.8217997550964355,-0.0023660752922296524,0.00446493923664093,0.0001326543278992176,9.850785255432129,9.850785255432129,161.0,40.0,0.0008681714534759521,0
-353551616.0,1491745624.0,608380.0,121.0,200.0,983.0,22333.0,10.0,0.4170457124710083,-0.1878202259540558,2.8217997550964355,-0.0023660752922296524,0.00446493923664093,0.0001326543278992176,9.850785255432129,9.850785255432129,161.0,40.0,0.0008681714534759521,0
-353551616.0,1491745624.0,608380.0,121.0,200.0,983.0,22333.0,10.0,0.4170457124710083,-0.1878202259540558,2.8217997550964355,-0.0023660752922296524,0.00446493923664093,0.0001326543278992176,9.850785255432129,9.850785255432129,161.0,40.0,0.0008681714534759521,0
-353551745.0,1491745475.0,608380.0,121.0,200.0,984.0,22332.0,10.0,0.41657817363739014,-0.1871562898159027,2.822155237197876,-0.0009232270531356335,0.002216039225459099,0.00048816646449267864,9.86176872253418,9.861767768859863,161.0,40.0,0.0010103025706484914,0
-353551745.0,1491745475.0,608380.0,121.0,200.0,984.0,22332.0,10.0,0.41657817363739014,-0.1871562898159027,2.822155237197876,-0.0009232270531356335,0.002216039225459099,0.00048816646449267864,9.86176872253418,9.861767768859863,161.0,40.0,0.0010103025706484914,0
-353551874.0,1491745326.0,608380.0,121.0,200.0,985.0,22331.0,10.0,0.41639116406440735,-0.18685311079025269,2.8224048614501953,-0.0001931479200720787,0.0011952624190598726,0.0005869437009096146,9.870163917541504,9.870163917541504,161.0,40.0,0.0019205383723601699,0
-353551874.0,1491745326.0,608380.0,121.0,200.0,985.0,22331.0,10.0,0.41639116406440735,-0.18685311079025269,2.8224048614501953,-0.0001931479200720787,0.0011952624190598726,0.0005869437009096146,9.870163917541504,9.870163917541504,161.0,40.0,0.0019205383723601699,0
-353552002.0,1491745177.0,608380.0,121.0,200.0,985.0,22330.0,10.0,0.41662126779556274,-0.1866673082113266,2.8225133419036865,0.00017216126434504986,0.000671587185934186,4.8858579248189926e-05,9.877012252807617,9.877012252807617,161.0,39.0,0.002287620212882757,0
-353552002.0,1491745177.0,608380.0,121.0,200.0,985.0,22330.0,10.0,0.41662126779556274,-0.1866673082113266,2.8225133419036865,0.00017216126434504986,0.000671587185934186,4.8858579248189926e-05,9.877012252807617,9.877012252807617,161.0,39.0,0.002287620212882757,0
-353552260.0,1491744879.0,608370.0,121.0,200.0,986.0,22329.0,10.0,0.4164450168609619,-0.18640318512916565,2.82254695892334,-0.0007730373181402683,0.0010992500465363264,-0.0006327768787741661,9.883496284484863,9.883495330810547,161.0,39.0,0.002328402828425169,0
-353552260.0,1491744879.0,608370.0,121.0,200.0,986.0,22329.0,10.0,0.4164450168609619,-0.18640318512916565,2.82254695892334,-0.0007730373181402683,0.0010992500465363264,-0.0006327768787741661,9.883496284484863,9.883495330810547,161.0,39.0,0.002328402828425169,0
-353552389.0,1491744730.0,608370.0,121.0,200.0,986.0,22328.0,10.0,0.41645029187202454,-0.18609198927879333,2.82255220413208,0.00030126096680760384,-0.001121124136261642,0.0007043371442705393,9.88867473602295,9.888673782348633,161.0,39.0,0.00209010555408895,0
-353552389.0,1491744730.0,608370.0,121.0,200.0,986.0,22328.0,10.0,0.41645029187202454,-0.18609198927879333,2.82255220413208,0.00030126096680760384,-0.001121124136261642,0.0007043371442705393,9.88867473602295,9.888673782348633,161.0,39.0,0.00209010555408895,0
-353552518.0,1491744581.0,608370.0,121.0,200.0,986.0,22328.0,10.0,0.41684603691101074,-0.1864096075296402,2.8225462436676025,0.0027008734177798033,-0.0012340242974460125,6.231130100786686e-05,9.893539428710938,9.893538475036621,161.0,39.0,0.0021080353762954473,0
-353552518.0,1491744581.0,608370.0,121.0,200.0,986.0,22328.0,10.0,0.41684603691101074,-0.1864096075296402,2.8225462436676025,0.0027008734177798033,-0.0012340242974460125,6.231130100786686e-05,9.893539428710938,9.893538475036621,161.0,39.0,0.0021080353762954473,0
-353552647.0,1491744432.0,608370.0,121.0,200.0,986.0,22328.0,10.0,0.41779807209968567,-0.18658699095249176,2.8224315643310547,0.003214688505977392,-0.0022016549482941628,0.00024908664636313915,9.89966106414795,9.89966106414795,161.0,40.0,0.0021119655575603247,0
-353552647.0,1491744432.0,608370.0,121.0,200.0,986.0,22328.0,10.0,0.41779807209968567,-0.18658699095249176,2.8224315643310547,0.003214688505977392,-0.0022016549482941628,0.00024908664636313915,9.89966106414795,9.89966106414795,161.0,40.0,0.0021119655575603247,0
-353552905.0,1491744134.0,608370.0,121.0,200.0,987.0,22327.0,10.0,0.4184209704399109,-0.18759958446025848,2.8219528198242188,0.0015956137795001268,-0.0016027754172682762,-0.00024671806022524834,9.907524108886719,9.907524108886719,161.0,40.0,0.0024671987630426884,0
-353552905.0,1491744134.0,608370.0,121.0,200.0,987.0,22327.0,10.0,0.4184209704399109,-0.18759958446025848,2.8219528198242188,0.0015956137795001268,-0.0016027754172682762,-0.00024671806022524834,9.907524108886719,9.907524108886719,161.0,40.0,0.0024671987630426884,0
-353552905.0,1491744134.0,608370.0,121.0,200.0,987.0,22327.0,10.0,0.4184209704399109,-0.18759958446025848,2.8219528198242188,0.0015956137795001268,-0.0016027754172682762,-0.00024671806022524834,9.907524108886719,9.907524108886719,161.0,40.0,0.0024671987630426884,0
-353553035.0,1491743985.0,608370.0,121.0,200.0,987.0,22326.0,10.0,0.41855520009994507,-0.1878945529460907,2.8217766284942627,0.0012689547147601843,0.0004489829298108816,0.0001532582100480795,9.915403366088867,9.91540241241455,161.0,40.0,0.0034915506839752197,0
-353553035.0,1491743985.0,608370.0,121.0,200.0,987.0,22326.0,10.0,0.41855520009994507,-0.1878945529460907,2.8217766284942627,0.0012689547147601843,0.0004489829298108816,0.0001532582100480795,9.915403366088867,9.91540241241455,161.0,40.0,0.0034915506839752197,0
-353553164.0,1491743836.0,608370.0,121.0,200.0,988.0,22325.0,10.0,0.4193028509616852,-0.1879952996969223,2.821749210357666,0.0020472852047532797,0.0009514368139207363,0.00030572921968996525,9.923657417297363,9.923656463623047,161.0,40.0,0.0041440860368311405,0
-353553164.0,1491743836.0,608370.0,121.0,200.0,988.0,22325.0,10.0,0.4193028509616852,-0.1879952996969223,2.821749210357666,0.0020472852047532797,0.0009514368139207363,0.00030572921968996525,9.923657417297363,9.923656463623047,161.0,40.0,0.0041440860368311405,0
-353553294.0,1491743687.0,608370.0,121.0,200.0,988.0,22323.0,10.0,0.4204404056072235,-0.18807655572891235,2.821683168411255,0.00753153208643198,-0.000670252600684762,6.774323992431164e-05,9.932714462280273,9.932713508605957,161.0,40.0,0.004616789985448122,0
-353553294.0,1491743687.0,608370.0,121.0,200.0,988.0,22323.0,10.0,0.4204404056072235,-0.18807655572891235,2.821683168411255,0.00753153208643198,-0.000670252600684762,6.774323992431164e-05,9.932714462280273,9.932713508605957,161.0,40.0,0.004616789985448122,0
-353553553.0,1491743388.0,608370.0,121.0,200.0,990.0,22322.0,10.0,0.42110899090766907,-0.18811844289302826,2.8216986656188965,0.001302231103181839,0.00018373341299593449,0.00042635691352188587,9.943304061889648,9.943303108215332,161.0,40.0,0.005021197721362114,0
-353553553.0,1491743388.0,608370.0,121.0,200.0,990.0,22322.0,10.0,0.42110899090766907,-0.18811844289302826,2.8216986656188965,0.001302231103181839,0.00018373341299593449,0.00042635691352188587,9.943304061889648,9.943303108215332,161.0,40.0,0.005021197721362114,0
-353553682.0,1491743239.0,608370.0,121.0,200.0,990.0,22322.0,10.0,0.4215403199195862,-0.18802089989185333,2.82175874710083,0.0037633401807397604,0.0002915188670158386,0.0003991674166172743,9.948653221130371,9.948652267456055,161.0,40.0,0.004907933529466391,0
-353553682.0,1491743239.0,608370.0,121.0,200.0,990.0,22322.0,10.0,0.4215403199195862,-0.18802089989185333,2.82175874710083,0.0037633401807397604,0.0002915188670158386,0.0003991674166172743,9.948653221130371,9.948652267456055,161.0,40.0,0.004907933529466391,0
-353553811.0,1491743089.0,608370.0,121.0,200.0,991.0,22322.0,10.0,0.42372795939445496,-0.18897214531898499,2.821319341659546,0.011960918083786964,-0.009240154176950455,0.0005770327989012003,9.954739570617676,9.954739570617676,161.0,40.0,0.0036777060013264418,0
-353553811.0,1491743089.0,608370.0,121.0,200.0,991.0,22322.0,10.0,0.42372795939445496,-0.18897214531898499,2.821319341659546,0.011960918083786964,-0.009240154176950455,0.0005770327989012003,9.954739570617676,9.954739570617676,161.0,40.0,0.0036777060013264418,0
-353553942.0,1491742939.0,608370.0,121.0,200.0,992.0,22322.0,10.0,0.426537424325943,-0.19076183438301086,2.820523262023926,0.008270013146102428,-0.005620097741484642,0.00048610218800604343,9.969298362731934,9.969298362731934,161.0,40.0,0.0030350503511726856,0
-353553942.0,1491742939.0,608370.0,121.0,200.0,992.0,22322.0,10.0,0.426537424325943,-0.19076183438301086,2.820523262023926,0.008270013146102428,-0.005620097741484642,0.00048610218800604343,9.969298362731934,9.969298362731934,161.0,40.0,0.0030350503511726856,0
-353554202.0,1491742640.0,608370.0,121.0,200.0,995.0,22321.0,10.0,0.4278559386730194,-0.1913229376077652,2.8202147483825684,0.002943851985037327,-0.0012402277207002044,0.00014584162272512913,9.988876342773438,9.988875389099121,161.0,40.0,0.0038715340197086334,0
-353554202.0,1491742640.0,608370.0,121.0,200.0,995.0,22321.0,10.0,0.4278559386730194,-0.1913229376077652,2.8202147483825684,0.002943851985037327,-0.0012402277207002044,0.00014584162272512913,9.988876342773438,9.988875389099121,161.0,40.0,0.0038715340197086334,0
-353554202.0,1491742640.0,608370.0,121.0,200.0,995.0,22321.0,10.0,0.4278559386730194,-0.1913229376077652,2.8202147483825684,0.002943851985037327,-0.0012402277207002044,0.00014584162272512913,9.988876342773438,9.988875389099121,161.0,40.0,0.0038715340197086334,0
-353554333.0,1491742489.0,608370.0,121.0,200.0,997.0,22321.0,10.0,0.427201509475708,-0.19055600464344025,2.8205602169036865,-0.00020389980636537075,0.002340237144380808,0.0003668100107461214,10.005270957946777,10.005270004272461,161.0,40.0,0.004697030875831842,0
-353554333.0,1491742489.0,608370.0,121.0,200.0,997.0,22321.0,10.0,0.427201509475708,-0.19055600464344025,2.8205602169036865,-0.00020389980636537075,0.002340237144380808,0.0003668100107461214,10.005270957946777,10.005270004272461,161.0,40.0,0.004697030875831842,0
-353554463.0,1491742339.0,608370.0,121.0,200.0,999.0,22321.0,10.0,0.4264746606349945,-0.1897929459810257,2.820974588394165,-0.001145108137279749,0.0022491796407848597,0.00043356907553970814,10.017130851745605,10.017128944396973,161.0,40.0,0.005188221577554941,0
-353554463.0,1491742339.0,608370.0,121.0,200.0,999.0,22321.0,10.0,0.4264746606349945,-0.1897929459810257,2.820974588394165,-0.001145108137279749,0.0022491796407848597,0.00043356907553970814,10.017130851745605,10.017128944396973,161.0,40.0,0.005188221577554941,0
-353554594.0,1491742188.0,608380.0,121.0,200.0,1000.0,22320.0,10.0,0.42562609910964966,-0.18900218605995178,2.821281671524048,-0.0033392326440662146,0.0022837561555206776,7.401034235954285e-05,10.024382591247559,10.024381637573242,161.0,40.0,0.00500396266579628,0
-353554594.0,1491742188.0,608380.0,121.0,200.0,1000.0,22320.0,10.0,0.42562609910964966,-0.18900218605995178,2.821281671524048,-0.0033392326440662146,0.0022837561555206776,7.401034235954285e-05,10.024382591247559,10.024381637573242,161.0,40.0,0.00500396266579628,0
-353554857.0,1491741885.0,608380.0,121.0,200.0,1001.0,22321.0,10.0,0.4248432517051697,-0.18849192559719086,2.821518659591675,-0.004437795840203762,0.0037018905859440565,0.00035926420241594315,10.028194427490234,10.028192520141602,161.0,40.0,0.005369911901652813,0
-353554857.0,1491741885.0,608380.0,121.0,200.0,1001.0,22321.0,10.0,0.4248432517051697,-0.18849192559719086,2.821518659591675,-0.004437795840203762,0.0037018905859440565,0.00035926420241594315,10.028194427490234,10.028192520141602,161.0,40.0,0.005369911901652813,0
-353554988.0,1491741734.0,608380.0,121.0,200.0,1001.0,22321.0,10.0,0.4230346083641052,-0.18730078637599945,2.822143077850342,-0.008000222966074944,0.005009287968277931,0.00047801644541323185,10.028120994567871,10.028119087219238,161.0,40.0,0.0046586343087255955,0
-353554988.0,1491741734.0,608380.0,121.0,200.0,1001.0,22321.0,10.0,0.4230346083641052,-0.18730078637599945,2.822143077850342,-0.008000222966074944,0.005009287968277931,0.00047801644541323185,10.028120994567871,10.028119087219238,161.0,40.0,0.0046586343087255955,0
-353555119.0,1491741583.0,608380.0,121.0,200.0,1001.0,22321.0,10.0,0.4216480255126953,-0.18622444570064545,2.822643280029297,-0.00332060270011425,0.0036924753803759813,0.0003187286201864481,10.022989273071289,10.022988319396973,161.0,40.0,0.004133289214223623,0
-353555119.0,1491741583.0,608380.0,121.0,200.0,1001.0,22321.0,10.0,0.4216480255126953,-0.18622444570064545,2.822643280029297,-0.00332060270011425,0.0036924753803759813,0.0003187286201864481,10.022989273071289,10.022988319396973,161.0,40.0,0.004133289214223623,0
-353555250.0,1491741432.0,608380.0,121.0,200.0,1001.0,22321.0,10.0,0.42083901166915894,-0.18571257591247559,2.8228583335876465,-0.002347474917769432,0.0020010676234960556,3.3223070204257965e-05,10.015237808227539,10.015236854553223,161.0,40.0,0.0034449934028089046,0
-353555250.0,1491741432.0,608380.0,121.0,200.0,1001.0,22321.0,10.0,0.42083901166915894,-0.18571257591247559,2.8228583335876465,-0.002347474917769432,0.0020010676234960556,3.3223070204257965e-05,10.015237808227539,10.015236854553223,161.0,40.0,0.0034449934028089046,0
-353555512.0,1491741131.0,608380.0,121.0,200.0,999.0,22322.0,10.0,0.4208064377307892,-0.1857825368642807,2.8228349685668945,-0.002770830411463976,0.0022304051090031862,0.0003355052322149277,10.007875442504883,10.007875442504883,161.0,40.0,0.002458818256855011,0
-353555512.0,1491741131.0,608380.0,121.0,200.0,999.0,22322.0,10.0,0.4208064377307892,-0.1857825368642807,2.8228349685668945,-0.002770830411463976,0.0022304051090031862,0.0003355052322149277,10.007875442504883,10.007875442504883,161.0,40.0,0.002458818256855011,0
-353555512.0,1491741131.0,608380.0,121.0,200.0,999.0,22322.0,10.0,0.4208064377307892,-0.1857825368642807,2.8228349685668945,-0.002770830411463976,0.0022304051090031862,0.0003355052322149277,10.007875442504883,10.007875442504883,161.0,40.0,0.002458818256855011,0
-353555643.0,1491740980.0,608380.0,121.0,200.0,998.0,22322.0,10.0,0.42013025283813477,-0.1853913962841034,2.8230326175689697,-0.0023866628762334585,0.004211042076349258,0.0001677481923252344,10.000476837158203,10.000476837158203,161.0,40.0,0.0019753570668399334,0
-353555643.0,1491740980.0,608380.0,121.0,200.0,998.0,22322.0,10.0,0.42013025283813477,-0.1853913962841034,2.8230326175689697,-0.0023866628762334585,0.004211042076349258,0.0001677481923252344,10.000476837158203,10.000476837158203,161.0,40.0,0.0019753570668399334,0
-353555773.0,1491740830.0,608380.0,121.0,200.0,998.0,22322.0,10.0,0.4201824367046356,-0.18528982996940613,2.8230831623077393,0.002266518771648407,0.0003399355337023735,0.00017423671670258045,9.992279052734375,9.992279052734375,161.0,40.0,0.0016930375713855028,0
-353555773.0,1491740830.0,608380.0,121.0,200.0,998.0,22322.0,10.0,0.4201824367046356,-0.18528982996940613,2.8230831623077393,0.002266518771648407,0.0003399355337023735,0.00017423671670258045,9.992279052734375,9.992279052734375,161.0,40.0,0.0016930375713855028,0
-353555904.0,1491740679.0,608380.0,121.0,200.0,997.0,22322.0,10.0,0.42106011509895325,-0.18559648096561432,2.8229355812072754,0.002666190266609192,-0.0002768789418041706,0.00019157654605805874,9.986873626708984,9.986873626708984,161.0,40.0,0.0013687819009646773,0
-353555904.0,1491740679.0,608380.0,121.0,200.0,997.0,22322.0,10.0,0.42106011509895325,-0.18559648096561432,2.8229355812072754,0.002666190266609192,-0.0002768789418041706,0.00019157654605805874,9.986873626708984,9.986873626708984,161.0,40.0,0.0013687819009646773,0
-353556166.0,1491740378.0,608380.0,121.0,200.0,996.0,22323.0,10.0,0.42248693108558655,-0.18611852824687958,2.8226091861724854,0.003297192510217428,-0.0020965165458619595,-3.0416762456297874e-05,9.985837936401367,9.98583698272705,161.0,40.0,0.0015633990988135338,0
-353556166.0,1491740378.0,608380.0,121.0,200.0,996.0,22323.0,10.0,0.42248693108558655,-0.18611852824687958,2.8226091861724854,0.003297192510217428,-0.0020965165458619595,-3.0416762456297874e-05,9.985837936401367,9.98583698272705,161.0,40.0,0.0015633990988135338,0
-353556296.0,1491740228.0,608380.0,121.0,200.0,996.0,22323.0,10.0,0.4229924976825714,-0.18641377985477448,2.82244610786438,0.001588070997968316,-0.0007105069234967232,0.00025247992016375065,9.987677574157715,9.987677574157715,161.0,40.0,0.0009310548193752766,0
-353556296.0,1491740228.0,608380.0,121.0,200.0,996.0,22323.0,10.0,0.4229924976825714,-0.18641377985477448,2.82244610786438,0.001588070997968316,-0.0007105069234967232,0.00025247992016375065,9.987677574157715,9.987677574157715,161.0,40.0,0.0009310548193752766,0
-353556426.0,1491740077.0,608370.0,121.0,200.0,996.0,22323.0,10.0,0.4227038025856018,-0.18635453283786774,2.8225386142730713,0.00011164648458361626,-0.0001882142387330532,0.0005704746581614017,9.990246772766113,9.990246772766113,161.0,40.0,0.0009859835263341665,0
-353556426.0,1491740077.0,608370.0,121.0,200.0,996.0,22323.0,10.0,0.4227038025856018,-0.18635453283786774,2.8225386142730713,0.00011164648458361626,-0.0001882142387330532,0.0005704746581614017,9.990246772766113,9.990246772766113,161.0,40.0,0.0009859835263341665,0
-353556557.0,1491739926.0,608370.0,121.0,200.0,997.0,22323.0,10.0,0.4225785732269287,-0.18617312610149384,2.822643995285034,0.0001846104860305786,0.0014561330899596214,-0.00021587545052170753,9.991931915283203,9.991931915283203,161.0,40.0,0.0016827984945848584,0
-353556557.0,1491739926.0,608370.0,121.0,200.0,997.0,22323.0,10.0,0.4225785732269287,-0.18617312610149384,2.822643995285034,0.0001846104860305786,0.0014561330899596214,-0.00021587545052170753,9.991931915283203,9.991931915283203,161.0,40.0,0.0016827984945848584,0
-353556818.0,1491739625.0,608370.0,121.0,200.0,997.0,22323.0,10.0,0.4228517413139343,-0.18638701736927032,2.8225460052490234,0.0010621799156069756,-0.0008384597022086382,0.001096365973353386,9.993632316589355,9.993632316589355,161.0,40.0,0.002606812631711364,0
-353556818.0,1491739625.0,608370.0,121.0,200.0,997.0,22323.0,10.0,0.4228517413139343,-0.18638701736927032,2.8225460052490234,0.0010621799156069756,-0.0008384597022086382,0.001096365973353386,9.993632316589355,9.993632316589355,161.0,40.0,0.002606812631711364,0
-353556818.0,1491739625.0,608370.0,121.0,200.0,997.0,22323.0,10.0,0.4228517413139343,-0.18638701736927032,2.8225460052490234,0.0010621799156069756,-0.0008384597022086382,0.001096365973353386,9.993632316589355,9.993632316589355,161.0,40.0,0.002606812631711364,0
-353556948.0,1491739475.0,608370.0,121.0,200.0,997.0,22323.0,10.0,0.42254772782325745,-0.18624122440814972,2.8226704597473145,-0.004199220333248377,0.0024295197799801826,-0.00013378052972257137,9.995386123657227,9.99538516998291,161.0,40.0,0.0036595200654119253,0
-353556948.0,1491739475.0,608370.0,121.0,200.0,997.0,22323.0,10.0,0.42254772782325745,-0.18624122440814972,2.8226704597473145,-0.004199220333248377,0.0024295197799801826,-0.00013378052972257137,9.995386123657227,9.99538516998291,161.0,40.0,0.0036595200654119253,0
-353557079.0,1491739324.0,608370.0,121.0,200.0,997.0,22322.0,10.0,0.42180371284484863,-0.18575447797775269,2.8227500915527344,0.003044914221391082,0.0013928196858614683,-3.117043524980545e-05,9.99283218383789,9.992831230163574,161.0,40.0,0.004345255438238382,0
-353557079.0,1491739324.0,608370.0,121.0,200.0,997.0,22322.0,10.0,0.42180371284484863,-0.18575447797775269,2.8227500915527344,0.003044914221391082,0.0013928196858614683,-3.117043524980545e-05,9.99283218383789,9.992831230163574,161.0,40.0,0.004345255438238382,0
-353557209.0,1491739175.0,608370.0,121.0,200.0,997.0,22322.0,10.0,0.42356154322624207,-0.1862979233264923,2.822471857070923,0.013832252472639084,-0.008852409198880196,0.0006062192842364311,9.989289283752441,9.989288330078125,161.0,40.0,0.004295670427381992,0
-353557209.0,1491739175.0,608370.0,121.0,200.0,997.0,22322.0,10.0,0.42356154322624207,-0.1862979233264923,2.822471857070923,0.013832252472639084,-0.008852409198880196,0.0006062192842364311,9.989289283752441,9.989288330078125,161.0,40.0,0.004295670427381992,0
-353557471.0,1491738873.0,608370.0,121.0,200.0,997.0,22322.0,10.0,0.4265589416027069,-0.18830536305904388,2.8216750621795654,0.010711685754358768,-0.007167745381593704,0.0008199808653444052,9.994331359863281,9.994330406188965,161.0,40.0,0.003978399559855461,0
-353557471.0,1491738873.0,608370.0,121.0,200.0,997.0,22322.0,10.0,0.4265589416027069,-0.18830536305904388,2.8216750621795654,0.010711685754358768,-0.007167745381593704,0.0008199808653444052,9.994331359863281,9.994330406188965,161.0,40.0,0.003978399559855461,0
-353557601.0,1491738722.0,608370.0,121.0,200.0,998.0,22321.0,10.0,0.42772677540779114,-0.18897055089473724,2.8214097023010254,0.0005173347890377045,0.0015443612355738878,0.0002543835435062647,10.006519317626953,10.00651741027832,161.0,40.0,0.0038494677282869816,0
-353557601.0,1491738722.0,608370.0,121.0,200.0,998.0,22321.0,10.0,0.42772677540779114,-0.18897055089473724,2.8214097023010254,0.0005173347890377045,0.0015443612355738878,0.0002543835435062647,10.006519317626953,10.00651741027832,161.0,40.0,0.0038494677282869816,0
-353557732.0,1491738572.0,608370.0,121.0,200.0,999.0,22321.0,10.0,0.42738738656044006,-0.18851684033870697,2.8216066360473633,-0.003891643602401018,0.003045240882784128,0.00036218343302607536,10.018672943115234,10.018671989440918,161.0,40.0,0.004630578216165304,0
-353557732.0,1491738572.0,608370.0,121.0,200.0,999.0,22321.0,10.0,0.42738738656044006,-0.18851684033870697,2.8216066360473633,-0.003891643602401018,0.003045240882784128,0.00036218343302607536,10.018672943115234,10.018671989440918,161.0,40.0,0.004630578216165304,0
-353557863.0,1491738421.0,608370.0,121.0,200.0,1000.0,22320.0,10.0,0.42653658986091614,-0.18774555623531342,2.8219456672668457,-0.002937163459137082,0.003572974121198058,3.384659066796303e-05,10.026564598083496,10.026562690734863,161.0,40.0,0.004742665681988001,0
-353557863.0,1491738421.0,608370.0,121.0,200.0,1000.0,22320.0,10.0,0.42653658986091614,-0.18774555623531342,2.8219456672668457,-0.002937163459137082,0.003572974121198058,3.384659066796303e-05,10.026564598083496,10.026562690734863,161.0,40.0,0.004742665681988001,0
-353558125.0,1491738119.0,608380.0,121.0,200.0,1002.0,22320.0,10.0,0.42623642086982727,-0.187118262052536,2.822195529937744,0.0009289036970585585,0.0023118809331208467,0.0003331617917865515,10.030726432800293,10.030725479125977,161.0,40.0,0.0046668448485434055,0
-353558125.0,1491738119.0,608380.0,121.0,200.0,1002.0,22320.0,10.0,0.42623642086982727,-0.187118262052536,2.822195529937744,0.0009289036970585585,0.0023118809331208467,0.0003331617917865515,10.030726432800293,10.030725479125977,161.0,40.0,0.0046668448485434055,0
-353558125.0,1491738119.0,608380.0,121.0,200.0,1002.0,22320.0,10.0,0.42623642086982727,-0.187118262052536,2.822195529937744,0.0009289036970585585,0.0023118809331208467,0.0003331617917865515,10.030726432800293,10.030725479125977,161.0,40.0,0.0046668448485434055,0
-353558256.0,1491737968.0,608380.0,121.0,200.0,1002.0,22320.0,10.0,0.42631810903549194,-0.18679815530776978,2.8223721981048584,0.0001168989110738039,0.0012669179122895002,0.0005595858674496412,10.03358268737793,10.033580780029297,161.0,40.0,0.004936020355671644,0
-353558256.0,1491737968.0,608380.0,121.0,200.0,1002.0,22320.0,10.0,0.42631810903549194,-0.18679815530776978,2.8223721981048584,0.0001168989110738039,0.0012669179122895002,0.0005595858674496412,10.03358268737793,10.033580780029297,161.0,40.0,0.004936020355671644,0
-353558388.0,1491737817.0,608380.0,121.0,200.0,1002.0,22320.0,10.0,0.4243130385875702,-0.18600702285766602,2.8227784633636475,-0.007430186495184898,0.007298572920262814,0.00023827701807022095,10.033346176147461,10.033344268798828,161.0,40.0,0.005167508497834206,0
-353558388.0,1491737817.0,608380.0,121.0,200.0,1002.0,22320.0,10.0,0.4243130385875702,-0.18600702285766602,2.8227784633636475,-0.007430186495184898,0.007298572920262814,0.00023827701807022095,10.033346176147461,10.033344268798828,161.0,40.0,0.005167508497834206,0
-353558519.0,1491737665.0,608380.0,121.0,200.0,1002.0,22320.0,10.0,0.4232535660266876,-0.18517589569091797,2.8231327533721924,-0.0021876217797398567,0.0026671062223613262,0.0003351392224431038,10.027129173278809,10.027128219604492,161.0,40.0,0.0037118957843631506,0
-353558519.0,1491737665.0,608380.0,121.0,200.0,1002.0,22320.0,10.0,0.4232535660266876,-0.18517589569091797,2.8231327533721924,-0.0021876217797398567,0.0026671062223613262,0.0003351392224431038,10.027129173278809,10.027128219604492,161.0,40.0,0.0037118957843631506,0
-353558782.0,1491737363.0,608380.0,121.0,200.0,1001.0,22320.0,10.0,0.42290595173835754,-0.18479883670806885,2.823331594467163,0.0020006962586194277,0.0014479071833193302,0.00044440804049372673,10.019919395446777,10.019918441772461,161.0,40.0,0.0030025439336895943,0
-353558782.0,1491737363.0,608380.0,121.0,200.0,1001.0,22320.0,10.0,0.42290595173835754,-0.18479883670806885,2.823331594467163,0.0020006962586194277,0.0014479071833193302,0.00044440804049372673,10.019919395446777,10.019918441772461,161.0,40.0,0.0030025439336895943,0
-353558913.0,1491737212.0,608380.0,121.0,200.0,1001.0,22321.0,10.0,0.4237688481807709,-0.1846141368150711,2.8234317302703857,0.003079855814576149,0.0009598142933100462,0.0004813782870769501,10.014498710632324,10.014498710632324,161.0,40.0,0.0021071250084787607,0
-353558913.0,1491737212.0,608380.0,121.0,200.0,1001.0,22321.0,10.0,0.4237688481807709,-0.1846141368150711,2.8234317302703857,0.003079855814576149,0.0009598142933100462,0.0004813782870769501,10.014498710632324,10.014498710632324,161.0,40.0,0.0021071250084787607,0
-353559044.0,1491737061.0,608380.0,121.0,200.0,1000.0,22322.0,10.0,0.42416051030158997,-0.18506431579589844,2.8232948780059814,-0.0008391982410103083,-0.0009496617130935192,0.0003028307110071182,10.012279510498047,10.01227855682373,161.0,40.0,0.0011392199667170644,0
-353559044.0,1491737061.0,608380.0,121.0,200.0,1000.0,22322.0,10.0,0.42416051030158997,-0.18506431579589844,2.8232948780059814,-0.0008391982410103083,-0.0009496617130935192,0.0003028307110071182,10.012279510498047,10.01227855682373,161.0,40.0,0.0011392199667170644,0
-353559175.0,1491736910.0,608380.0,121.0,200.0,1000.0,22323.0,10.0,0.4237140715122223,-0.18534348905086517,2.823031425476074,-0.004026849754154682,-0.0009418600238859653,0.0004462560173124075,10.011394500732422,10.011394500732422,161.0,40.0,0.001310724881477654,0
-353559175.0,1491736910.0,608380.0,121.0,200.0,1000.0,22323.0,10.0,0.4237140715122223,-0.18534348905086517,2.823031425476074,-0.004026849754154682,-0.0009418600238859653,0.0004462560173124075,10.011394500732422,10.011394500732422,161.0,40.0,0.001310724881477654,0
-353559437.0,1491736608.0,608380.0,121.0,200.0,1000.0,22323.0,10.0,0.42336246371269226,-0.185145765542984,2.8232314586639404,0.0012650617863982916,-0.0009013046510517597,0.0005170954391360283,10.009448051452637,10.009448051452637,161.0,40.0,0.0013363903854042292,0
-353559437.0,1491736608.0,608380.0,121.0,200.0,1000.0,22323.0,10.0,0.42336246371269226,-0.185145765542984,2.8232314586639404,0.0012650617863982916,-0.0009013046510517597,0.0005170954391360283,10.009448051452637,10.009448051452637,161.0,40.0,0.0013363903854042292,0
-353559437.0,1491736608.0,608380.0,121.0,200.0,1000.0,22323.0,10.0,0.42336246371269226,-0.185145765542984,2.8232314586639404,0.0012650617863982916,-0.0009013046510517597,0.0005170954391360283,10.009448051452637,10.009448051452637,161.0,40.0,0.0013363903854042292,0
-353559568.0,1491736457.0,608380.0,121.0,200.0,999.0,22322.0,10.0,0.42354488372802734,-0.18504562973976135,2.8232011795043945,0.0008043244015425444,0.0008120657876133919,-0.0003494254779070616,10.007622718811035,10.007622718811035,161.0,40.0,0.0015081942547112703,0
-353559568.0,1491736457.0,608380.0,121.0,200.0,999.0,22322.0,10.0,0.42354488372802734,-0.18504562973976135,2.8232011795043945,0.0008043244015425444,0.0008120657876133919,-0.0003494254779070616,10.007622718811035,10.007622718811035,161.0,40.0,0.0015081942547112703,0
-353559699.0,1491736307.0,608380.0,121.0,200.0,999.0,22322.0,10.0,0.4228319525718689,-0.1845698356628418,2.823378086090088,-0.0048020947724580765,0.0016903507057577372,0.0007355480920523405,10.0055513381958,10.0055513381958,161.0,40.0,0.001797909615561366,0
-353559699.0,1491736307.0,608380.0,121.0,200.0,999.0,22322.0,10.0,0.4228319525718689,-0.1845698356628418,2.823378086090088,-0.0048020947724580765,0.0016903507057577372,0.0007355480920523405,10.0055513381958,10.0055513381958,161.0,40.0,0.001797909615561366,0
-353559829.0,1491736156.0,608380.0,121.0,200.0,999.0,22322.0,10.0,0.4223172664642334,-0.18435408174991608,2.823566436767578,0.003012796863913536,0.0020804302766919136,0.0004970415029674768,10.001529693603516,10.0015287399292,161.0,40.0,0.00287786778062582,0
-353559829.0,1491736156.0,608380.0,121.0,200.0,999.0,22322.0,10.0,0.4223172664642334,-0.18435408174991608,2.823566436767578,0.003012796863913536,0.0020804302766919136,0.0004970415029674768,10.001529693603516,10.0015287399292,161.0,40.0,0.00287786778062582,0
-353560091.0,1491735854.0,608370.0,121.0,200.0,998.0,22322.0,10.0,0.4228006899356842,-0.18389667570590973,2.8236474990844727,0.0023918007500469685,0.0002951191272586584,-6.405380554497242e-05,9.998079299926758,9.998078346252441,161.0,40.0,0.002331341151148081,0
-353560091.0,1491735854.0,608370.0,121.0,200.0,998.0,22322.0,10.0,0.4228006899356842,-0.18389667570590973,2.8236474990844727,0.0023918007500469685,0.0002951191272586584,-6.405380554497242e-05,9.998079299926758,9.998078346252441,161.0,40.0,0.002331341151148081,0
-353560222.0,1491735703.0,608370.0,121.0,200.0,998.0,22323.0,10.0,0.42320650815963745,-0.18413157761096954,2.823585271835327,3.7436606362462044e-05,-0.0010898057371377945,0.0007048228289932013,9.99570083618164,9.99570083618164,161.0,40.0,0.0024125799536705017,0
-353560222.0,1491735703.0,608370.0,121.0,200.0,998.0,22323.0,10.0,0.42320650815963745,-0.18413157761096954,2.823585271835327,3.7436606362462044e-05,-0.0010898057371377945,0.0007048228289932013,9.99570083618164,9.99570083618164,161.0,40.0,0.0024125799536705017,0
-353560353.0,1491735552.0,608370.0,121.0,200.0,997.0,22323.0,10.0,0.42353561520576477,-0.1843070387840271,2.823546886444092,0.0029643361922353506,-0.00018682703375816345,0.0006178007461130619,9.992288589477539,9.992288589477539,161.0,40.0,0.0021038437262177467,0
-353560353.0,1491735552.0,608370.0,121.0,200.0,997.0,22323.0,10.0,0.42353561520576477,-0.1843070387840271,2.823546886444092,0.0029643361922353506,-0.00018682703375816345,0.0006178007461130619,9.992288589477539,9.992288589477539,161.0,40.0,0.0021038437262177467,0
-353560483.0,1491735402.0,608370.0,121.0,200.0,997.0,22324.0,10.0,0.42501574754714966,-0.1854134202003479,2.8231041431427,0.010670769959688187,-0.006578694097697735,0.0004742338787764311,9.991473197937012,9.991472244262695,161.0,40.0,0.0014711687108501792,0
-353560483.0,1491735402.0,608370.0,121.0,200.0,997.0,22324.0,10.0,0.42501574754714966,-0.1854134202003479,2.8231041431427,0.010670769959688187,-0.006578694097697735,0.0004742338787764311,9.991473197937012,9.991472244262695,161.0,40.0,0.0014711687108501792,0
-353560744.0,1491735101.0,608370.0,121.0,200.0,998.0,22324.0,10.0,0.42681455612182617,-0.18672077357769012,2.822492837905884,0.004477255512028933,-0.003880358301103115,0.0004959758371114731,9.998252868652344,9.998252868652344,161.0,40.0,0.0022465710062533617,0
-353560744.0,1491735101.0,608370.0,121.0,200.0,998.0,22324.0,10.0,0.42681455612182617,-0.18672077357769012,2.822492837905884,0.004477255512028933,-0.003880358301103115,0.0004959758371114731,9.998252868652344,9.998252868652344,161.0,40.0,0.0022465710062533617,0
-353560744.0,1491735101.0,608370.0,121.0,200.0,998.0,22324.0,10.0,0.42681455612182617,-0.18672077357769012,2.822492837905884,0.004477255512028933,-0.003880358301103115,0.0004959758371114731,9.998252868652344,9.998252868652344,161.0,40.0,0.0022465710062533617,0
-353560875.0,1491734950.0,608370.0,121.0,200.0,999.0,22323.0,10.0,0.42769521474838257,-0.18728333711624146,2.822216033935547,0.004322212189435959,-0.0005992304068058729,0.00013108993880450726,10.007701873779297,10.007701873779297,161.0,40.0,0.002568404655903578,0
-353560875.0,1491734950.0,608370.0,121.0,200.0,999.0,22323.0,10.0,0.42769521474838257,-0.18728333711624146,2.822216033935547,0.004322212189435959,-0.0005992304068058729,0.00013108993880450726,10.007701873779297,10.007701873779297,161.0,40.0,0.002568404655903578,0
-353561006.0,1491734799.0,608370.0,121.0,200.0,1000.0,22323.0,10.0,0.42745575308799744,-0.18687450885772705,2.8223493099212646,-0.004096871707588434,0.003239518264308572,0.00046466407366096973,10.0177001953125,10.0177001953125,161.0,40.0,0.0038651125505566597,0
-353561006.0,1491734799.0,608370.0,121.0,200.0,1000.0,22323.0,10.0,0.42745575308799744,-0.18687450885772705,2.8223493099212646,-0.004096871707588434,0.003239518264308572,0.00046466407366096973,10.0177001953125,10.0177001953125,161.0,40.0,0.0038651125505566597,0
-353561136.0,1491734649.0,608370.0,121.0,200.0,1000.0,22322.0,10.0,0.4264005720615387,-0.18597616255283356,2.8227503299713135,-0.0021433026995509863,0.002994345733895898,0.000499233603477478,10.022499084472656,10.02249813079834,161.0,40.0,0.004207279998809099,0
-353561136.0,1491734649.0,608370.0,121.0,200.0,1000.0,22322.0,10.0,0.4264005720615387,-0.18597616255283356,2.8227503299713135,-0.0021433026995509863,0.002994345733895898,0.000499233603477478,10.022499084472656,10.02249813079834,161.0,40.0,0.004207279998809099,0
-353561399.0,1491734347.0,608370.0,121.0,200.0,1001.0,22321.0,10.0,0.42595788836479187,-0.18556368350982666,2.8229758739471436,-0.0007431164849549532,0.0015950505621731281,0.0006703466642647982,10.024304389953613,10.02430248260498,161.0,40.0,0.005685149226337671,0
-353561399.0,1491734347.0,608370.0,121.0,200.0,1001.0,22321.0,10.0,0.42595788836479187,-0.18556368350982666,2.8229758739471436,-0.0007431164849549532,0.0015950505621731281,0.0006703466642647982,10.024304389953613,10.02430248260498,161.0,40.0,0.005685149226337671,0
-353561530.0,1491734196.0,608380.0,121.0,200.0,1001.0,22321.0,10.0,0.42622148990631104,-0.18547825515270233,2.8229880332946777,0.002152601256966591,0.0008321551140397787,0.00031848112121224403,10.024418830871582,10.024417877197266,161.0,40.0,0.005284859333187342,0
-353561530.0,1491734196.0,608380.0,121.0,200.0,1001.0,22321.0,10.0,0.42622148990631104,-0.18547825515270233,2.8229880332946777,0.002152601256966591,0.0008321551140397787,0.00031848112121224403,10.024418830871582,10.024417877197266,161.0,40.0,0.005284859333187342,0
-353561661.0,1491734044.0,608380.0,121.0,200.0,1001.0,22321.0,10.0,0.42584744095802307,-0.18507978320121765,2.8231711387634277,-0.002068559406325221,0.00126264663413167,0.0006219118367880583,10.025089263916016,10.0250883102417,161.0,40.0,0.00457939924672246,0
-353561661.0,1491734044.0,608380.0,121.0,200.0,1001.0,22321.0,10.0,0.42584744095802307,-0.18507978320121765,2.8231711387634277,-0.002068559406325221,0.00126264663413167,0.0006219118367880583,10.025089263916016,10.0250883102417,161.0,40.0,0.00457939924672246,0
-353561793.0,1491733893.0,608380.0,121.0,200.0,1002.0,22322.0,10.0,0.42528966069221497,-0.1847265064716339,2.8233656883239746,-0.0015976647846400738,0.0012285537086427212,0.0006390076596289873,10.024354934692383,10.024353981018066,161.0,40.0,0.0037142164073884487,0
-353561793.0,1491733893.0,608380.0,121.0,200.0,1002.0,22322.0,10.0,0.42528966069221497,-0.1847265064716339,2.8233656883239746,-0.0015976647846400738,0.0012285537086427212,0.0006390076596289873,10.024354934692383,10.024353981018066,161.0,40.0,0.0037142164073884487,0
-353562055.0,1491733591.0,608380.0,121.0,200.0,1001.0,22322.0,10.0,0.42477744817733765,-0.1842774748802185,2.823547124862671,-0.0014122473075985909,0.00038994173519313335,4.837196320295334e-05,10.021849632263184,10.021849632263184,161.0,40.0,0.0025665180291980505,0
-353562055.0,1491733591.0,608380.0,121.0,200.0,1001.0,22322.0,10.0,0.42477744817733765,-0.1842774748802185,2.823547124862671,-0.0014122473075985909,0.00038994173519313335,4.837196320295334e-05,10.021849632263184,10.021849632263184,161.0,40.0,0.0025665180291980505,0
-353562055.0,1491733591.0,608380.0,121.0,200.0,1001.0,22322.0,10.0,0.42477744817733765,-0.1842774748802185,2.823547124862671,-0.0014122473075985909,0.00038994173519313335,4.837196320295334e-05,10.021849632263184,10.021849632263184,161.0,40.0,0.0025665180291980505,0
-353562186.0,1491733440.0,608380.0,121.0,200.0,1001.0,22322.0,10.0,0.4247228801250458,-0.18411436676979065,2.8236026763916016,-5.772151052951813e-05,0.0005984979216009378,0.0012586882803589106,10.018580436706543,10.018580436706543,161.0,40.0,0.0018828934989869595,0
-353562186.0,1491733440.0,608380.0,121.0,200.0,1001.0,22322.0,10.0,0.4247228801250458,-0.18411436676979065,2.8236026763916016,-5.772151052951813e-05,0.0005984979216009378,0.0012586882803589106,10.018580436706543,10.018580436706543,161.0,40.0,0.0018828934989869595,0
-353562317.0,1491733289.0,608380.0,121.0,200.0,1001.0,22323.0,10.0,0.4245789349079132,-0.18402519822120667,2.823727607727051,-0.0006070295348763466,0.002672801958397031,-0.00012267287820577621,10.015981674194336,10.015981674194336,161.0,40.0,0.0017505710711702704,0
-353562317.0,1491733289.0,608380.0,121.0,200.0,1001.0,22323.0,10.0,0.4245789349079132,-0.18402519822120667,2.823727607727051,-0.0006070295348763466,0.002672801958397031,-0.00012267287820577621,10.015981674194336,10.015981674194336,161.0,40.0,0.0017505710711702704,0
-353562448.0,1491733138.0,608380.0,121.0,200.0,1000.0,22323.0,10.0,0.42371800541877747,-0.18342183530330658,2.8238630294799805,-0.001092653488740325,0.002329741371795535,0.0005299465265125036,10.01233959197998,10.01233959197998,161.0,40.0,0.0018303989199921489,0
-353562448.0,1491733138.0,608380.0,121.0,200.0,1000.0,22323.0,10.0,0.42371800541877747,-0.18342183530330658,2.8238630294799805,-0.001092653488740325,0.002329741371795535,0.0005299465265125036,10.01233959197998,10.01233959197998,161.0,40.0,0.0018303989199921489,0
-353562710.0,1491732836.0,608380.0,121.0,200.0,1000.0,22324.0,10.0,0.4235743582248688,-0.18312159180641174,2.824042558670044,-7.47262965887785e-05,0.0013524647802114487,0.000712310429662466,10.008072853088379,10.008072853088379,161.0,40.0,0.0019579788204282522,0
-353562710.0,1491732836.0,608380.0,121.0,200.0,1000.0,22324.0,10.0,0.4235743582248688,-0.18312159180641174,2.824042558670044,-7.47262965887785e-05,0.0013524647802114487,0.000712310429662466,10.008072853088379,10.008072853088379,161.0,40.0,0.0019579788204282522,0
-353562840.0,1491732685.0,608380.0,121.0,200.0,999.0,22324.0,10.0,0.42351600527763367,-0.18302969634532928,2.824148178100586,0.0001554517075419426,-0.0011274153366684914,0.0008897851221263409,10.00404167175293,10.00404167175293,161.0,40.0,0.002392525551840663,0
-353562840.0,1491732685.0,608380.0,121.0,200.0,999.0,22324.0,10.0,0.42351600527763367,-0.18302969634532928,2.824148178100586,0.0001554517075419426,-0.0011274153366684914,0.0008897851221263409,10.00404167175293,10.00404167175293,161.0,40.0,0.002392525551840663,0
-353562972.0,1491732534.0,608380.0,121.0,200.0,999.0,22325.0,10.0,0.423115074634552,-0.18364591896533966,2.8239381313323975,-0.0007046225946396589,-0.0016330855432897806,0.0002449396997690201,9.999181747436523,9.99918270111084,161.0,40.0,0.0020746414083987474,0
-353562972.0,1491732534.0,608380.0,121.0,200.0,999.0,22325.0,10.0,0.423115074634552,-0.18364591896533966,2.8239381313323975,-0.0007046225946396589,-0.0016330855432897806,0.0002449396997690201,9.999181747436523,9.99918270111084,161.0,40.0,0.0020746414083987474,0
-353563102.0,1491732383.0,608380.0,121.0,200.0,998.0,22325.0,10.0,0.4241798222064972,-0.18455101549625397,2.8234400749206543,0.006220520939677954,-0.0039054094813764095,0.0004374177660793066,9.994483947753906,9.994484901428223,161.0,40.0,0.0013712442014366388,0
-353563102.0,1491732383.0,608380.0,121.0,200.0,998.0,22325.0,10.0,0.4241798222064972,-0.18455101549625397,2.8234400749206543,0.006220520939677954,-0.0039054094813764095,0.0004374177660793066,9.994483947753906,9.994484901428223,161.0,40.0,0.0013712442014366388,0
-353563364.0,1491732081.0,608380.0,121.0,200.0,998.0,22323.0,10.0,0.42616167664527893,-0.18554827570915222,2.822978973388672,0.007553647272288799,-0.004997561685740948,0.0006960015743970871,9.995429992675781,9.995429992675781,161.0,40.0,1.6946853065746836e-05,0
-353563364.0,1491732081.0,608380.0,121.0,200.0,998.0,22323.0,10.0,0.42616167664527893,-0.18554827570915222,2.822978973388672,0.007553647272288799,-0.004997561685740948,0.0006960015743970871,9.995429992675781,9.995429992675781,161.0,40.0,1.6946853065746836e-05,0
-353563364.0,1491732081.0,608380.0,121.0,200.0,998.0,22323.0,10.0,0.42616167664527893,-0.18554827570915222,2.822978973388672,0.007553647272288799,-0.004997561685740948,0.0006960015743970871,9.995429992675781,9.995429992675781,161.0,40.0,1.6946853065746836e-05,0
-353563494.0,1491731931.0,608380.0,121.0,200.0,998.0,22323.0,10.0,0.4274872839450836,-0.18646369874477386,2.822570323944092,0.0036397625226527452,-0.0025239780079573393,0.0007124477997422218,10.002634048461914,10.002634048461914,161.0,40.0,0.00045933647197671235,0
-353563494.0,1491731931.0,608380.0,121.0,200.0,998.0,22323.0,10.0,0.4274872839450836,-0.18646369874477386,2.822570323944092,0.0036397625226527452,-0.0025239780079573393,0.0007124477997422218,10.002634048461914,10.002634048461914,161.0,40.0,0.00045933647197671235,0
-353563625.0,1491731780.0,608380.0,121.0,200.0,999.0,22322.0,10.0,0.40632060170173645,-0.17916791141033173,2.8365187644958496,-0.23065869510173798,0.14674155414104462,0.16136328876018524,9.999106407165527,9.999105453491211,162.0,39.0,0.004769010003656149,0
-353563625.0,1491731780.0,608380.0,121.0,200.0,999.0,22322.0,10.0,0.40632060170173645,-0.17916791141033173,2.8365187644958496,-0.23065869510173798,0.14674155414104462,0.16136328876018524,9.999106407165527,9.999105453491211,162.0,39.0,0.004769010003656149,0
-353563756.0,1491731630.0,608380.0,121.0,200.0,998.0,22322.0,10.0,0.27397051453590393,-0.15953855216503143,3.0036704540252686,-0.5188661813735962,0.4048333168029785,0.9524048566818237,9.819573402404785,9.819543838500977,172.0,37.0,0.02405226230621338,0
-353563756.0,1491731630.0,608380.0,121.0,200.0,998.0,22322.0,10.0,0.27397051453590393,-0.15953855216503143,3.0036704540252686,-0.5188661813735962,0.4048333168029785,0.9524048566818237,9.819573402404785,9.819543838500977,172.0,37.0,0.02405226230621338,0
-353564013.0,1491731332.0,608380.0,121.0,200.0,955.0,22365.0,10.0,0.1191892996430397,-0.1099386066198349,-2.9753623008728027,-0.31144237518310547,0.30786755681037903,1.225829005241394,9.282147407531738,9.282124519348145,189.0,35.0,0.020557163283228874,0
-353564013.0,1491731332.0,608380.0,121.0,200.0,955.0,22365.0,10.0,0.1191892996430397,-0.1099386066198349,-2.9753623008728027,-0.31144237518310547,0.30786755681037903,1.225829005241394,9.282147407531738,9.282124519348145,189.0,35.0,0.020557163283228874,0
-353564013.0,1491731332.0,608380.0,121.0,200.0,955.0,22365.0,10.0,0.1191892996430397,-0.1099386066198349,-2.9753623008728027,-0.31144237518310547,0.30786755681037903,1.225829005241394,9.282147407531738,9.282124519348145,189.0,35.0,0.020557163283228874,0
-353564133.0,1491731189.0,608390.0,121.0,200.0,903.0,22431.0,10.0,0.03930502012372017,-0.10459856688976288,-2.6691765785217285,-0.14393775165081024,0.0021287850104272366,1.181972622871399,8.53293514251709,8.53293514251709,207.0,35.0,-0.0009114255080930889,0
-353564133.0,1491731189.0,608390.0,121.0,200.0,903.0,22431.0,10.0,0.03930502012372017,-0.10459856688976288,-2.6691765785217285,-0.14393775165081024,0.0021287850104272366,1.181972622871399,8.53293514251709,8.53293514251709,207.0,35.0,-0.0009114255080930889,0
-353564245.0,1491731054.0,608390.0,121.0,200.0,843.0,22498.0,10.0,-0.01864043064415455,-0.11131122708320618,-2.397214412689209,-0.07781223952770233,-0.001041641691699624,0.8978092074394226,7.794919967651367,7.794911861419678,222.0,35.0,-0.011590096168220043,0
-353564245.0,1491731054.0,608390.0,121.0,200.0,843.0,22498.0,10.0,-0.01864043064415455,-0.11131122708320618,-2.397214412689209,-0.07781223952770233,-0.001041641691699624,0.8978092074394226,7.794919967651367,7.794911861419678,222.0,35.0,-0.011590096168220043,0
-353564348.0,1491730927.0,608380.0,121.0,200.0,784.0,22519.0,10.0,-0.03424210473895073,-0.09834962338209152,-2.291123390197754,0.031763333827257156,0.076775923371315,0.052574921399354935,7.160488605499268,7.160472393035889,228.0,35.0,-0.015020170249044895,0
-353564348.0,1491730927.0,608380.0,121.0,200.0,784.0,22519.0,10.0,-0.03424210473895073,-0.09834962338209152,-2.291123390197754,0.031763333827257156,0.076775923371315,0.052574921399354935,7.160488605499268,7.160472393035889,228.0,35.0,-0.015020170249044895,0
-353564535.0,1491730700.0,608380.0,121.0,200.0,682.0,22430.0,10.0,-0.01891854591667652,-0.07094744592905045,-2.3319287300109863,0.04320642724633217,0.13926079869270325,-0.2293892353773117,6.582839488983154,6.582822799682617,226.0,35.0,-0.01478786114603281,0
-353564535.0,1491730700.0,608380.0,121.0,200.0,682.0,22430.0,10.0,-0.01891854591667652,-0.07094744592905045,-2.3319287300109863,0.04320642724633217,0.13926079869270325,-0.2293892353773117,6.582839488983154,6.582822799682617,226.0,35.0,-0.01478786114603281,0
-353564535.0,1491730700.0,608380.0,121.0,200.0,682.0,22430.0,10.0,-0.01891854591667652,-0.07094744592905045,-2.3319287300109863,0.04320642724633217,0.13926079869270325,-0.2293892353773117,6.582839488983154,6.582822799682617,226.0,35.0,-0.01478786114603281,0
-353564619.0,1491730599.0,608370.0,121.0,200.0,635.0,22389.0,10.0,-0.010502461344003677,-0.03251513093709946,-2.3778629302978516,0.00742675457149744,0.16728141903877258,-0.11279113590717316,6.012905120849609,6.012889862060547,223.0,36.0,-0.01336998213082552,0
-353564619.0,1491730599.0,608370.0,121.0,200.0,635.0,22389.0,10.0,-0.010502461344003677,-0.03251513093709946,-2.3778629302978516,0.00742675457149744,0.16728141903877258,-0.11279113590717316,6.012905120849609,6.012889862060547,223.0,36.0,-0.01336998213082552,0
-353564699.0,1491730506.0,608370.0,121.0,200.0,589.0,22364.0,10.0,-0.010253172367811203,0.01030715275555849,-2.3896331787109375,-0.0056705777533352375,0.17704921960830688,0.002912683179602027,5.431578159332275,5.431568145751953,223.0,36.0,-0.010605236515402794,0
-353564699.0,1491730506.0,608370.0,121.0,200.0,589.0,22364.0,10.0,-0.010253172367811203,0.01030715275555849,-2.3896331787109375,-0.0056705777533352375,0.17704921960830688,0.002912683179602027,5.431578159332275,5.431568145751953,223.0,36.0,-0.010605236515402794,0
-353564773.0,1491730420.0,608370.0,121.0,200.0,542.0,22343.0,10.0,-0.00998016633093357,0.054680466651916504,-2.3852334022521973,0.00441846763715148,0.17735829949378967,0.028025750070810318,4.83080530166626,4.8308024406433105,223.0,36.0,-0.005992065649479628,0
-353564773.0,1491730420.0,608370.0,121.0,200.0,542.0,22343.0,10.0,-0.00998016633093357,0.054680466651916504,-2.3852334022521973,0.00441846763715148,0.17735829949378967,0.028025750070810318,4.83080530166626,4.8308024406433105,223.0,36.0,-0.005992065649479628,0
-353564902.0,1491730271.0,608360.0,121.0,200.0,444.0,22295.0,10.0,-0.007798945065587759,0.09820221364498138,-2.380824565887451,0.010530815459787846,0.1712348312139511,0.014685101807117462,4.20723295211792,4.20723295211792,223.0,36.0,-2.662419865373522e-05,0
-353564902.0,1491730271.0,608360.0,121.0,200.0,444.0,22295.0,10.0,-0.007798945065587759,0.09820221364498138,-2.380824565887451,0.010530815459787846,0.1712348312139511,0.014685101807117462,4.20723295211792,4.20723295211792,223.0,36.0,-2.662419865373522e-05,0
-353564957.0,1491730208.0,608360.0,121.0,200.0,393.0,22269.0,10.0,-0.005187350790947676,0.1388002634048462,-2.379807949066162,0.009855259209871292,0.155731663107872,0.0031586079858243465,3.561656951904297,3.561652183532715,223.0,36.0,0.005817248485982418,0
-353564957.0,1491730208.0,608360.0,121.0,200.0,393.0,22269.0,10.0,-0.005187350790947676,0.1388002634048462,-2.379807949066162,0.009855259209871292,0.155731663107872,0.0031586079858243465,3.561656951904297,3.561652183532715,223.0,36.0,0.005817248485982418,0
-353565005.0,1491730154.0,608360.0,121.0,200.0,340.0,22241.0,10.0,-0.0027909339405596256,0.17504854500293732,-2.3802666664123535,0.009321395307779312,0.13601243495941162,0.00039307307451963425,2.895064353942871,2.895045757293701,223.0,37.0,0.010321488603949547,0
-353565005.0,1491730154.0,608360.0,121.0,200.0,340.0,22241.0,10.0,-0.0027909339405596256,0.17504854500293732,-2.3802666664123535,0.009321395307779312,0.13601243495941162,0.00039307307451963425,2.895064353942871,2.895045757293701,223.0,37.0,0.010321488603949547,0
-353565047.0,1491730107.0,608360.0,121.0,200.0,287.0,22210.0,10.0,-0.0012535828864201903,0.20655274391174316,-2.3806283473968506,0.007218542974442244,0.11463489383459091,0.001367937307804823,2.217120885848999,2.2170817852020264,223.0,37.0,0.013143138028681278,0
-353565047.0,1491730107.0,608360.0,121.0,200.0,287.0,22210.0,10.0,-0.0012535828864201903,0.20655274391174316,-2.3806283473968506,0.007218542974442244,0.11463489383459091,0.001367937307804823,2.217120885848999,2.2170817852020264,223.0,37.0,0.013143138028681278,0
-353565110.0,1491730039.0,608360.0,121.0,200.0,177.0,22125.0,10.0,0.0002324453671462834,0.23320400714874268,-2.3806064128875732,0.003457101993262768,0.09960343688726425,0.0022538024932146072,1.5307389497756958,1.5306750535964966,223.0,37.0,0.013976635411381721,0
-353565110.0,1491730039.0,608360.0,121.0,200.0,177.0,22125.0,10.0,0.0002324453671462834,0.23320400714874268,-2.3806064128875732,0.003457101993262768,0.09960343688726425,0.0022538024932146072,1.5307389497756958,1.5306750535964966,223.0,37.0,0.013976635411381721,0
-353565110.0,1491730039.0,608360.0,121.0,200.0,177.0,22125.0,10.0,0.0002324453671462834,0.23320400714874268,-2.3806064128875732,0.003457101993262768,0.09960343688726425,0.0022538024932146072,1.5307389497756958,1.5306750535964966,223.0,37.0,0.013976635411381721,0
-353565130.0,1491730017.0,608360.0,121.0,200.0,122.0,22040.0,10.0,0.0010419245809316635,0.23233456909656525,-2.380526304244995,0.002106297994032502,-0.19436457753181458,0.001541363773867488,0.8536157011985779,0.8534975051879883,223.0,37.0,0.014207733795046806,0
-353565130.0,1491730017.0,608360.0,121.0,200.0,122.0,22040.0,10.0,0.0010419245809316635,0.23233456909656525,-2.380526304244995,0.002106297994032502,-0.19436457753181458,0.001541363773867488,0.8536157011985779,0.8534975051879883,223.0,37.0,0.014207733795046806,0
-353565143.0,1491730003.0,608360.0,121.0,200.0,71.0,21851.0,10.0,0.0009340706164948642,0.14887085556983948,-2.3806583881378174,-0.0025304770097136497,-0.36576491594314575,0.0016340222209692001,0.34572070837020874,0.34535399079322815,223.0,36.0,0.015920115634799004,0
-353565143.0,1491730003.0,608360.0,121.0,200.0,71.0,21851.0,10.0,0.0009340706164948642,0.14887085556983948,-2.3806583881378174,-0.0025304770097136497,-0.36576491594314575,0.0016340222209692001,0.34572070837020874,0.34535399079322815,223.0,36.0,0.015920115634799004,0
-353565150.0,1491729997.0,608360.0,121.0,200.0,31.0,21260.0,10.0,0.0006807703175581992,0.07445663213729858,-2.380791425704956,-0.0045345984399318695,-0.22686602175235748,0.0016112837474793196,0.09366178512573242,0.09299501031637192,223.0,36.0,0.01115601509809494,0
-353565150.0,1491729997.0,608360.0,121.0,200.0,31.0,21260.0,10.0,0.0006807703175581992,0.07445663213729858,-2.380791425704956,-0.0045345984399318695,-0.22686602175235748,0.0016112837474793196,0.09366178512573242,0.09299501031637192,223.0,36.0,0.01115601509809494,0
-353565154.0,1491729997.0,608370.0,121.0,200.0,10.0,8077.0,10.0,8.156477997545153e-05,0.034847989678382874,-2.3807241916656494,-0.0018781519029289484,-0.11038897186517715,0.0016533322632312775,0.08493397384881973,0.08473493903875351,223.0,36.0,0.0058111888356506824,0
-353565154.0,1491729997.0,608370.0,121.0,200.0,10.0,8077.0,10.0,8.156477997545153e-05,0.034847989678382874,-2.3807241916656494,-0.0018781519029289484,-0.11038897186517715,0.0016533322632312775,0.08493397384881973,0.08473493903875351,223.0,36.0,0.0058111888356506824,0
-353565154.0,1491729999.0,608370.0,121.0,200.0,16.0,6710.0,10.0,-9.21238461160101e-05,0.01678459905087948,-2.3805224895477295,0.0026794476434588432,-0.047977857291698456,0.0012010778300464153,0.12747107446193695,0.12742078304290771,223.0,36.0,0.0035801255144178867,0
-353565154.0,1491729999.0,608370.0,121.0,200.0,16.0,6710.0,10.0,-9.21238461160101e-05,0.01678459905087948,-2.3805224895477295,0.0026794476434588432,-0.047977857291698456,0.0012010778300464153,0.12747107446193695,0.12742078304290771,223.0,36.0,0.0035801255144178867,0
-353565153.0,1491730003.0,608370.0,121.0,200.0,19.0,6456.0,10.0,0.0016601788811385632,0.009453418664634228,-2.3804244995117188,0.008220726624131203,-0.020863017067313194,0.0002682437188923359,0.14773209393024445,0.1476985365152359,223.0,36.0,0.0031487904489040375,0
-353565153.0,1491730003.0,608370.0,121.0,200.0,19.0,6456.0,10.0,0.0016601788811385632,0.009453418664634228,-2.3804244995117188,0.008220726624131203,-0.020863017067313194,0.0002682437188923359,0.14773209393024445,0.1476985365152359,223.0,36.0,0.0031487904489040375,0
-353565151.0,1491730007.0,608370.0,121.0,200.0,21.0,6406.0,10.0,0.0032513774931430817,0.006151491776108742,-2.380474090576172,0.005623881705105305,-0.009865288622677326,0.00048220856115221977,0.1564510315656662,0.15637458860874176,223.0,36.0,0.0048903427086770535,0
-353565151.0,1491730007.0,608370.0,121.0,200.0,21.0,6406.0,10.0,0.0032513774931430817,0.006151491776108742,-2.380474090576172,0.005623881705105305,-0.009865288622677326,0.00048220856115221977,0.1564510315656662,0.15637458860874176,223.0,36.0,0.0048903427086770535,0
-353565148.0,1491730015.0,608370.0,121.0,200.0,21.0,6357.0,10.0,0.004126437474042177,0.004484342411160469,-2.38049578666687,0.0045639947056770325,-0.0036591284442692995,0.0006083075422793627,0.15944868326187134,0.1593308448791504,223.0,36.0,0.006129336543381214,0
-353565148.0,1491730015.0,608370.0,121.0,200.0,21.0,6357.0,10.0,0.004126437474042177,0.004484342411160469,-2.38049578666687,0.0045639947056770325,-0.0036591284442692995,0.0006083075422793627,0.15944868326187134,0.1593308448791504,223.0,36.0,0.006129336543381214,0
-353565148.0,1491730015.0,608370.0,121.0,200.0,21.0,6357.0,10.0,0.004126437474042177,0.004484342411160469,-2.38049578666687,0.0045639947056770325,-0.0036591284442692995,0.0006083075422793627,0.15944868326187134,0.1593308448791504,223.0,36.0,0.006129336543381214,0
-353565146.0,1491730020.0,608370.0,121.0,200.0,21.0,6326.0,10.0,0.004719844553619623,0.003510809503495693,-2.3805930614471436,0.002228998579084873,-0.003183735767379403,0.0006975266151130199,0.16079968214035034,0.16066405177116394,223.0,36.0,0.00660337321460247,0
-353565146.0,1491730020.0,608370.0,121.0,200.0,21.0,6326.0,10.0,0.004719844553619623,0.003510809503495693,-2.3805930614471436,0.002228998579084873,-0.003183735767379403,0.0006975266151130199,0.16079968214035034,0.16066405177116394,223.0,36.0,0.00660337321460247,0
-353565145.0,1491730023.0,608370.0,121.0,200.0,20.0,6285.0,10.0,0.0051988642662763596,0.002590964315459132,-2.38061261177063,0.002366818254813552,-0.002677728421986103,0.0009693186730146408,0.16009394824504852,0.15995217859745026,223.0,36.0,0.006735634990036488,0
-353565145.0,1491730023.0,608370.0,121.0,200.0,20.0,6285.0,10.0,0.0051988642662763596,0.002590964315459132,-2.38061261177063,0.002366818254813552,-0.002677728421986103,0.0009693186730146408,0.16009394824504852,0.15995217859745026,223.0,36.0,0.006735634990036488,0
-353565143.0,1491730028.0,608370.0,121.0,200.0,20.0,6236.0,10.0,0.005650053266435862,0.0016584888799116015,-2.3808658123016357,0.004482747986912727,-0.003501131199300289,0.0009025579784065485,0.15722443163394928,0.15707869827747345,223.0,36.0,0.006768311373889446,0
-353565143.0,1491730028.0,608370.0,121.0,200.0,20.0,6236.0,10.0,0.005650053266435862,0.0016584888799116015,-2.3808658123016357,0.004482747986912727,-0.003501131199300289,0.0009025579784065485,0.15722443163394928,0.15707869827747345,223.0,36.0,0.006768311373889446,0
-353565140.0,1491730035.0,608370.0,121.0,200.0,18.0,6107.0,10.0,0.006215827539563179,0.0010086997644975781,-2.380905866622925,0.004098200239241123,-0.0018952556420117617,0.0019863350316882133,0.15306833386421204,0.15293148159980774,223.0,36.0,0.006471087224781513,0
-353565140.0,1491730035.0,608370.0,121.0,200.0,18.0,6107.0,10.0,0.006215827539563179,0.0010086997644975781,-2.380905866622925,0.004098200239241123,-0.0018952556420117617,0.0019863350316882133,0.15306833386421204,0.15293148159980774,223.0,36.0,0.006471087224781513,0
-353565138.0,1491730038.0,608370.0,121.0,200.0,17.0,6015.0,10.0,0.006426054518669844,-5.487648013513535e-05,-2.3809831142425537,0.0003886288031935692,-0.004502288531512022,0.002035611541941762,0.14782501757144928,0.14771585166454315,223.0,36.0,0.005679708439856768,0
-353565138.0,1491730038.0,608370.0,121.0,200.0,17.0,6015.0,10.0,0.006426054518669844,-5.487648013513535e-05,-2.3809831142425537,0.0003886288031935692,-0.004502288531512022,0.002035611541941762,0.14782501757144928,0.14771585166454315,223.0,36.0,0.005679708439856768,0
-353565137.0,1491730041.0,608370.0,121.0,200.0,15.0,5905.0,10.0,0.006558571942150593,-0.000928164052311331,-2.380995273590088,0.000211730832234025,-0.0020904154516756535,0.001973504666239023,0.14040639996528625,0.14031396806240082,223.0,36.0,0.005094291642308235,0
-353565137.0,1491730041.0,608370.0,121.0,200.0,15.0,5905.0,10.0,0.006558571942150593,-0.000928164052311331,-2.380995273590088,0.000211730832234025,-0.0020904154516756535,0.001973504666239023,0.14040639996528625,0.14031396806240082,223.0,36.0,0.005094291642308235,0
-353565135.0,1491730044.0,608370.0,121.0,200.0,14.0,5776.0,10.0,0.0064820796251297,-0.0013855844736099243,-2.381263256072998,0.004132482223212719,-0.0004264682065695524,0.0015322696417570114,0.13210724294185638,0.13201381266117096,223.0,36.0,0.004967475309967995,0
-353565135.0,1491730044.0,608370.0,121.0,200.0,14.0,5776.0,10.0,0.0064820796251297,-0.0013855844736099243,-2.381263256072998,0.004132482223212719,-0.0004264682065695524,0.0015322696417570114,0.13210724294185638,0.13201381266117096,223.0,36.0,0.004967475309967995,0
-353565132.0,1491730050.0,608380.0,121.0,200.0,11.0,5455.0,10.0,0.006469947285950184,-0.0015021535800769925,-2.381402015686035,0.00010152580216526985,-5.7334545999765396e-05,0.0016129594296216965,0.12436512857675552,0.1242998018860817,223.0,36.0,0.004030556418001652,0
-353565132.0,1491730050.0,608380.0,121.0,200.0,11.0,5455.0,10.0,0.006469947285950184,-0.0015021535800769925,-2.381402015686035,0.00010152580216526985,-5.7334545999765396e-05,0.0016129594296216965,0.12436512857675552,0.1242998018860817,223.0,36.0,0.004030556418001652,0
-353565132.0,1491730050.0,608380.0,121.0,200.0,11.0,5455.0,10.0,0.006469947285950184,-0.0015021535800769925,-2.381402015686035,0.00010152580216526985,-5.7334545999765396e-05,0.0016129594296216965,0.12436512857675552,0.1242998018860817,223.0,36.0,0.004030556418001652,0
-353565131.0,1491730051.0,608380.0,121.0,200.0,10.0,5237.0,10.0,0.006163135636597872,-0.0015600017504766583,-2.3815925121307373,-0.00136132026091218,0.00016175792552530766,0.0016390408854931593,0.11697003245353699,0.11692699790000916,223.0,36.0,0.003173326374962926,0
-353565131.0,1491730051.0,608380.0,121.0,200.0,10.0,5237.0,10.0,0.006163135636597872,-0.0015600017504766583,-2.3815925121307373,-0.00136132026091218,0.00016175792552530766,0.0016390408854931593,0.11697003245353699,0.11692699790000916,223.0,36.0,0.003173326374962926,0
-353565130.0,1491730053.0,608380.0,121.0,200.0,9.0,4973.0,10.0,0.005671782419085503,-0.0015900714788585901,-2.381756067276001,-0.0016376541461795568,0.00031405803747475147,0.0017484878189861774,0.11002601683139801,0.10999689251184464,223.0,36.0,0.0025313699152320623,0
-353565130.0,1491730053.0,608380.0,121.0,200.0,9.0,4973.0,10.0,0.005671782419085503,-0.0015900714788585901,-2.381756067276001,-0.0016376541461795568,0.00031405803747475147,0.0017484878189861774,0.11002601683139801,0.10999689251184464,223.0,36.0,0.0025313699152320623,0
-353565129.0,1491730054.0,608380.0,121.0,200.0,7.0,4664.0,10.0,0.005338283255696297,-0.0014334169682115316,-2.381890296936035,-0.00013900711201131344,0.0029634053353220224,0.002004842972382903,0.10350590944290161,0.10348851978778839,223.0,36.0,0.0018973569385707378,0
-353565129.0,1491730054.0,608380.0,121.0,200.0,7.0,4664.0,10.0,0.005338283255696297,-0.0014334169682115316,-2.381890296936035,-0.00013900711201131344,0.0029634053353220224,0.002004842972382903,0.10350590944290161,0.10348851978778839,223.0,36.0,0.0018973569385707378,0
-353565127.0,1491730056.0,608380.0,121.0,200.0,5.0,3862.0,10.0,0.004849121440201998,-0.0006567772361449897,-2.381932020187378,-0.0016332878731191158,0.004386593122035265,0.0019854805432260036,0.09828782081604004,0.09828051179647446,223.0,36.0,0.0011993411462754011,0
-353565127.0,1491730056.0,608380.0,121.0,200.0,5.0,3862.0,10.0,0.004849121440201998,-0.0006567772361449897,-2.381932020187378,-0.0016332878731191158,0.004386593122035265,0.0019854805432260036,0.09828782081604004,0.09828051179647446,223.0,36.0,0.0011993411462754011,0
-353565126.0,1491730057.0,608380.0,121.0,200.0,5.0,3360.0,10.0,0.004219511058181524,0.0002641033788677305,-2.3820347785949707,-0.0037961446214467287,0.0044673774391412735,0.0020326750818639994,0.09366735070943832,0.09366361051797867,223.0,36.0,0.0008373860036954284,0
-353565126.0,1491730057.0,608380.0,121.0,200.0,5.0,3360.0,10.0,0.004219511058181524,0.0002641033788677305,-2.3820347785949707,-0.0037961446214467287,0.0044673774391412735,0.0020326750818639994,0.09366735070943832,0.09366361051797867,223.0,36.0,0.0008373860036954284,0
-353565126.0,1491730058.0,608380.0,121.0,200.0,4.0,2840.0,10.0,0.003694521263241768,0.0010133315809071064,-2.3820602893829346,-0.0007817212026566267,0.0028668150771409273,0.0017241020686924458,0.09033669531345367,0.09033645689487457,223.0,36.0,0.0002106194879161194,0
-353565126.0,1491730058.0,608380.0,121.0,200.0,4.0,2840.0,10.0,0.003694521263241768,0.0010133315809071064,-2.3820602893829346,-0.0007817212026566267,0.0028668150771409273,0.0017241020686924458,0.09033669531345367,0.09033645689487457,223.0,36.0,0.0002106194879161194,0
-353565126.0,1491730058.0,608380.0,121.0,200.0,4.0,2840.0,10.0,0.003694521263241768,0.0010133315809071064,-2.3820602893829346,-0.0007817212026566267,0.0028668150771409273,0.0017241020686924458,0.09033669531345367,0.09033645689487457,223.0,36.0,0.0002106194879161194,0
-353565125.0,1491730058.0,608380.0,121.0,200.0,3.0,2348.0,10.0,0.003232665127143264,0.0014646522467955947,-2.3820137977600098,-0.0012061872985213995,0.0019224451389163733,0.001989533891901374,0.08724072575569153,0.08724071830511093,223.0,36.0,-1.609743594599422e-05,0
-353565125.0,1491730058.0,608380.0,121.0,200.0,3.0,2348.0,10.0,0.003232665127143264,0.0014646522467955947,-2.3820137977600098,-0.0012061872985213995,0.0019224451389163733,0.001989533891901374,0.08724072575569153,0.08724071830511093,223.0,36.0,-1.609743594599422e-05,0
-353565124.0,1491730059.0,608380.0,121.0,200.0,3.0,1547.0,10.0,0.003113631159067154,0.0017602036241441965,-2.381930351257324,0.0016674422658979893,0.0023334159050136805,0.001981185982003808,0.08456659317016602,0.0845661610364914,223.0,36.0,-0.00027083029272034764,0
-353565124.0,1491730059.0,608380.0,121.0,200.0,3.0,1547.0,10.0,0.003113631159067154,0.0017602036241441965,-2.381930351257324,0.0016674422658979893,0.0023334159050136805,0.001981185982003808,0.08456659317016602,0.0845661610364914,223.0,36.0,-0.00027083029272034764,0
-353565123.0,1491730059.0,608390.0,121.0,200.0,3.0,1222.0,10.0,0.0028902410995215178,0.0024326960556209087,-2.3818342685699463,-0.0010999685619026423,0.00276001519523561,0.0019647625740617514,0.0823482945561409,0.08234751224517822,223.0,36.0,-0.0003568071697372943,0
-353565123.0,1491730059.0,608390.0,121.0,200.0,3.0,1222.0,10.0,0.0028902410995215178,0.0024326960556209087,-2.3818342685699463,-0.0010999685619026423,0.00276001519523561,0.0019647625740617514,0.0823482945561409,0.08234751224517822,223.0,36.0,-0.0003568071697372943,0
-353565123.0,1491730059.0,608390.0,121.0,200.0,3.0,979.0,10.0,0.0025291561614722013,0.002603275701403618,-2.381798028945923,-0.0005149214994162321,-0.0006336215883493423,0.0013970183208584785,0.08109807223081589,0.0810900330543518,223.0,36.0,-0.0011418401263654232,0
-353565123.0,1491730059.0,608390.0,121.0,200.0,3.0,979.0,10.0,0.0025291561614722013,0.002603275701403618,-2.381798028945923,-0.0005149214994162321,-0.0006336215883493423,0.0013970183208584785,0.08109807223081589,0.0810900330543518,223.0,36.0,-0.0011418401263654232,0
-353565122.0,1491730059.0,608390.0,121.0,200.0,3.0,849.0,10.0,0.0020862589590251446,0.0023647097405046225,-2.3817412853240967,-0.0017653185641393065,-0.00015045586042106152,0.0014981187414377928,0.0795319676399231,0.07951982319355011,223.0,36.0,-0.0013895073207095265,0
-353565122.0,1491730059.0,608390.0,121.0,200.0,3.0,849.0,10.0,0.0020862589590251446,0.0023647097405046225,-2.3817412853240967,-0.0017653185641393065,-0.00015045586042106152,0.0014981187414377928,0.0795319676399231,0.07951982319355011,223.0,36.0,-0.0013895073207095265,0
-353565121.0,1491730059.0,608390.0,121.0,200.0,3.0,753.0,10.0,0.0018416515085846186,0.0019043644424527884,-2.3817248344421387,0.0005445631686598063,-0.0012727777939289808,0.0011449824087321758,0.07682161778211594,0.07679513096809387,223.0,36.0,-0.0020171599462628365,0
-353565121.0,1491730059.0,608390.0,121.0,200.0,3.0,753.0,10.0,0.0018416515085846186,0.0019043644424527884,-2.3817248344421387,0.0005445631686598063,-0.0012727777939289808,0.0011449824087321758,0.07682161778211594,0.07679513096809387,223.0,36.0,-0.0020171599462628365,0
-353565121.0,1491730059.0,608390.0,121.0,200.0,3.0,753.0,10.0,0.0018416515085846186,0.0019043644424527884,-2.3817248344421387,0.0005445631686598063,-0.0012727777939289808,0.0011449824087321758,0.07682161778211594,0.07679513096809387,223.0,36.0,-0.0020171599462628365,0
-353565120.0,1491730059.0,608390.0,121.0,200.0,2.0,705.0,10.0,0.0017764604417607188,0.001583741162903607,-2.3817977905273438,-0.0012314694467931986,-0.001530929235741496,0.0004975211340934038,0.07318945229053497,0.0731610357761383,223.0,36.0,-0.002039317274466157,0
-353565120.0,1491730059.0,608390.0,121.0,200.0,2.0,705.0,10.0,0.0017764604417607188,0.001583741162903607,-2.3817977905273438,-0.0012314694467931986,-0.001530929235741496,0.0004975211340934038,0.07318945229053497,0.0731610357761383,223.0,36.0,-0.002039317274466157,0
-353565120.0,1491730059.0,608390.0,121.0,200.0,2.0,607.0,10.0,0.0013197591761127114,0.0016933854203671217,-2.3819217681884766,-0.002040453255176544,0.000936996191740036,0.0010061401408165693,0.06949262320995331,0.06946097314357758,223.0,36.0,-0.0020971635822206736,0
-353565120.0,1491730059.0,608390.0,121.0,200.0,2.0,607.0,10.0,0.0013197591761127114,0.0016933854203671217,-2.3819217681884766,-0.002040453255176544,0.000936996191740036,0.0010061401408165693,0.06949262320995331,0.06946097314357758,223.0,36.0,-0.0020971635822206736,0
-353565119.0,1491730059.0,608390.0,121.0,200.0,2.0,557.0,10.0,0.0012729779118672013,0.0017345090163871646,-2.38191294670105,0.00027344166301190853,0.0006728803273290396,0.0009903779719024897,0.06614288687705994,0.06608524173498154,223.0,36.0,-0.002760770730674267,0
-353565119.0,1491730059.0,608390.0,121.0,200.0,2.0,557.0,10.0,0.0012729779118672013,0.0017345090163871646,-2.38191294670105,0.00027344166301190853,0.0006728803273290396,0.0009903779719024897,0.06614288687705994,0.06608524173498154,223.0,36.0,-0.002760770730674267,0
-353565119.0,1491730059.0,608390.0,121.0,200.0,2.0,688.0,10.0,0.0008679749444127083,0.001743772067129612,-2.381890058517456,-0.0009204319212585688,0.0005663104820996523,0.0010074067395180464,0.06301093101501465,0.0629306510090828,223.0,36.0,-0.00317975296638906,0
-353565119.0,1491730059.0,608390.0,121.0,200.0,2.0,688.0,10.0,0.0008679749444127083,0.001743772067129612,-2.381890058517456,-0.0009204319212585688,0.0005663104820996523,0.0010074067395180464,0.06301093101501465,0.0629306510090828,223.0,36.0,-0.00317975296638906,0
-353565119.0,1491730059.0,608390.0,121.0,200.0,2.0,688.0,10.0,0.0008679749444127083,0.001743772067129612,-2.381890058517456,-0.0009204319212585688,0.0005663104820996523,0.0010074067395180464,0.06301093101501465,0.0629306510090828,223.0,36.0,-0.00317975296638906,0
-353565119.0,1491730059.0,608390.0,121.0,200.0,1.0,913.0,10.0,0.0007135613705031574,0.0015776586951687932,-2.381870746612549,0.0012697894126176834,-0.0002587104681879282,0.0011540965642780066,0.05852639302611351,0.0584370419383049,223.0,36.0,-0.003232742892578244,0
-353565119.0,1491730059.0,608390.0,121.0,200.0,1.0,913.0,10.0,0.0007135613705031574,0.0015776586951687932,-2.381870746612549,0.0012697894126176834,-0.0002587104681879282,0.0011540965642780066,0.05852639302611351,0.0584370419383049,223.0,36.0,-0.003232742892578244,0
-353565118.0,1491730059.0,608390.0,121.0,200.0,1.0,1235.0,10.0,0.0008495853398926556,0.0016877757152542472,-2.381913423538208,0.0008425342384725809,0.00039603235200047493,0.00045642233453691006,0.05468044802546501,0.054587118327617645,223.0,36.0,-0.003193441778421402,0
-353565118.0,1491730059.0,608390.0,121.0,200.0,1.0,1235.0,10.0,0.0008495853398926556,0.0016877757152542472,-2.381913423538208,0.0008425342384725809,0.00039603235200047493,0.00045642233453691006,0.05468044802546501,0.054587118327617645,223.0,36.0,-0.003193441778421402,0
-353565118.0,1491730059.0,608390.0,121.0,200.0,1.0,1591.0,10.0,0.00102769595105201,0.0019205939024686813,-2.3819475173950195,0.00043133622966706753,0.0018005229067057371,0.001096528023481369,0.0520104244351387,0.05191383510828018,223.0,36.0,-0.003168374765664339,0
-353565118.0,1491730059.0,608390.0,121.0,200.0,1.0,1591.0,10.0,0.00102769595105201,0.0019205939024686813,-2.3819475173950195,0.00043133622966706753,0.0018005229067057371,0.001096528023481369,0.0520104244351387,0.05191383510828018,223.0,36.0,-0.003168374765664339,0
-353565118.0,1491730059.0,608380.0,121.0,200.0,1.0,2316.0,10.0,0.0010699005797505379,0.0023208961356431246,-2.381880283355713,0.0003009773790836334,0.003822721540927887,0.0004683795850723982,0.05061224848031998,0.05051799118518829,223.0,36.0,-0.003087459597736597,0
-353565118.0,1491730059.0,608380.0,121.0,200.0,1.0,2316.0,10.0,0.0010699005797505379,0.0023208961356431246,-2.381880283355713,0.0003009773790836334,0.003822721540927887,0.0004683795850723982,0.05061224848031998,0.05051799118518829,223.0,36.0,-0.003087459597736597,0
-353565117.0,1491730059.0,608380.0,121.0,200.0,1.0,2699.0,10.0,0.0012438184348866343,0.0026051474269479513,-2.3819751739501953,0.0017302182968705893,0.00018706242553889751,0.00032923859544098377,0.049469705671072006,0.04934728145599365,223.0,36.0,-0.003478214144706726,0
-353565117.0,1491730059.0,608380.0,121.0,200.0,1.0,2699.0,10.0,0.0012438184348866343,0.0026051474269479513,-2.3819751739501953,0.0017302182968705893,0.00018706242553889751,0.00032923859544098377,0.049469705671072006,0.04934728145599365,223.0,36.0,-0.003478214144706726,0
-353565117.0,1491730060.0,608380.0,121.0,200.0,1.0,3007.0,10.0,0.001402026042342186,0.002408978994935751,-2.3819425106048584,0.00041385856457054615,0.00021939841099083424,0.0006203753873705864,0.049313321709632874,0.04923023656010628,223.0,36.0,-0.0028613714966923,0
-353565117.0,1491730060.0,608380.0,121.0,200.0,1.0,3007.0,10.0,0.001402026042342186,0.002408978994935751,-2.3819425106048584,0.00041385856457054615,0.00021939841099083424,0.0006203753873705864,0.049313321709632874,0.04923023656010628,223.0,36.0,-0.0028613714966923,0
-353565117.0,1491730060.0,608380.0,121.0,200.0,1.0,3007.0,10.0,0.001402026042342186,0.002408978994935751,-2.3819425106048584,0.00041385856457054615,0.00021939841099083424,0.0006203753873705864,0.049313321709632874,0.04923023656010628,223.0,36.0,-0.0028613714966923,0
-353565117.0,1491730060.0,608380.0,121.0,200.0,1.0,3134.0,10.0,0.0014494367642328143,0.001856073155067861,-2.3820712566375732,0.0006609878037124872,-0.0012218160554766655,0.00030763307586312294,0.048566784709692,0.048503194004297256,223.0,36.0,-0.0024844794534146786,0
-353565117.0,1491730060.0,608380.0,121.0,200.0,1.0,3134.0,10.0,0.0014494367642328143,0.001856073155067861,-2.3820712566375732,0.0006609878037124872,-0.0012218160554766655,0.00030763307586312294,0.048566784709692,0.048503194004297256,223.0,36.0,-0.0024844794534146786,0
-353565116.0,1491730060.0,608380.0,121.0,200.0,1.0,3054.0,10.0,0.0015385866863653064,0.0016751012299209833,-2.3819777965545654,0.00036933948285877705,0.0009160488843917847,0.0007694801315665245,0.047362327575683594,0.04733617603778839,223.0,36.0,-0.0015736178029328585,0
-353565116.0,1491730060.0,608380.0,121.0,200.0,1.0,3054.0,10.0,0.0015385866863653064,0.0016751012299209833,-2.3819777965545654,0.00036933948285877705,0.0009160488843917847,0.0007694801315665245,0.047362327575683594,0.04733617603778839,223.0,36.0,-0.0015736178029328585,0
-353565116.0,1491730060.0,608380.0,121.0,200.0,1.0,2886.0,10.0,0.0015351453330367804,0.0015171727864071727,-2.382077217102051,0.0002955829259008169,-0.002036068122833967,-0.00022953958250582218,0.04580879211425781,0.04579179733991623,223.0,36.0,-0.0012476680567488074,0
-353565116.0,1491730060.0,608380.0,121.0,200.0,1.0,2886.0,10.0,0.0015351453330367804,0.0015171727864071727,-2.382077217102051,0.0002955829259008169,-0.002036068122833967,-0.00022953958250582218,0.04580879211425781,0.04579179733991623,223.0,36.0,-0.0012476680567488074,0
-353565116.0,1491730060.0,608380.0,121.0,200.0,1.0,2686.0,10.0,0.001209970097988844,0.0014267455553635955,-2.3821377754211426,-0.0021923608146607876,0.00028469692915678024,0.0009943482000380754,0.04424799978733063,0.0442376434803009,223.0,36.0,-0.0009572352282702923,0
-353565116.0,1491730060.0,608380.0,121.0,200.0,1.0,2686.0,10.0,0.001209970097988844,0.0014267455553635955,-2.3821377754211426,-0.0021923608146607876,0.00028469692915678024,0.0009943482000380754,0.04424799978733063,0.0442376434803009,223.0,36.0,-0.0009572352282702923,0
-353565116.0,1491730061.0,608380.0,121.0,200.0,1.0,2560.0,10.0,0.0008360487991012633,0.0013007287634536624,-2.3821218013763428,0.0006809462793171406,0.0004403437487781048,-0.00011844118125736713,0.042253442108631134,0.042248208075761795,223.0,36.0,-0.000665239233057946,0
-353565116.0,1491730061.0,608380.0,121.0,200.0,1.0,2560.0,10.0,0.0008360487991012633,0.0013007287634536624,-2.3821218013763428,0.0006809462793171406,0.0004403437487781048,-0.00011844118125736713,0.042253442108631134,0.042248208075761795,223.0,36.0,-0.000665239233057946,0
-353565115.0,1491730062.0,608380.0,121.0,200.0,1.0,2852.0,10.0,0.0011748867109417915,0.0014249439118430018,-2.3822453022003174,0.00367833417840302,0.0011879997327923775,0.0005713163409382105,0.04038230702280998,0.04038050398230553,223.0,36.0,-0.0003815162926912308,0
-353565115.0,1491730062.0,608380.0,121.0,200.0,1.0,2852.0,10.0,0.0011748867109417915,0.0014249439118430018,-2.3822453022003174,0.00367833417840302,0.0011879997327923775,0.0005713163409382105,0.04038230702280998,0.04038050398230553,223.0,36.0,-0.0003815162926912308,0
-353565115.0,1491730062.0,608380.0,121.0,200.0,1.0,2852.0,10.0,0.0011748867109417915,0.0014249439118430018,-2.3822453022003174,0.00367833417840302,0.0011879997327923775,0.0005713163409382105,0.04038230702280998,0.04038050398230553,223.0,36.0,-0.0003815162926912308,0
-353565114.0,1491730062.0,608380.0,121.0,200.0,1.0,2922.0,10.0,0.0013250656193122268,0.0011422279058024287,-2.3822057247161865,0.000605433015152812,-0.0022755893878638744,0.00039487401954829693,0.038746725767850876,0.03874414786696434,223.0,36.0,-0.0004469783161766827,0
-353565114.0,1491730062.0,608380.0,121.0,200.0,1.0,2922.0,10.0,0.0013250656193122268,0.0011422279058024287,-2.3822057247161865,0.000605433015152812,-0.0022755893878638744,0.00039487401954829693,0.038746725767850876,0.03874414786696434,223.0,36.0,-0.0004469783161766827,0
-353565114.0,1491730062.0,608380.0,121.0,200.0,1.0,2745.0,10.0,0.0014570141211152077,0.0005709963152185082,-2.3821539878845215,0.0013234808575361967,-0.0018887361511588097,0.00046778516843914986,0.037100471556186676,0.0370999351143837,223.0,36.0,-0.0001997967774514109,0
-353565114.0,1491730062.0,608380.0,121.0,200.0,1.0,2745.0,10.0,0.0014570141211152077,0.0005709963152185082,-2.3821539878845215,0.0013234808575361967,-0.0018887361511588097,0.00046778516843914986,0.037100471556186676,0.0370999351143837,223.0,36.0,-0.0001997967774514109,0
-353565114.0,1491730062.0,608390.0,121.0,200.0,0.0,2278.0,10.0,0.0016041642520576715,0.00038127164589241147,-2.382228374481201,-0.0014663373585790396,0.00017031212337315083,0.0001564030535519123,0.03545062243938446,0.03544755280017853,223.0,36.0,-0.0004667552129831165,0
-353565114.0,1491730062.0,608390.0,121.0,200.0,0.0,2278.0,10.0,0.0016041642520576715,0.00038127164589241147,-2.382228374481201,-0.0014663373585790396,0.00017031212337315083,0.0001564030535519123,0.03545062243938446,0.03544755280017853,223.0,36.0,-0.0004667552129831165,0
-353565114.0,1491730062.0,608390.0,121.0,200.0,0.0,35874.0,10.0,0.0011807873379439116,0.0004257147666066885,-2.3822927474975586,-0.001112392172217369,-8.197384886443615e-05,-6.248708814382553e-05,0.03358111530542374,0.03356995806097984,223.0,36.0,-0.0008656911086291075,0
-353565114.0,1491730062.0,608390.0,121.0,200.0,0.0,35874.0,10.0,0.0011807873379439116,0.0004257147666066885,-2.3822927474975586,-0.001112392172217369,-8.197384886443615e-05,-6.248708814382553e-05,0.03358111530542374,0.03356995806097984,223.0,36.0,-0.0008656911086291075,0
-353565114.0,1491730062.0,608390.0,121.0,200.0,0.0,35874.0,10.0,0.0011807873379439116,0.0004257147666066885,-2.3822927474975586,-0.001112392172217369,-8.197384886443615e-05,-6.248708814382553e-05,0.03358111530542374,0.03356995806097984,223.0,36.0,-0.0008656911086291075,0
-353565114.0,1491730062.0,608390.0,121.0,200.0,0.0,34120.0,10.0,0.0009037437266670167,0.0005410006851889193,-2.3823766708374023,-0.0006421264261007309,0.001693317899480462,0.00016437005251646042,0.03096964955329895,0.03093823231756687,223.0,36.0,-0.001394623308442533,0
-353565114.0,1491730062.0,608390.0,121.0,200.0,0.0,34120.0,10.0,0.0009037437266670167,0.0005410006851889193,-2.3823766708374023,-0.0006421264261007309,0.001693317899480462,0.00016437005251646042,0.03096964955329895,0.03093823231756687,223.0,36.0,-0.001394623308442533,0
-353565114.0,1491730062.0,608390.0,121.0,200.0,0.0,32002.0,10.0,0.0007369312224909663,0.0008336093742400408,-2.3824150562286377,-0.0002444880083203316,0.003074346575886011,0.0002514768857508898,0.02875606343150139,0.028685959056019783,223.0,36.0,-0.0020067126024514437,0
-353565114.0,1491730062.0,608390.0,121.0,200.0,0.0,32002.0,10.0,0.0007369312224909663,0.0008336093742400408,-2.3824150562286377,-0.0002444880083203316,0.003074346575886011,0.0002514768857508898,0.02875606343150139,0.028685959056019783,223.0,36.0,-0.0020067126024514437,0
-353565113.0,1491730062.0,608390.0,121.0,200.0,0.0,29732.0,10.0,0.0006406604661606252,0.0013669048203155398,-2.3824269771575928,-4.8429472371935844e-05,0.0029759807512164116,0.0003293540794402361,0.02744557149708271,0.027325686067342758,223.0,36.0,-0.002562484238296747,0
-353565113.0,1491730062.0,608390.0,121.0,200.0,0.0,29732.0,10.0,0.0006406604661606252,0.0013669048203155398,-2.3824269771575928,-4.8429472371935844e-05,0.0029759807512164116,0.0003293540794402361,0.02744557149708271,0.027325686067342758,223.0,36.0,-0.002562484238296747,0
-353565113.0,1491730062.0,608390.0,121.0,200.0,0.0,25981.0,10.0,0.0005891950568184257,0.001429158728569746,-2.382490873336792,8.826283738017082e-05,-0.00020269444212317467,9.286543354392052e-05,0.027098488062620163,0.026962658390402794,223.0,36.0,-0.0027098171412944794,0
-353565113.0,1491730062.0,608390.0,121.0,200.0,0.0,25981.0,10.0,0.0005891950568184257,0.001429158728569746,-2.382490873336792,8.826283738017082e-05,-0.00020269444212317467,9.286543354392052e-05,0.027098488062620163,0.026962658390402794,223.0,36.0,-0.0027098171412944794,0
-353565113.0,1491730062.0,608390.0,121.0,200.0,0.0,20858.0,10.0,0.0006173152942210436,0.001311647705733776,-2.382449150085449,0.0010578278452157974,2.4779001250863075e-05,0.0007253317162394524,0.026126980781555176,0.02598584070801735,223.0,36.0,-0.002712049288675189,0
-353565113.0,1491730062.0,608390.0,121.0,200.0,0.0,20858.0,10.0,0.0006173152942210436,0.001311647705733776,-2.382449150085449,0.0010578278452157974,2.4779001250863075e-05,0.0007253317162394524,0.026126980781555176,0.02598584070801735,223.0,36.0,-0.002712049288675189,0
-353565113.0,1491730062.0,608380.0,121.0,200.0,0.0,16165.0,10.0,0.0007594965281896293,0.0012317865621298552,-2.3824870586395264,0.0007391744293272495,-0.0008621839806437492,0.00010563922114670277,0.02561292238533497,0.025475285947322845,223.0,36.0,-0.002651705639436841,0
-353565113.0,1491730062.0,608380.0,121.0,200.0,0.0,16165.0,10.0,0.0007594965281896293,0.0012317865621298552,-2.3824870586395264,0.0007391744293272495,-0.0008621839806437492,0.00010563922114670277,0.02561292238533497,0.025475285947322845,223.0,36.0,-0.002651705639436841,0
-353565113.0,1491730062.0,608380.0,121.0,200.0,0.0,16165.0,10.0,0.0007594965281896293,0.0012317865621298552,-2.3824870586395264,0.0007391744293272495,-0.0008621839806437492,0.00010563922114670277,0.02561292238533497,0.025475285947322845,223.0,36.0,-0.002651705639436841,0
-353565113.0,1491730062.0,608380.0,121.0,200.0,0.0,14982.0,10.0,0.0008607720956206322,0.0011181121226400137,-2.3826205730438232,0.0006414430681616068,-0.0005714239086955786,-0.0003392875660210848,0.02520337887108326,0.025089550763368607,223.0,36.0,-0.0023926522117108107,0
-353565113.0,1491730062.0,608380.0,121.0,200.0,0.0,14982.0,10.0,0.0008607720956206322,0.0011181121226400137,-2.3826205730438232,0.0006414430681616068,-0.0005714239086955786,-0.0003392875660210848,0.02520337887108326,0.025089550763368607,223.0,36.0,-0.0023926522117108107,0
-353565113.0,1491730062.0,608380.0,121.0,200.0,0.0,15172.0,10.0,0.0008199156727641821,0.0010168917942792177,-2.3825576305389404,0.0002820303197950125,0.0022996384650468826,0.0008601169101893902,0.02457944117486477,0.024525336921215057,223.0,36.0,-0.0016299346461892128,0
-353565113.0,1491730062.0,608380.0,121.0,200.0,0.0,15172.0,10.0,0.0008199156727641821,0.0010168917942792177,-2.3825576305389404,0.0002820303197950125,0.0022996384650468826,0.0008601169101893902,0.02457944117486477,0.024525336921215057,223.0,36.0,-0.0016299346461892128,0
-353565113.0,1491730062.0,608380.0,121.0,200.0,0.0,15548.0,10.0,0.000884435954503715,0.001130786375142634,-2.382615804672241,0.0004397914744913578,0.001924571581184864,-0.0003181581851094961,0.023834198713302612,0.023806478828191757,223.0,36.0,-0.0011491751065477729,0
-353565113.0,1491730062.0,608380.0,121.0,200.0,0.0,15548.0,10.0,0.000884435954503715,0.001130786375142634,-2.382615804672241,0.0004397914744913578,0.001924571581184864,-0.0003181581851094961,0.023834198713302612,0.023806478828191757,223.0,36.0,-0.0011491751065477729,0
-353565113.0,1491730062.0,608380.0,121.0,200.0,0.0,15711.0,10.0,0.0009614293812774122,0.0011330029228702188,-2.3826446533203125,-0.0007981806993484497,-0.00021339301019906998,0.0004229331389069557,0.02343006059527397,0.023420773446559906,223.0,36.0,-0.0006595775485038757,0
-353565113.0,1491730062.0,608380.0,121.0,200.0,0.0,15711.0,10.0,0.0009614293812774122,0.0011330029228702188,-2.3826446533203125,-0.0007981806993484497,-0.00021339301019906998,0.0004229331389069557,0.02343006059527397,0.023420773446559906,223.0,36.0,-0.0006595775485038757,0
-353565113.0,1491730062.0,608380.0,121.0,200.0,0.0,15764.0,10.0,0.0008385886903852224,0.001440637861378491,-2.382676362991333,-0.0004839447792619467,0.0013845076318830252,-0.00017115846276283264,0.02356763184070587,0.023563455790281296,223.0,36.0,-0.00044352447730489075,0
-353565113.0,1491730062.0,608380.0,121.0,200.0,0.0,15764.0,10.0,0.0008385886903852224,0.001440637861378491,-2.382676362991333,-0.0004839447792619467,0.0013845076318830252,-0.00017115846276283264,0.02356763184070587,0.023563455790281296,223.0,36.0,-0.00044352447730489075,0
-353565113.0,1491730062.0,608380.0,121.0,200.0,0.0,14760.0,10.0,0.0010775590781122446,0.0014503580750897527,-2.382707357406616,0.002672834787517786,0.0005317076575011015,0.000830325298011303,0.024000415578484535,0.023998165503144264,223.0,36.0,-0.00032864176318980753,0
-353565113.0,1491730062.0,608380.0,121.0,200.0,0.0,14760.0,10.0,0.0010775590781122446,0.0014503580750897527,-2.382707357406616,0.002672834787517786,0.0005317076575011015,0.000830325298011303,0.024000415578484535,0.023998165503144264,223.0,36.0,-0.00032864176318980753,0
-353565113.0,1491730062.0,608380.0,121.0,200.0,0.0,14760.0,10.0,0.0010775590781122446,0.0014503580750897527,-2.382707357406616,0.002672834787517786,0.0005317076575011015,0.000830325298011303,0.024000415578484535,0.023998165503144264,223.0,36.0,-0.00032864176318980753,0
-353565113.0,1491730062.0,608380.0,121.0,200.0,0.0,14209.0,10.0,0.001064728363417089,0.0012818073155358434,-2.3827297687530518,0.00012268521822988987,0.0009063775651156902,-3.788643516600132e-05,0.02407325804233551,0.024073105305433273,223.0,36.0,-8.616032573627308e-05,0
-353565113.0,1491730062.0,608380.0,121.0,200.0,0.0,14209.0,10.0,0.001064728363417089,0.0012818073155358434,-2.3827297687530518,0.00012268521822988987,0.0009063775651156902,-3.788643516600132e-05,0.02407325804233551,0.024073105305433273,223.0,36.0,-8.616032573627308e-05,0
-353565113.0,1491730062.0,608380.0,121.0,200.0,0.0,13845.0,10.0,0.0011850874871015549,0.001218899036757648,-2.3827285766601562,-0.00012961961328983307,-0.0026756601873785257,0.00027436017990112305,0.02440759167075157,0.024406788870692253,223.0,36.0,0.00019785035692621022,0
-353565113.0,1491730062.0,608380.0,121.0,200.0,0.0,13845.0,10.0,0.0011850874871015549,0.001218899036757648,-2.3827285766601562,-0.00012961961328983307,-0.0026756601873785257,0.00027436017990112305,0.02440759167075157,0.024406788870692253,223.0,36.0,0.00019785035692621022,0
-353565113.0,1491730062.0,608380.0,121.0,200.0,0.0,13595.0,10.0,0.0012081157183274627,0.0010225317673757672,-2.382812976837158,-0.00030188332311809063,-0.0012608610559254885,0.0001196486409753561,0.024518808349967003,0.024517590180039406,223.0,36.0,0.00024419042165391147,0
-353565113.0,1491730062.0,608380.0,121.0,200.0,0.0,13595.0,10.0,0.0012081157183274627,0.0010225317673757672,-2.382812976837158,-0.00030188332311809063,-0.0012608610559254885,0.0001196486409753561,0.024518808349967003,0.024517590180039406,223.0,36.0,0.00024419042165391147,0
-353565113.0,1491730062.0,608380.0,121.0,200.0,0.0,14006.0,10.0,0.0011698892340064049,0.0011158869601786137,-2.382882833480835,-8.062785491347313e-05,0.0031461024191230536,-0.0003207246772944927,0.02471235767006874,0.024710122495889664,223.0,36.0,0.000332264433382079,0
-353565113.0,1491730062.0,608380.0,121.0,200.0,0.0,14006.0,10.0,0.0011698892340064049,0.0011158869601786137,-2.382882833480835,-8.062785491347313e-05,0.0031461024191230536,-0.0003207246772944927,0.02471235767006874,0.024710122495889664,223.0,36.0,0.000332264433382079,0
-353565113.0,1491730063.0,608380.0,121.0,200.0,0.0,14216.0,10.0,0.0010253529762849212,0.0014014022890478373,-2.3829801082611084,0.0005721845664083958,0.0014115739613771439,0.0007045317906886339,0.02456739917397499,0.024562694132328033,223.0,36.0,0.0004807552322745323,0
-353565113.0,1491730063.0,608380.0,121.0,200.0,0.0,14216.0,10.0,0.0010253529762849212,0.0014014022890478373,-2.3829801082611084,0.0005721845664083958,0.0014115739613771439,0.0007045317906886339,0.02456739917397499,0.024562694132328033,223.0,36.0,0.0004807552322745323,0
-353565113.0,1491730063.0,608390.0,121.0,200.0,0.0,13624.0,10.0,0.0011474774219095707,0.0009942039614543319,-2.382918119430542,0.0009281986858695745,-0.0036005631554871798,0.0003360589034855366,0.024981750175356865,0.024979833513498306,223.0,36.0,0.00030928803607821465,0
-353565113.0,1491730063.0,608390.0,121.0,200.0,0.0,13624.0,10.0,0.0011474774219095707,0.0009942039614543319,-2.382918119430542,0.0009281986858695745,-0.0036005631554871798,0.0003360589034855366,0.024981750175356865,0.024979833513498306,223.0,36.0,0.00030928803607821465,0
-353565113.0,1491730063.0,608390.0,121.0,200.0,0.0,13263.0,10.0,0.0012678116327151656,0.0005202728789299726,-2.3829050064086914,0.0006544569041579962,-0.0006336653605103493,0.0004685556050390005,0.024453045800328255,0.024450425058603287,223.0,36.0,-0.0003579723124857992,0
-353565113.0,1491730063.0,608390.0,121.0,200.0,0.0,13263.0,10.0,0.0012678116327151656,0.0005202728789299726,-2.3829050064086914,0.0006544569041579962,-0.0006336653605103493,0.0004685556050390005,0.024453045800328255,0.024450425058603287,223.0,36.0,-0.0003579723124857992,0
-353565113.0,1491730063.0,608390.0,121.0,200.0,0.0,16557.0,10.0,0.0013468479737639427,0.0008460358949378133,-2.3828890323638916,0.0004647504538297653,0.0015734632033854723,0.0004491526633501053,0.024259814992547035,0.024239474907517433,223.0,36.0,-0.0009932955726981163,0
-353565113.0,1491730063.0,608390.0,121.0,200.0,0.0,16557.0,10.0,0.0013468479737639427,0.0008460358949378133,-2.3828890323638916,0.0004647504538297653,0.0015734632033854723,0.0004491526633501053,0.024259814992547035,0.024239474907517433,223.0,36.0,-0.0009932955726981163,0
-353565113.0,1491730063.0,608390.0,121.0,200.0,0.0,16557.0,10.0,0.0013468479737639427,0.0008460358949378133,-2.3828890323638916,0.0004647504538297653,0.0015734632033854723,0.0004491526633501053,0.024259814992547035,0.024239474907517433,223.0,36.0,-0.0009932955726981163,0
-353565113.0,1491730063.0,608390.0,121.0,200.0,0.0,18183.0,10.0,0.0013474238803610206,0.0010782922618091106,-2.382861614227295,-0.001327179605141282,0.0010343967005610466,0.0005344441160559654,0.024345623329281807,0.024291472509503365,223.0,36.0,-0.0016228740569204092,0
-353565113.0,1491730063.0,608390.0,121.0,200.0,0.0,18183.0,10.0,0.0013474238803610206,0.0010782922618091106,-2.382861614227295,-0.001327179605141282,0.0010343967005610466,0.0005344441160559654,0.024345623329281807,0.024291472509503365,223.0,36.0,-0.0016228740569204092,0
-353565114.0,1491730063.0,608390.0,121.0,200.0,0.0,19237.0,10.0,0.0010004695504903793,0.0011895897332578897,-2.382866382598877,-0.0008113153744488955,0.0019132646266371012,-2.4981563910841942e-05,0.024282310158014297,0.024227356538176537,223.0,36.0,-0.0016327538760378957,0
-353565114.0,1491730063.0,608390.0,121.0,200.0,0.0,19237.0,10.0,0.0010004695504903793,0.0011895897332578897,-2.382866382598877,-0.0008113153744488955,0.0019132646266371012,-2.4981563910841942e-05,0.024282310158014297,0.024227356538176537,223.0,36.0,-0.0016327538760378957,0
-353565114.0,1491730063.0,608390.0,121.0,200.0,0.0,19414.0,10.0,0.0007918846677057445,0.0013430792605504394,-2.3829333782196045,-0.00037831952795386314,0.000561252236366272,0.00022008991800248623,0.023873157799243927,0.023771654814481735,223.0,36.0,-0.002199067734181881,0
-353565114.0,1491730063.0,608390.0,121.0,200.0,0.0,19414.0,10.0,0.0007918846677057445,0.0013430792605504394,-2.3829333782196045,-0.00037831952795386314,0.000561252236366272,0.00022008991800248623,0.023873157799243927,0.023771654814481735,223.0,36.0,-0.002199067734181881,0
-353565114.0,1491730063.0,608380.0,121.0,200.0,0.0,16719.0,10.0,0.0010204161517322063,0.0012162391794845462,-2.382984161376953,0.0010999965015798807,-0.0013817166909575462,-2.8538750484585762e-05,0.023646771907806396,0.023537833243608475,223.0,36.0,-0.0022672114428132772,0
-353565114.0,1491730063.0,608380.0,121.0,200.0,0.0,16719.0,10.0,0.0010204161517322063,0.0012162391794845462,-2.382984161376953,0.0010999965015798807,-0.0013817166909575462,-2.8538750484585762e-05,0.023646771907806396,0.023537833243608475,223.0,36.0,-0.0022672114428132772,0
-353565114.0,1491730063.0,608380.0,121.0,200.0,0.0,16719.0,10.0,0.0010204161517322063,0.0012162391794845462,-2.382984161376953,0.0010999965015798807,-0.0013817166909575462,-2.8538750484585762e-05,0.023646771907806396,0.023537833243608475,223.0,36.0,-0.0022672114428132772,0
-353565114.0,1491730063.0,608380.0,121.0,200.0,0.0,16094.0,10.0,0.0017059623496606946,0.001207810128107667,-2.383110284805298,0.002651897491887212,-0.00033267121762037277,-0.00044961366802453995,0.023606423288583755,0.02351425029337406,223.0,36.0,-0.0020840291399508715,0
-353565114.0,1491730063.0,608380.0,121.0,200.0,0.0,16094.0,10.0,0.0017059623496606946,0.001207810128107667,-2.383110284805298,0.002651897491887212,-0.00033267121762037277,-0.00044961366802453995,0.023606423288583755,0.02351425029337406,223.0,36.0,-0.0020840291399508715,0
-353565114.0,1491730063.0,608380.0,121.0,200.0,0.0,17390.0,10.0,0.002020883606746793,0.0015299306251108646,-2.383124828338623,0.0014528811443597078,0.0014422417152673006,0.0010556820780038834,0.025149548426270485,0.025112533941864967,223.0,36.0,-0.001364006893709302,0
-353565114.0,1491730063.0,608380.0,121.0,200.0,0.0,17390.0,10.0,0.002020883606746793,0.0015299306251108646,-2.383124828338623,0.0014528811443597078,0.0014422417152673006,0.0010556820780038834,0.025149548426270485,0.025112533941864967,223.0,36.0,-0.001364006893709302,0
-353565114.0,1491730063.0,608380.0,121.0,200.0,0.0,31260.0,10.0,0.001961607253178954,0.0014618606073781848,-2.3830974102020264,0.0001390769612044096,0.0014607456978410482,-0.00014192890375852585,0.027069559320807457,0.02705860137939453,223.0,36.0,-0.0007701484719291329,0
-353565114.0,1491730063.0,608380.0,121.0,200.0,0.0,31260.0,10.0,0.001961607253178954,0.0014618606073781848,-2.3830974102020264,0.0001390769612044096,0.0014607456978410482,-0.00014192890375852585,0.027069559320807457,0.02705860137939453,223.0,36.0,-0.0007701484719291329,0
-353565114.0,1491730063.0,608380.0,121.0,200.0,0.0,33288.0,10.0,0.0015385766746476293,0.0014665724011138082,-2.3831214904785156,-0.002010144293308258,0.000508160563185811,0.0008330487180501223,0.028551366180181503,0.0285444688051939,223.0,36.0,-0.0006275189807638526,0
-353565114.0,1491730063.0,608380.0,121.0,200.0,0.0,33288.0,10.0,0.0015385766746476293,0.0014665724011138082,-2.3831214904785156,-0.002010144293308258,0.000508160563185811,0.0008330487180501223,0.028551366180181503,0.0285444688051939,223.0,36.0,-0.0006275189807638526,0
-353565114.0,1491730063.0,608380.0,121.0,200.0,0.0,33561.0,10.0,0.00111336016561836,0.0012121006147935987,-2.3831961154937744,-0.0011273100972175598,-0.0015133640263229609,-0.00033866451121866703,0.028441021218895912,0.028440339490771294,223.0,36.0,-0.00019714697555173188,0
-353565114.0,1491730063.0,608380.0,121.0,200.0,0.0,33561.0,10.0,0.00111336016561836,0.0012121006147935987,-2.3831961154937744,-0.0011273100972175598,-0.0015133640263229609,-0.00033866451121866703,0.028441021218895912,0.028440339490771294,223.0,36.0,-0.00019714697555173188,0
-353565114.0,1491730063.0,608380.0,121.0,200.0,0.0,33810.0,10.0,0.0010630704928189516,0.00114084139931947,-2.3831844329833984,-0.0009852596558630466,9.448383934795856e-05,0.000816162908449769,0.027925478294491768,0.02792546898126602,223.0,36.0,-2.4278288037749007e-05,0
-353565114.0,1491730063.0,608380.0,121.0,200.0,0.0,33810.0,10.0,0.0010630704928189516,0.00114084139931947,-2.3831844329833984,-0.0009852596558630466,9.448383934795856e-05,0.000816162908449769,0.027925478294491768,0.02792546898126602,223.0,36.0,-2.4278288037749007e-05,0
-353565114.0,1491730063.0,608380.0,121.0,200.0,0.0,33963.0,10.0,0.001273964298889041,0.0010727355256676674,-2.383167028427124,0.001525387866422534,0.00026015075854957104,0.00028813560493290424,0.027560876682400703,0.027560872957110405,223.0,36.0,-2.2095432541391347e-06,0
-353565114.0,1491730063.0,608380.0,121.0,200.0,0.0,33963.0,10.0,0.001273964298889041,0.0010727355256676674,-2.383167028427124,0.001525387866422534,0.00026015075854957104,0.00028813560493290424,0.027560876682400703,0.027560872957110405,223.0,36.0,-2.2095432541391347e-06,0
-353565114.0,1491730063.0,608380.0,121.0,200.0,0.0,33774.0,10.0,0.0014245915226638317,0.0011523297289386392,-2.383309841156006,-0.0007392822299152613,0.0021405951119959354,-0.00038063107058405876,0.027879634872078896,0.027878884226083755,223.0,36.0,0.00020469599985517561,0
-353565114.0,1491730063.0,608380.0,121.0,200.0,0.0,33774.0,10.0,0.0014245915226638317,0.0011523297289386392,-2.383309841156006,-0.0007392822299152613,0.0021405951119959354,-0.00038063107058405876,0.027879634872078896,0.027878884226083755,223.0,36.0,0.00020469599985517561,0
-353565114.0,1491730063.0,608380.0,121.0,200.0,0.0,33774.0,10.0,0.0014245915226638317,0.0011523297289386392,-2.383309841156006,-0.0007392822299152613,0.0021405951119959354,-0.00038063107058405876,0.027879634872078896,0.027878884226083755,223.0,36.0,0.00020469599985517561,0
-353565114.0,1491730063.0,608380.0,121.0,200.0,0.0,33722.0,10.0,0.0009482179302722216,0.0014690274838358164,-2.3833155632019043,-0.0014257051516324282,0.0008265380747616291,0.0006229595746845007,0.027574053034186363,0.027573274448513985,223.0,36.0,0.00020735946600325406,0
-353565114.0,1491730063.0,608380.0,121.0,200.0,0.0,33722.0,10.0,0.0009482179302722216,0.0014690274838358164,-2.3833155632019043,-0.0014257051516324282,0.0008265380747616291,0.0006229595746845007,0.027574053034186363,0.027573274448513985,223.0,36.0,0.00020735946600325406,0
-353565114.0,1491730063.0,608380.0,121.0,200.0,0.0,34172.0,10.0,0.0008724110084585845,0.0011808952549472451,-2.3833682537078857,-0.001830367837101221,-0.0009595581796020269,0.00044552283361554146,0.02691712975502014,0.026913752779364586,223.0,36.0,0.0004264201270416379,0
-353565114.0,1491730063.0,608380.0,121.0,200.0,0.0,34172.0,10.0,0.0008724110084585845,0.0011808952549472451,-2.3833682537078857,-0.001830367837101221,-0.0009595581796020269,0.00044552283361554146,0.02691712975502014,0.026913752779364586,223.0,36.0,0.0004264201270416379,0
-353565114.0,1491730063.0,608380.0,121.0,200.0,0.0,34729.0,10.0,0.000984839047305286,0.0010637170635163784,-2.3832321166992188,0.001103037502616644,0.0012743226252496243,0.0005870417226105928,0.026216678321361542,0.02620825171470642,223.0,36.0,0.0006646495894528925,0
-353565114.0,1491730063.0,608380.0,121.0,200.0,0.0,34729.0,10.0,0.000984839047305286,0.0010637170635163784,-2.3832321166992188,0.001103037502616644,0.0012743226252496243,0.0005870417226105928,0.026216678321361542,0.02620825171470642,223.0,36.0,0.0006646495894528925,0
-353565114.0,1491730063.0,608380.0,121.0,200.0,0.0,35033.0,10.0,0.0011627835920080543,0.0009643920930102468,-2.383286714553833,0.0007792322430759668,-0.0004271320067346096,0.0001695880200713873,0.0257796011865139,0.02577711082994938,223.0,36.0,0.0003584211226552725,0
-353565114.0,1491730063.0,608380.0,121.0,200.0,0.0,35033.0,10.0,0.0011627835920080543,0.0009643920930102468,-2.383286714553833,0.0007792322430759668,-0.0004271320067346096,0.0001695880200713873,0.0257796011865139,0.02577711082994938,223.0,36.0,0.0003584211226552725,0
-353565114.0,1491730063.0,608380.0,121.0,200.0,0.0,34871.0,10.0,0.00125600746832788,0.0012503027683123946,-2.3833415508270264,-0.0006344998255372047,0.0018672372680157423,0.000736698042601347,0.025288691744208336,0.025278152897953987,223.0,36.0,0.0007300635916180909,0
-353565114.0,1491730063.0,608380.0,121.0,200.0,0.0,34871.0,10.0,0.00125600746832788,0.0012503027683123946,-2.3833415508270264,-0.0006344998255372047,0.0018672372680157423,0.000736698042601347,0.025288691744208336,0.025278152897953987,223.0,36.0,0.0007300635916180909,0
-353565114.0,1491730063.0,608380.0,121.0,200.0,0.0,34792.0,10.0,0.0014988529728725553,0.0013097726041451097,-2.3833112716674805,0.0010132808238267899,-0.0009240549989044666,-2.2937078028917313e-05,0.02581905759871006,0.02581075392663479,223.0,36.0,0.000654769130051136,0
-353565114.0,1491730063.0,608380.0,121.0,200.0,0.0,34792.0,10.0,0.0014988529728725553,0.0013097726041451097,-2.3833112716674805,0.0010132808238267899,-0.0009240549989044666,-2.2937078028917313e-05,0.02581905759871006,0.02581075392663479,223.0,36.0,0.000654769130051136,0
-353565113.0,1491730063.0,608390.0,121.0,200.0,0.0,34797.0,10.0,0.0013773198006674647,0.0010175197385251522,-2.3833723068237305,-0.0012418781407177448,-0.0005702904891222715,0.0005896647926419973,0.02658228762447834,0.02657730132341385,223.0,36.0,0.0005147935589775443,0
-353565113.0,1491730063.0,608390.0,121.0,200.0,0.0,34797.0,10.0,0.0013773198006674647,0.0010175197385251522,-2.3833723068237305,-0.0012418781407177448,-0.0005702904891222715,0.0005896647926419973,0.02658228762447834,0.02657730132341385,223.0,36.0,0.0005147935589775443,0
-353565113.0,1491730063.0,608390.0,121.0,200.0,0.0,34302.0,10.0,0.0008482664125040174,0.0008575033280067146,-2.3833296298980713,-0.0014534255024045706,-0.001805218867957592,0.00023219292052090168,0.026478329673409462,0.02647753804922104,223.0,36.0,0.00020470409072004259,0
-353565113.0,1491730063.0,608390.0,121.0,200.0,0.0,34302.0,10.0,0.0008482664125040174,0.0008575033280067146,-2.3833296298980713,-0.0014534255024045706,-0.001805218867957592,0.00023219292052090168,0.026478329673409462,0.02647753804922104,223.0,36.0,0.00020470409072004259,0
-353565113.0,1491730063.0,608390.0,121.0,200.0,0.0,34302.0,10.0,0.0008482664125040174,0.0008575033280067146,-2.3833296298980713,-0.0014534255024045706,-0.001805218867957592,0.00023219292052090168,0.026478329673409462,0.02647753804922104,223.0,36.0,0.00020470409072004259,0
-353565113.0,1491730063.0,608390.0,121.0,200.0,0.0,34255.0,10.0,0.0005201103049330413,0.0011162783484905958,-2.383385181427002,-0.0008335292804986238,0.001116378465667367,0.00030867429450154305,0.025388406589627266,0.025384267792105675,223.0,36.0,-0.0004582350666169077,0
-353565113.0,1491730063.0,608390.0,121.0,200.0,0.0,34255.0,10.0,0.0005201103049330413,0.0011162783484905958,-2.383385181427002,-0.0008335292804986238,0.001116378465667367,0.00030867429450154305,0.025388406589627266,0.025384267792105675,223.0,36.0,-0.0004582350666169077,0
-353565113.0,1491730063.0,608390.0,121.0,200.0,0.0,34738.0,10.0,0.0007922374061308801,0.0010503963567316532,-2.3833916187286377,0.0016754402313381433,-0.0006601570639759302,0.0003794413059949875,0.024670464918017387,0.024649186059832573,223.0,36.0,-0.0010244307341054082,0
-353565113.0,1491730063.0,608390.0,121.0,200.0,0.0,34738.0,10.0,0.0007922374061308801,0.0010503963567316532,-2.3833916187286377,0.0016754402313381433,-0.0006601570639759302,0.0003794413059949875,0.024670464918017387,0.024649186059832573,223.0,36.0,-0.0010244307341054082,0
-353565113.0,1491730063.0,608390.0,121.0,200.0,0.0,35514.0,10.0,0.0010634110076352954,0.0008605385082773864,-2.3833796977996826,0.0010441979393363,-0.00024137692525982857,0.0004981565289199352,0.02453131042420864,0.02447696030139923,223.0,36.0,-0.0016320757567882538,0
-353565113.0,1491730063.0,608390.0,121.0,200.0,0.0,35514.0,10.0,0.0010634110076352954,0.0008605385082773864,-2.3833796977996826,0.0010441979393363,-0.00024137692525982857,0.0004981565289199352,0.02453131042420864,0.02447696030139923,223.0,36.0,-0.0016320757567882538,0
-353565113.0,1491730063.0,608390.0,121.0,200.0,0.0,34804.0,10.0,0.0012313302140682936,0.0002964152372442186,-2.3833611011505127,0.0007449800614267588,-0.0020307074300944805,0.0005129671189934015,0.024327045306563377,0.02423257753252983,223.0,36.0,-0.0021418097894638777,0
-353565113.0,1491730063.0,608390.0,121.0,200.0,0.0,34804.0,10.0,0.0012313302140682936,0.0002964152372442186,-2.3833611011505127,0.0007449800614267588,-0.0020307074300944805,0.0005129671189934015,0.024327045306563377,0.02423257753252983,223.0,36.0,-0.0021418097894638777,0
-353565113.0,1491730063.0,608380.0,121.0,200.0,0.0,31767.0,10.0,0.0009883728343993425,0.0002664739149622619,-2.3834033012390137,-0.0007723113521933556,0.0009932382963597775,0.00014795595780014992,0.022900348529219627,0.02280091494321823,223.0,36.0,-0.00213171960785985,4
-353565113.0,1491730063.0,608380.0,121.0,200.0,0.0,31767.0,10.0,0.0009883728343993425,0.0002664739149622619,-2.3834033012390137,-0.0007723113521933556,0.0009932382963597775,0.00014795595780014992,0.022900348529219627,0.02280091494321823,223.0,36.0,-0.00213171960785985,4
-353565113.0,1491730063.0,608380.0,121.0,200.0,0.0,27900.0,10.0,0.0008053870988078415,0.0006129626417532563,-2.3835065364837646,-0.00033425958827137947,0.0011807391420006752,-8.28821212053299e-05,0.021505694836378098,0.021395711228251457,223.0,36.0,-0.0021721981465816498,4
-353565113.0,1491730063.0,608380.0,121.0,200.0,0.0,27900.0,10.0,0.0008053870988078415,0.0006129626417532563,-2.3835065364837646,-0.00033425958827137947,0.0011807391420006752,-8.28821212053299e-05,0.021505694836378098,0.021395711228251457,223.0,36.0,-0.0021721981465816498,4
-353565113.0,1491730063.0,608380.0,121.0,200.0,0.0,25511.0,10.0,0.0008474930073134601,0.000975887174718082,-2.383467435836792,0.0018318446818739176,0.0023069081362336874,0.0010564301628619432,0.02080734632909298,0.02075178548693657,223.0,36.0,-0.0015195588348433375,4
-353565113.0,1491730063.0,608380.0,121.0,200.0,0.0,25511.0,10.0,0.0008474930073134601,0.000975887174718082,-2.383467435836792,0.0018318446818739176,0.0023069081362336874,0.0010564301628619432,0.02080734632909298,0.02075178548693657,223.0,36.0,-0.0015195588348433375,4
-353565113.0,1491730063.0,608300.0,121.0,200.0,0.0,23516.0,10.0,0.00114376877900213,0.001793926116079092,-2.383380651473999,0.0013365030754357576,0.003800759557634592,0.0007089192513376474,1.956559658050537,0.018100252375006676,223.0,0.0,-1.9564759731292725,4
-353565113.0,1491730063.0,608300.0,121.0,200.0,0.0,23516.0,10.0,0.00114376877900213,0.001793926116079092,-2.383380651473999,0.0013365030754357576,0.003800759557634592,0.0007089192513376474,1.956559658050537,0.018100252375006676,223.0,0.0,-1.9564759731292725,4
-353565113.0,1491730063.0,608300.0,121.0,200.0,0.0,23516.0,10.0,0.00114376877900213,0.001793926116079092,-2.383380651473999,0.0013365030754357576,0.003800759557634592,0.0007089192513376474,1.956559658050537,0.018100252375006676,223.0,0.0,-1.9564759731292725,4
-353565113.0,1491730063.0,607940.0,121.0,200.0,0.0,23505.0,10.0,0.0014287109952419996,0.0027022231370210648,-2.3832719326019287,0.0013248249888420105,0.0038500670343637466,0.0006891964003443718,4.32008695602417,0.015010839328169823,223.0,0.0,-4.320060729980469,4
-353565113.0,1491730063.0,607940.0,121.0,200.0,0.0,23505.0,10.0,0.0014287109952419996,0.0027022231370210648,-2.3832719326019287,0.0013248249888420105,0.0038500670343637466,0.0006891964003443718,4.32008695602417,0.015010839328169823,223.0,0.0,-4.320060729980469,4
-353565113.0,1491730063.0,607200.0,121.0,200.0,0.0,23623.0,10.0,0.001721196691505611,0.0036140107549726963,-2.383157730102539,0.0013366038911044598,0.003789054462686181,0.0006782559212297201,6.526969909667969,0.01315178070217371,223.0,0.0,-6.526956081390381,4
-353565113.0,1491730063.0,607200.0,121.0,200.0,0.0,23623.0,10.0,0.001721196691505611,0.0036140107549726963,-2.383157730102539,0.0013366038911044598,0.003789054462686181,0.0006782559212297201,6.526969909667969,0.01315178070217371,223.0,0.0,-6.526956081390381,4
-353565113.0,1491730063.0,606110.0,121.0,200.0,0.0,24079.0,10.0,0.002020286163315177,0.004518246743828058,-2.383052110671997,0.0012799028772860765,0.0038234388921409845,0.0006743506528437138,8.50128173828125,0.012706381268799305,223.0,0.0,-8.501272201538086,4
-353565113.0,1491730063.0,606110.0,121.0,200.0,0.0,24079.0,10.0,0.002020286163315177,0.004518246743828058,-2.383052110671997,0.0012799028772860765,0.0038234388921409845,0.0006743506528437138,8.50128173828125,0.012706381268799305,223.0,0.0,-8.501272201538086,4
-353565113.0,1491730063.0,602930.0,121.0,200.0,0.0,32179.0,10.0,0.002328005852177739,0.00541371013969183,-2.382931709289551,0.001300671137869358,0.003769043367356062,0.0006698034703731537,10.215471267700195,0.014316669665277004,223.0,0.0,-10.215461730957031,4
-353565113.0,1491730063.0,602930.0,121.0,200.0,0.0,32179.0,10.0,0.002328005852177739,0.00541371013969183,-2.382931709289551,0.001300671137869358,0.003769043367356062,0.0006698034703731537,10.215471267700195,0.014316669665277004,223.0,0.0,-10.215461730957031,4
-353565113.0,1491730063.0,600920.0,121.0,200.0,0.0,551.0,10.0,0.0026311734691262245,0.006291392259299755,-2.382810592651367,0.00130767235532403,0.003615346737205982,0.0007182976696640253,11.662052154541016,0.018540851771831512,223.0,0.0,-11.662036895751953,4
-353565113.0,1491730063.0,600920.0,121.0,200.0,0.0,551.0,10.0,0.0026311734691262245,0.006291392259299755,-2.382810592651367,0.00130767235532403,0.003615346737205982,0.0007182976696640253,11.662052154541016,0.018540851771831512,223.0,0.0,-11.662036895751953,4
-353565113.0,1491730063.0,598670.0,121.0,200.0,0.0,1676.0,10.0,0.0029380281921476126,0.007154259365051985,-2.3826889991760254,0.001311814645305276,0.0036322474479675293,0.0007183435373008251,12.853596687316895,0.025788435712456703,223.0,0.0,-12.853570938110352,4
-353565113.0,1491730063.0,598670.0,121.0,200.0,0.0,1676.0,10.0,0.0029380281921476126,0.007154259365051985,-2.3826889991760254,0.001311814645305276,0.0036322474479675293,0.0007183435373008251,12.853596687316895,0.025788435712456703,223.0,0.0,-12.853570938110352,4
-353565113.0,1491730063.0,596210.0,121.0,200.0,1.0,2094.0,10.0,0.0032481285743415356,0.00799630582332611,-2.382577657699585,0.0013153159525245428,0.003517693839967251,0.0007288095075637102,13.815803527832031,0.03632858023047447,223.0,0.0,-13.815756797790527,4
-353565113.0,1491730063.0,596210.0,121.0,200.0,1.0,2094.0,10.0,0.0032481285743415356,0.00799630582332611,-2.382577657699585,0.0013153159525245428,0.003517693839967251,0.0007288095075637102,13.815803527832031,0.03632858023047447,223.0,0.0,-13.815756797790527,4
-353565113.0,1491730063.0,590810.0,121.0,200.0,3.0,2395.0,10.0,0.0035449769347906113,0.008835811167955399,-2.3824596405029297,0.0012572663836181164,0.0034990704152733088,0.0007125823758542538,14.580057144165039,0.04978256672620773,223.0,0.0,-14.579972267150879,4
-353565113.0,1491730063.0,590810.0,121.0,200.0,3.0,2395.0,10.0,0.0035449769347906113,0.008835811167955399,-2.3824596405029297,0.0012572663836181164,0.0034990704152733088,0.0007125823758542538,14.580057144165039,0.04978256672620773,223.0,0.0,-14.579972267150879,4
-353565113.0,1491730063.0,590810.0,121.0,200.0,3.0,2395.0,10.0,0.0035449769347906113,0.008835811167955399,-2.3824596405029297,0.0012572663836181164,0.0034990704152733088,0.0007125823758542538,14.580057144165039,0.04978256672620773,223.0,0.0,-14.579972267150879,4
-353565112.0,1491730063.0,587910.0,121.0,200.0,4.0,2456.0,10.0,0.003830576781183481,0.009644581936299801,-2.3823466300964355,0.001217635115608573,0.003474064636975527,0.0007683178409934044,15.179530143737793,0.06597104668617249,223.0,0.0,-15.179386138916016,4
-353565112.0,1491730063.0,587910.0,121.0,200.0,4.0,2456.0,10.0,0.003830576781183481,0.009644581936299801,-2.3823466300964355,0.001217635115608573,0.003474064636975527,0.0007683178409934044,15.179530143737793,0.06597104668617249,223.0,0.0,-15.179386138916016,4
-353565111.0,1491730063.0,584900.0,121.0,200.0,5.0,2492.0,10.0,0.004107500892132521,0.010445667430758476,-2.382225275039673,0.0012215375900268555,0.0034640280064195395,0.000688878120854497,15.644909858703613,0.0850636214017868,223.0,0.0,-15.644679069519043,4
-353565111.0,1491730063.0,584900.0,121.0,200.0,5.0,2492.0,10.0,0.004107500892132521,0.010445667430758476,-2.382225275039673,0.0012215375900268555,0.0034640280064195395,0.000688878120854497,15.644909858703613,0.0850636214017868,223.0,0.0,-15.644679069519043,4
-353565110.0,1491730063.0,581820.0,121.0,200.0,6.0,2515.0,10.0,0.004385591018944979,0.011215591803193092,-2.382106304168701,0.0012486882042139769,0.0033425185829401016,0.0007926598191261292,16.004484176635742,0.10675405710935593,223.0,0.0,-16.004127502441406,4
-353565110.0,1491730063.0,581820.0,121.0,200.0,6.0,2515.0,10.0,0.004385591018944979,0.011215591803193092,-2.382106304168701,0.0012486882042139769,0.0033425185829401016,0.0007926598191261292,16.004484176635742,0.10675405710935593,223.0,0.0,-16.004127502441406,4
-353565107.0,1491730064.0,575480.0,121.0,200.0,10.0,2538.0,10.0,0.004651910159736872,0.011971985921263695,-2.381993532180786,0.001207356108352542,0.003340377938002348,0.0007460499182343483,16.278425216674805,0.13073645532131195,223.0,0.0,-16.27790069580078,4
-353565107.0,1491730064.0,575480.0,121.0,200.0,10.0,2538.0,10.0,0.004651910159736872,0.011971985921263695,-2.381993532180786,0.001207356108352542,0.003340377938002348,0.0007460499182343483,16.278425216674805,0.13073645532131195,223.0,0.0,-16.27790069580078,4
-353565107.0,1491730064.0,575480.0,121.0,200.0,10.0,2538.0,10.0,0.004651910159736872,0.011971985921263695,-2.381993532180786,0.001207356108352542,0.003340377938002348,0.0007460499182343483,16.278425216674805,0.13073645532131195,223.0,0.0,-16.27790069580078,4
-353565106.0,1491730066.0,572240.0,121.0,200.0,11.0,2543.0,10.0,0.0048973741941154,0.01270323246717453,-2.3818743228912354,0.0011564590968191624,0.003308927407488227,0.0007256669923663139,16.48682403564453,0.156533345580101,223.0,0.0,-16.486080169677734,4
-353565106.0,1491730066.0,572240.0,121.0,200.0,11.0,2543.0,10.0,0.0048973741941154,0.01270323246717453,-2.3818743228912354,0.0011564590968191624,0.003308927407488227,0.0007256669923663139,16.48682403564453,0.156533345580101,223.0,0.0,-16.486080169677734,4
-353565104.0,1491730067.0,569060.0,121.0,200.0,9.0,2545.0,10.0,0.002116080140694976,0.0034154660534113646,-2.3817882537841797,-0.006753420457243919,-0.0229595135897398,0.0007889464031904936,3.660778522491455,0.04324571415781975,223.0,0.0,3.660522937774658,4
-353565104.0,1491730067.0,569060.0,121.0,200.0,9.0,2545.0,10.0,0.002116080140694976,0.0034154660534113646,-2.3817882537841797,-0.006753420457243919,-0.0229595135897398,0.0007889464031904936,3.660778522491455,0.04324571415781975,223.0,0.0,3.660522937774658,4
-353565102.0,1491730068.0,567620.0,121.0,200.0,1.0,2546.0,10.0,0.0014411015436053276,0.0015500434674322605,-2.381730556488037,-0.00031727878376841545,-0.0014951191842556,0.0006381731946021318,1.3969931602478027,0.0511542484164238,223.0,0.0,1.3960562944412231,4
-353565102.0,1491730068.0,567620.0,121.0,200.0,1.0,2546.0,10.0,0.0014411015436053276,0.0015500434674322605,-2.381730556488037,-0.00031727878376841545,-0.0014951191842556,0.0006381731946021318,1.3969931602478027,0.0511542484164238,223.0,0.0,1.3960562944412231,4
-353565103.0,1491730067.0,568320.0,121.0,200.0,0.0,2546.0,10.0,0.0011414788896217942,0.001229796907864511,-2.381694793701172,0.0001943567767739296,7.52951018512249e-05,0.0006271484307944775,0.8007994294166565,0.05182802677154541,223.0,0.0,-0.7991204857826233,4
-353565103.0,1491730067.0,568320.0,121.0,200.0,0.0,2546.0,10.0,0.0011414788896217942,0.001229796907864511,-2.381694793701172,0.0001943567767739296,7.52951018512249e-05,0.0006271484307944775,0.8007994294166565,0.05182802677154541,223.0,0.0,-0.7991204857826233,4
-353565102.0,1491730067.0,568230.0,121.0,200.0,0.0,2546.0,10.0,0.0009911166271194816,0.0010690729832276702,-2.381629467010498,0.00021460908465087414,0.00031460425816476345,0.0007603783160448074,0.08106108009815216,0.038193799555301666,223.0,0.0,0.07149917632341385,4
-353565102.0,1491730067.0,568230.0,121.0,200.0,0.0,2546.0,10.0,0.0009911166271194816,0.0010690729832276702,-2.381629467010498,0.00021460908465087414,0.00031460425816476345,0.0007603783160448074,0.08106108009815216,0.038193799555301666,223.0,0.0,0.07149917632341385,4
-353565102.0,1491730067.0,568200.0,121.0,200.0,0.0,20546.0,10.0,0.0009355314541608095,0.001028031692840159,-2.381547689437866,0.00024491362273693085,0.0003591689746826887,0.0006591342389583588,0.041945282369852066,0.03251516819000244,223.0,0.0,-0.026498503983020782,4
-353565102.0,1491730067.0,568200.0,121.0,200.0,0.0,20546.0,10.0,0.0009355314541608095,0.001028031692840159,-2.381547689437866,0.00024491362273693085,0.0003591689746826887,0.0006591342389583588,0.041945282369852066,0.03251516819000244,223.0,0.0,-0.026498503983020782,4
-353565102.0,1491730067.0,568220.0,121.0,200.0,0.0,20546.0,10.0,0.0008987177861854434,0.0010128970025107265,-2.3814759254455566,0.00020828796550631523,0.00031161634251475334,0.0006573307327926159,0.06362379342317581,0.02865036390721798,223.0,0.0,-0.05680796131491661,4
-353565102.0,1491730067.0,568220.0,121.0,200.0,0.0,20546.0,10.0,0.0008987177861854434,0.0010128970025107265,-2.3814759254455566,0.00020828796550631523,0.00031161634251475334,0.0006573307327926159,0.06362379342317581,0.02865036390721798,223.0,0.0,-0.05680796131491661,4
-353565102.0,1491730067.0,568220.0,121.0,200.0,0.0,2546.0,10.0,0.0008820651564747095,0.0010026824893429875,-2.3813869953155518,0.00023703253827989101,0.0003289543092250824,0.0006516121793538332,0.03838279843330383,0.025668716058135033,223.0,0.0,-0.028536925092339516,4
-353565102.0,1491730067.0,568220.0,121.0,200.0,0.0,2546.0,10.0,0.0008820651564747095,0.0010026824893429875,-2.3813869953155518,0.00023703253827989101,0.0003289543092250824,0.0006516121793538332,0.03838279843330383,0.025668716058135033,223.0,0.0,-0.028536925092339516,4
-353565102.0,1491730067.0,568220.0,121.0,200.0,0.0,2546.0,10.0,0.0008820651564747095,0.0010026824893429875,-2.3813869953155518,0.00023703253827989101,0.0003289543092250824,0.0006516121793538332,0.03838279843330383,0.025668716058135033,223.0,0.0,-0.028536925092339516,4
-353565102.0,1491730067.0,568220.0,121.0,200.0,0.0,20546.0,10.0,0.0008707073284313083,0.001000770484097302,-2.381300449371338,0.000245802802965045,0.000374410767108202,0.0007628127932548523,0.033733151853084564,0.023423999547958374,223.0,0.0,-0.024274304509162903,4
-353565102.0,1491730067.0,568220.0,121.0,200.0,0.0,20546.0,10.0,0.0008707073284313083,0.001000770484097302,-2.381300449371338,0.000245802802965045,0.000374410767108202,0.0007628127932548523,0.033733151853084564,0.023423999547958374,223.0,0.0,-0.024274304509162903,4
-353565102.0,1491730067.0,568220.0,121.0,200.0,0.0,20546.0,10.0,0.0008727703825570643,0.0010041861096397042,-2.3812084197998047,0.00024239905178546906,0.0003536560107022524,0.0006495448760688305,0.028344087302684784,0.022111760452389717,223.0,0.0,-0.017732946202158928,4
-353565102.0,1491730067.0,568220.0,121.0,200.0,0.0,20546.0,10.0,0.0008727703825570643,0.0010041861096397042,-2.3812084197998047,0.00024239905178546906,0.0003536560107022524,0.0006495448760688305,0.028344087302684784,0.022111760452389717,223.0,0.0,-0.017732946202158928,4
-353565102.0,1491730067.0,568220.0,121.0,200.0,0.0,2546.0,10.0,0.0008718258468434215,0.001022694050334394,-2.381112575531006,0.00025477376766502857,0.0003389574121683836,0.0007094840984791517,0.024036318063735962,0.02152036689221859,223.0,0.0,-0.010705999098718166,4
-353565102.0,1491730067.0,568220.0,121.0,200.0,0.0,2546.0,10.0,0.0008718258468434215,0.001022694050334394,-2.381112575531006,0.00025477376766502857,0.0003389574121683836,0.0007094840984791517,0.024036318063735962,0.02152036689221859,223.0,0.0,-0.010705999098718166,4
-353565102.0,1491730067.0,568220.0,121.0,200.0,0.0,20546.0,10.0,0.0008883262053132057,0.0010461524361744523,-2.381019353866577,0.00020668958313763142,0.0003510117530822754,0.0007304302416741848,0.021784042939543724,0.021230090409517288,223.0,0.0,-0.0048813652247190475,4
-353565102.0,1491730067.0,568220.0,121.0,200.0,0.0,20546.0,10.0,0.0008883262053132057,0.0010461524361744523,-2.381019353866577,0.00020668958313763142,0.0003510117530822754,0.0007304302416741848,0.021784042939543724,0.021230090409517288,223.0,0.0,-0.0048813652247190475,4
-353565102.0,1491730067.0,568220.0,121.0,200.0,0.0,20546.0,10.0,0.0008883262053132057,0.0010461524361744523,-2.381019353866577,0.00020668958313763142,0.0003510117530822754,0.0007304302416741848,0.021784042939543724,0.021230090409517288,223.0,0.0,-0.0048813652247190475,4
-353565102.0,1491730067.0,568220.0,121.0,200.0,0.0,2546.0,10.0,0.0009004301391541958,0.0010658992687240243,-2.3809266090393066,0.0002488077152520418,0.0004066482651978731,0.0007518786005675793,0.020941121503710747,0.020936770364642143,223.0,0.0,0.0004267972253728658,4
-353565102.0,1491730067.0,568220.0,121.0,200.0,0.0,2546.0,10.0,0.0009004301391541958,0.0010658992687240243,-2.3809266090393066,0.0002488077152520418,0.0004066482651978731,0.0007518786005675793,0.020941121503710747,0.020936770364642143,223.0,0.0,0.0004267972253728658,4
-353565102.0,1491730067.0,568220.0,121.0,200.0,0.0,2546.0,10.0,0.0009167704847641289,0.0010853001149371266,-2.380828619003296,0.00027982983738183975,0.0003539624158293009,0.0006693818140774965,0.021547332406044006,0.02094244956970215,223.0,0.0,0.005069652106612921,4
-353565102.0,1491730067.0,568220.0,121.0,200.0,0.0,2546.0,10.0,0.0009167704847641289,0.0010853001149371266,-2.380828619003296,0.00027982983738183975,0.0003539624158293009,0.0006693818140774965,0.021547332406044006,0.02094244956970215,223.0,0.0,0.005069652106612921,4
-353565102.0,1491730067.0,568220.0,121.0,200.0,0.0,20546.0,10.0,0.0009330103057436645,0.0011070817708969116,-2.380730628967285,0.00019626598805189133,0.0003581601195037365,0.0007270625792443752,0.02337716892361641,0.021426882594823837,223.0,0.0,0.009347764775156975,4
-353565102.0,1491730067.0,568220.0,121.0,200.0,0.0,20546.0,10.0,0.0009330103057436645,0.0011070817708969116,-2.380730628967285,0.00019626598805189133,0.0003581601195037365,0.0007270625792443752,0.02337716892361641,0.021426882594823837,223.0,0.0,0.009347764775156975,4
-353565102.0,1491730067.0,568220.0,121.0,200.0,0.0,2546.0,10.0,0.0009497271967120469,0.0011275369906798005,-2.380640745162964,0.00022987741976976395,0.00030951760709285736,0.0007492196746170521,0.025352798402309418,0.021785994991660118,223.0,0.0,0.012966679409146309,4
-353565102.0,1491730067.0,568220.0,121.0,200.0,0.0,2546.0,10.0,0.0009497271967120469,0.0011275369906798005,-2.380640745162964,0.00022987741976976395,0.00030951760709285736,0.0007492196746170521,0.025352798402309418,0.021785994991660118,223.0,0.0,0.012966679409146309,4
-353565102.0,1491730067.0,568220.0,121.0,200.0,0.0,2546.0,10.0,0.0009497271967120469,0.0011275369906798005,-2.380640745162964,0.00022987741976976395,0.00030951760709285736,0.0007492196746170521,0.025352798402309418,0.021785994991660118,223.0,0.0,0.012966679409146309,4
-353565102.0,1491730067.0,568220.0,121.0,200.0,0.0,2546.0,10.0,0.0009594490984454751,0.0011507844319567084,-2.3805525302886963,0.00025143101811408997,0.0004079090431332588,0.0006051636300981045,0.027263017371296883,0.021957825869321823,223.0,0.0,0.01615939661860466,4
-353565102.0,1491730067.0,568220.0,121.0,200.0,0.0,2546.0,10.0,0.0009594490984454751,0.0011507844319567084,-2.3805525302886963,0.00025143101811408997,0.0004079090431332588,0.0006051636300981045,0.027263017371296883,0.021957825869321823,223.0,0.0,0.01615939661860466,4
-353565102.0,1491730067.0,568220.0,121.0,200.0,0.0,20546.0,10.0,0.0009710058220662177,0.0011671780375763774,-2.380458354949951,0.0002919803373515606,0.0003703709226101637,0.0006491485983133316,0.029324762523174286,0.02236165851354599,223.0,0.0,0.018970977514982224,4
-353565102.0,1491730067.0,568220.0,121.0,200.0,0.0,20546.0,10.0,0.0009710058220662177,0.0011671780375763774,-2.380458354949951,0.0002919803373515606,0.0003703709226101637,0.0006491485983133316,0.029324762523174286,0.02236165851354599,223.0,0.0,0.018970977514982224,4
-353565102.0,1491730067.0,568220.0,121.0,200.0,0.0,20546.0,10.0,0.000980243319645524,0.0011827036505565047,-2.380363941192627,0.0002024080604314804,0.0003066754434257746,0.000730657484382391,0.03145124763250351,0.022969374433159828,223.0,0.0,0.0214846208691597,4
-353565102.0,1491730067.0,568220.0,121.0,200.0,0.0,20546.0,10.0,0.000980243319645524,0.0011827036505565047,-2.380363941192627,0.0002024080604314804,0.0003066754434257746,0.000730657484382391,0.03145124763250351,0.022969374433159828,223.0,0.0,0.0214846208691597,4
-353565102.0,1491730067.0,568220.0,121.0,200.0,0.0,20546.0,10.0,0.0009906654013320804,0.0012059116270393133,-2.380270004272461,0.0001909327693283558,0.00037021259777247906,0.0006413629744201899,0.03333904594182968,0.02343352884054184,223.0,0.0,0.02371416613459587,4
-353565102.0,1491730067.0,568220.0,121.0,200.0,0.0,20546.0,10.0,0.0009906654013320804,0.0012059116270393133,-2.380270004272461,0.0001909327693283558,0.00037021259777247906,0.0006413629744201899,0.03333904594182968,0.02343352884054184,223.0,0.0,0.02371416613459587,4
-353565102.0,1491730067.0,568220.0,121.0,200.0,0.0,20546.0,10.0,0.0009906654013320804,0.0012059116270393133,-2.380270004272461,0.0001909327693283558,0.00037021259777247906,0.0006413629744201899,0.03333904594182968,0.02343352884054184,223.0,0.0,0.02371416613459587,4
-353565102.0,1491730067.0,568220.0,121.0,200.0,0.0,20546.0,10.0,0.0009933739202097058,0.0012143292697146535,-2.380186080932617,0.0003252290189266205,0.0003170447889715433,0.0007146934513002634,0.034718431532382965,0.02369474060833454,223.0,0.0,0.02537575550377369,4
-353565102.0,1491730067.0,568220.0,121.0,200.0,0.0,20546.0,10.0,0.0009933739202097058,0.0012143292697146535,-2.380186080932617,0.0003252290189266205,0.0003170447889715433,0.0007146934513002634,0.034718431532382965,0.02369474060833454,223.0,0.0,0.02537575550377369,4
-353565102.0,1491730067.0,568220.0,121.0,200.0,0.0,2546.0,10.0,0.0010006310185417533,0.001223636674694717,-2.380094289779663,0.00034126779064536095,0.00037273531779646873,0.0007709793280810118,0.03602254018187523,0.024051455780863762,223.0,0.0,0.02681698650121689,4
-353565102.0,1491730067.0,568220.0,121.0,200.0,0.0,2546.0,10.0,0.0010006310185417533,0.001223636674694717,-2.380094289779663,0.00034126779064536095,0.00037273531779646873,0.0007709793280810118,0.03602254018187523,0.024051455780863762,223.0,0.0,0.02681698650121689,4
-353565102.0,1491730067.0,568220.0,121.0,200.0,0.0,2546.0,10.0,0.0010064514353871346,0.0012406641617417336,-2.380000114440918,0.00026384321972727776,0.0004178073722869158,0.0006710838060826063,0.037205539643764496,0.024466143921017647,223.0,0.0,0.028029628098011017,4
-353565102.0,1491730067.0,568220.0,121.0,200.0,0.0,2546.0,10.0,0.0010064514353871346,0.0012406641617417336,-2.380000114440918,0.00026384321972727776,0.0004178073722869158,0.0006710838060826063,0.037205539643764496,0.024466143921017647,223.0,0.0,0.028029628098011017,4
-353565102.0,1491730067.0,568220.0,121.0,200.0,0.0,20547.0,10.0,0.0010113019961863756,0.00124472810421139,-2.3799068927764893,0.00018613087013363838,0.00028808717615902424,0.000715616624802351,0.03814510256052017,0.024862147867679596,223.0,0.0,0.028929611667990685,4
-353565102.0,1491730067.0,568220.0,121.0,200.0,0.0,20547.0,10.0,0.0010113019961863756,0.00124472810421139,-2.3799068927764893,0.00018613087013363838,0.00028808717615902424,0.000715616624802351,0.03814510256052017,0.024862147867679596,223.0,0.0,0.028929611667990685,4
-353565102.0,1491730067.0,568220.0,121.0,200.0,0.0,20547.0,10.0,0.0010113019961863756,0.00124472810421139,-2.3799068927764893,0.00018613087013363838,0.00028808717615902424,0.000715616624802351,0.03814510256052017,0.024862147867679596,223.0,0.0,0.028929611667990685,4
-353565102.0,1491730067.0,568220.0,121.0,200.0,0.0,2548.0,10.0,0.0010086854454129934,0.0012374103534966707,-2.379819631576538,0.00024357205256819725,0.0003084831405431032,0.0007521433290094137,0.038606371730566025,0.02485157735645771,223.0,0.0,0.029544051736593246,4
-353565102.0,1491730067.0,568220.0,121.0,200.0,0.0,2548.0,10.0,0.0010086854454129934,0.0012374103534966707,-2.379819631576538,0.00024357205256819725,0.0003084831405431032,0.0007521433290094137,0.038606371730566025,0.02485157735645771,223.0,0.0,0.029544051736593246,4
-353565102.0,1491730067.0,568220.0,121.0,200.0,0.0,2584.0,10.0,0.001011479995213449,0.001238438650034368,-2.3797268867492676,0.00030225515365600586,0.00038232747465372086,0.0007370905950665474,0.039062850177288055,0.024983223527669907,223.0,0.0,0.030029067769646645,4
-353565102.0,1491730067.0,568220.0,121.0,200.0,0.0,2584.0,10.0,0.001011479995213449,0.001238438650034368,-2.3797268867492676,0.00030225515365600586,0.00038232747465372086,0.0007370905950665474,0.039062850177288055,0.024983223527669907,223.0,0.0,0.030029067769646645,4
-353565102.0,1491730067.0,568220.0,121.0,200.0,0.0,20486.0,10.0,0.0010128519497811794,0.0012400044361129403,-2.3796398639678955,0.00019603408873081207,0.0003044544719159603,0.0007069248240441084,0.03945786505937576,0.025253741070628166,223.0,0.0,0.030317844823002815,4
-353565102.0,1491730067.0,568220.0,121.0,200.0,0.0,20486.0,10.0,0.0010128519497811794,0.0012400044361129403,-2.3796398639678955,0.00019603408873081207,0.0003044544719159603,0.0007069248240441084,0.03945786505937576,0.025253741070628166,223.0,0.0,0.030317844823002815,4
-353565102.0,1491730067.0,568220.0,121.0,200.0,0.0,5756.0,10.0,0.0010209031170234084,0.0012480594450607896,-2.379549741744995,0.00019819941371679306,0.0003811430651694536,0.0007405770011246204,0.03967072814702988,0.02542140893638134,223.0,0.0,0.03045518882572651,4
-353565102.0,1491730067.0,568220.0,121.0,200.0,0.0,5756.0,10.0,0.0010209031170234084,0.0012480594450607896,-2.379549741744995,0.00019819941371679306,0.0003811430651694536,0.0007405770011246204,0.03967072814702988,0.02542140893638134,223.0,0.0,0.03045518882572651,4
-353565102.0,1491730067.0,568220.0,121.0,200.0,0.0,5756.0,10.0,0.0010209031170234084,0.0012480594450607896,-2.379549741744995,0.00019819941371679306,0.0003811430651694536,0.0007405770011246204,0.03967072814702988,0.02542140893638134,223.0,0.0,0.03045518882572651,4
-353565102.0,1491730067.0,568220.0,121.0,200.0,0.0,9607.0,10.0,0.0010193828493356705,0.0012405567103996873,-2.379464864730835,0.0003173896111547947,0.0004207391757518053,0.0006348262540996075,0.03944149613380432,0.02526111528277397,223.0,0.0,0.03029039315879345,4
-353565102.0,1491730067.0,568220.0,121.0,200.0,0.0,9607.0,10.0,0.0010193828493356705,0.0012405567103996873,-2.379464864730835,0.0003173896111547947,0.0004207391757518053,0.0006348262540996075,0.03944149613380432,0.02526111528277397,223.0,0.0,0.03029039315879345,4
-353565102.0,1491730067.0,568220.0,121.0,200.0,0.0,9381.0,10.0,0.0010186731815338135,0.001239048084244132,-2.379380941390991,0.0002540331333875656,0.0003339359536767006,0.0006664034444838762,0.0393514521420002,0.025386709719896317,223.0,0.0,0.030067453160881996,4
-353565102.0,1491730067.0,568220.0,121.0,200.0,0.0,9381.0,10.0,0.0010186731815338135,0.001239048084244132,-2.379380941390991,0.0002540331333875656,0.0003339359536767006,0.0006664034444838762,0.0393514521420002,0.025386709719896317,223.0,0.0,0.030067453160881996,4
-353565102.0,1491730067.0,568220.0,121.0,200.0,0.0,8747.0,10.0,0.0010223822901025414,0.0012396109523251653,-2.37929630279541,0.0002714032307267189,0.00034181447699666023,0.0007633569184690714,0.039299122989177704,0.02549934573471546,223.0,0.0,0.02990325354039669,4
-353565102.0,1491730067.0,568220.0,121.0,200.0,0.0,8747.0,10.0,0.0010223822901025414,0.0012396109523251653,-2.37929630279541,0.0002714032307267189,0.00034181447699666023,0.0007633569184690714,0.039299122989177704,0.02549934573471546,223.0,0.0,0.02990325354039669,4
-353565102.0,1491730067.0,568220.0,121.0,200.0,0.0,8631.0,10.0,0.0010295991087332368,0.0012398473918437958,-2.3792128562927246,0.00029662903398275375,0.00031508016400039196,0.0006865710020065308,0.0390605665743351,0.02555299550294876,223.0,0.0,0.029542719945311546,4
-353565102.0,1491730067.0,568220.0,121.0,200.0,0.0,8631.0,10.0,0.0010295991087332368,0.0012398473918437958,-2.3792128562927246,0.00029662903398275375,0.00031508016400039196,0.0006865710020065308,0.0390605665743351,0.02555299550294876,223.0,0.0,0.029542719945311546,4
-353565102.0,1491730067.0,568220.0,121.0,200.0,0.0,8629.0,10.0,0.0010218940442427993,0.001235154108144343,-2.3791286945343018,0.0003178520128130913,0.00037348829209804535,0.0007132443133741617,0.03838121145963669,0.025252116844058037,223.0,0.0,0.02890411950647831,4
-353565102.0,1491730067.0,568220.0,121.0,200.0,0.0,8629.0,10.0,0.0010218940442427993,0.001235154108144343,-2.3791286945343018,0.0003178520128130913,0.00037348829209804535,0.0007132443133741617,0.03838121145963669,0.025252116844058037,223.0,0.0,0.02890411950647831,4
-353565102.0,1491730067.0,568220.0,121.0,200.0,0.0,8629.0,10.0,0.0010182606056332588,0.0012341828551143408,-2.3790342807769775,0.0002405908890068531,0.00030822050757706165,0.0008237226866185665,0.0378219373524189,0.02513173222541809,223.0,0.0,0.0282647293061018,4
-353565102.0,1491730067.0,568220.0,121.0,200.0,0.0,8629.0,10.0,0.0010182606056332588,0.0012341828551143408,-2.3790342807769775,0.0002405908890068531,0.00030822050757706165,0.0008237226866185665,0.0378219373524189,0.02513173222541809,223.0,0.0,0.0282647293061018,4
-353565102.0,1491730067.0,568220.0,121.0,200.0,0.0,8629.0,10.0,0.0010214544599875808,0.0012348359450697899,-2.3789496421813965,0.00033442629501223564,0.0003210392314940691,0.0007372864056378603,0.03735467046499252,0.02513967640697956,223.0,0.0,0.02762911468744278,4
-353565102.0,1491730067.0,568220.0,121.0,200.0,0.0,8629.0,10.0,0.0010214544599875808,0.0012348359450697899,-2.3789496421813965,0.00033442629501223564,0.0003210392314940691,0.0007372864056378603,0.03735467046499252,0.02513967640697956,223.0,0.0,0.02762911468744278,4
-353565102.0,1491730067.0,568220.0,121.0,200.0,0.0,8629.0,10.0,0.001028729137033224,0.0012388275936245918,-2.3788678646087646,0.0002525085583329201,0.0002986234612762928,0.0006605538073927164,0.03675636276602745,0.025152696296572685,223.0,0.0,0.026802461594343185,4
-353565102.0,1491730067.0,568220.0,121.0,200.0,0.0,8629.0,10.0,0.001028729137033224,0.0012388275936245918,-2.3788678646087646,0.0002525085583329201,0.0002986234612762928,0.0006605538073927164,0.03675636276602745,0.025152696296572685,223.0,0.0,0.026802461594343185,4
